ISO-10303-21;
HEADER;
/* Generated by software containing ST-Developer
 * from STEP Tools, Inc. (www.steptools.com) 
 */
/* OPTION: using custom renumber hook */

FILE_DESCRIPTION(
/* description */ ('STEP AP242 Edition 2',
'CAx-IF Rec.Pracs.---Representation and Presentation of Product Manufa
cturing Information (PMI)---4.0---2014-10-13',
'CAx-IF Rec.Pracs.---3D Tessellated Geometry---0.4---2014-09-14','2;1',
'CAx-IF Rec.Pracs.---User Defined Attributes---1.5---2016-08-15'),
/* implementation_level */ '2;1');

FILE_NAME(
/* name */ 'Base',
/* time_stamp */ '2026-08-24T17:00:04Z',
/* author */ (''),
/* organization */ (''),
/* preprocessor_version */ 'ST-DEVELOPER v20',
/* originating_system */ 'ONSHAPE BY PTC INC, 1.219',
/* authorisation */ '  ');

FILE_SCHEMA (('AP242_MANAGED_MODEL_BASED_3D_ENGINEERING_MIM_LF { 1 0 10303 442 3 1 4 }'));
ENDSEC;

DATA;
#10=SHAPE_REPRESENTATION_RELATIONSHIP('','',#1574,#12);
#11=SHAPE_REPRESENTATION_RELATIONSHIP('','',#1575,#13);
#12=ADVANCED_BREP_SHAPE_REPRESENTATION('',(#1570),#2594);
#13=ADVANCED_BREP_SHAPE_REPRESENTATION('',(#1571),#2595);
#14=CYLINDRICAL_SURFACE('',#1640,0.0005);
#15=CYLINDRICAL_SURFACE('',#1642,0.0005);
#16=CYLINDRICAL_SURFACE('',#1646,0.0005);
#17=CYLINDRICAL_SURFACE('',#1648,0.0005);
#18=CYLINDRICAL_SURFACE('',#1650,0.0005);
#19=CYLINDRICAL_SURFACE('',#1652,0.0005);
#20=CYLINDRICAL_SURFACE('',#1654,0.0005);
#21=CYLINDRICAL_SURFACE('',#1656,0.0005);
#22=CYLINDRICAL_SURFACE('',#1658,0.0005);
#23=CYLINDRICAL_SURFACE('',#1660,0.0005);
#24=CYLINDRICAL_SURFACE('',#1662,0.0005);
#25=CYLINDRICAL_SURFACE('',#1664,0.0005);
#26=CYLINDRICAL_SURFACE('',#1666,0.0005);
#27=CYLINDRICAL_SURFACE('',#1668,0.0005);
#28=CYLINDRICAL_SURFACE('',#1670,0.0005);
#29=CYLINDRICAL_SURFACE('',#1672,0.0005);
#30=CYLINDRICAL_SURFACE('',#1674,0.0005);
#31=CYLINDRICAL_SURFACE('',#1676,0.0005);
#32=CYLINDRICAL_SURFACE('',#1678,0.0005);
#33=CYLINDRICAL_SURFACE('',#1680,0.0005);
#34=CYLINDRICAL_SURFACE('',#1682,0.0005);
#35=CYLINDRICAL_SURFACE('',#1684,0.0005);
#36=CYLINDRICAL_SURFACE('',#1685,0.00235);
#37=CYLINDRICAL_SURFACE('',#1686,0.00235);
#38=CYLINDRICAL_SURFACE('',#1687,0.00235);
#39=CYLINDRICAL_SURFACE('',#1688,0.00235);
#40=CYLINDRICAL_SURFACE('',#1712,0.00235);
#41=CYLINDRICAL_SURFACE('',#1713,0.00235);
#42=CYLINDRICAL_SURFACE('',#1714,0.00235);
#43=CYLINDRICAL_SURFACE('',#1715,0.00235);
#44=CIRCLE('',#1580,0.00235);
#45=CIRCLE('',#1581,0.00235);
#46=CIRCLE('',#1582,0.00235);
#47=CIRCLE('',#1583,0.00235);
#48=CIRCLE('',#1584,0.0005);
#49=CIRCLE('',#1585,0.0005);
#50=CIRCLE('',#1586,0.0005);
#51=CIRCLE('',#1587,0.0005);
#52=CIRCLE('',#1588,0.0005);
#53=CIRCLE('',#1589,0.0005);
#54=CIRCLE('',#1590,0.0005);
#55=CIRCLE('',#1591,0.0005);
#56=CIRCLE('',#1592,0.0005);
#57=CIRCLE('',#1593,0.0005);
#58=CIRCLE('',#1594,0.0005);
#59=CIRCLE('',#1595,0.0005);
#60=CIRCLE('',#1596,0.0005);
#61=CIRCLE('',#1597,0.0005);
#62=CIRCLE('',#1598,0.0005);
#63=CIRCLE('',#1599,0.0005);
#64=CIRCLE('',#1600,0.0005);
#65=CIRCLE('',#1601,0.0005);
#66=CIRCLE('',#1602,0.0005);
#67=CIRCLE('',#1603,0.0005);
#68=CIRCLE('',#1604,0.0005);
#69=CIRCLE('',#1605,0.0005);
#70=CIRCLE('',#1611,0.00235);
#71=CIRCLE('',#1612,0.00235);
#72=CIRCLE('',#1613,0.00235);
#73=CIRCLE('',#1614,0.00235);
#74=CIRCLE('',#1615,0.0005);
#75=CIRCLE('',#1616,0.0005);
#76=CIRCLE('',#1617,0.0005);
#77=CIRCLE('',#1618,0.0005);
#78=CIRCLE('',#1619,0.0005);
#79=CIRCLE('',#1620,0.0005);
#80=CIRCLE('',#1621,0.0005);
#81=CIRCLE('',#1622,0.0005);
#82=CIRCLE('',#1623,0.0005);
#83=CIRCLE('',#1624,0.0005);
#84=CIRCLE('',#1625,0.0005);
#85=CIRCLE('',#1626,0.0005);
#86=CIRCLE('',#1627,0.0005);
#87=CIRCLE('',#1628,0.0005);
#88=CIRCLE('',#1629,0.0005);
#89=CIRCLE('',#1630,0.0005);
#90=CIRCLE('',#1631,0.0005);
#91=CIRCLE('',#1632,0.0005);
#92=CIRCLE('',#1633,0.0005);
#93=CIRCLE('',#1634,0.0005);
#94=CIRCLE('',#1635,0.0005);
#95=CIRCLE('',#1636,0.0005);
#96=CIRCLE('',#1700,0.00235);
#97=CIRCLE('',#1701,0.00235);
#98=CIRCLE('',#1702,0.00235);
#99=CIRCLE('',#1703,0.00235);
#100=CIRCLE('',#1705,0.00235);
#101=CIRCLE('',#1706,0.00235);
#102=CIRCLE('',#1707,0.00235);
#103=CIRCLE('',#1708,0.00235);
#104=ORIENTED_EDGE('',*,*,#532,.T.);
#105=ORIENTED_EDGE('',*,*,#533,.T.);
#106=ORIENTED_EDGE('',*,*,#534,.T.);
#107=ORIENTED_EDGE('',*,*,#535,.F.);
#108=ORIENTED_EDGE('',*,*,#536,.F.);
#109=ORIENTED_EDGE('',*,*,#537,.T.);
#110=ORIENTED_EDGE('',*,*,#538,.T.);
#111=ORIENTED_EDGE('',*,*,#539,.F.);
#112=ORIENTED_EDGE('',*,*,#540,.T.);
#113=ORIENTED_EDGE('',*,*,#541,.T.);
#114=ORIENTED_EDGE('',*,*,#542,.T.);
#115=ORIENTED_EDGE('',*,*,#543,.T.);
#116=ORIENTED_EDGE('',*,*,#544,.T.);
#117=ORIENTED_EDGE('',*,*,#545,.T.);
#118=ORIENTED_EDGE('',*,*,#546,.T.);
#119=ORIENTED_EDGE('',*,*,#547,.T.);
#120=ORIENTED_EDGE('',*,*,#548,.T.);
#121=ORIENTED_EDGE('',*,*,#549,.T.);
#122=ORIENTED_EDGE('',*,*,#550,.T.);
#123=ORIENTED_EDGE('',*,*,#551,.T.);
#124=ORIENTED_EDGE('',*,*,#552,.T.);
#125=ORIENTED_EDGE('',*,*,#553,.T.);
#126=ORIENTED_EDGE('',*,*,#554,.T.);
#127=ORIENTED_EDGE('',*,*,#555,.T.);
#128=ORIENTED_EDGE('',*,*,#556,.T.);
#129=ORIENTED_EDGE('',*,*,#557,.T.);
#130=ORIENTED_EDGE('',*,*,#558,.T.);
#131=ORIENTED_EDGE('',*,*,#559,.T.);
#132=ORIENTED_EDGE('',*,*,#560,.T.);
#133=ORIENTED_EDGE('',*,*,#561,.T.);
#134=ORIENTED_EDGE('',*,*,#562,.T.);
#135=ORIENTED_EDGE('',*,*,#563,.T.);
#136=ORIENTED_EDGE('',*,*,#564,.T.);
#137=ORIENTED_EDGE('',*,*,#565,.T.);
#138=ORIENTED_EDGE('',*,*,#566,.T.);
#139=ORIENTED_EDGE('',*,*,#567,.T.);
#140=ORIENTED_EDGE('',*,*,#568,.T.);
#141=ORIENTED_EDGE('',*,*,#569,.T.);
#142=ORIENTED_EDGE('',*,*,#570,.T.);
#143=ORIENTED_EDGE('',*,*,#571,.T.);
#144=ORIENTED_EDGE('',*,*,#572,.T.);
#145=ORIENTED_EDGE('',*,*,#573,.T.);
#146=ORIENTED_EDGE('',*,*,#574,.T.);
#147=ORIENTED_EDGE('',*,*,#575,.T.);
#148=ORIENTED_EDGE('',*,*,#576,.T.);
#149=ORIENTED_EDGE('',*,*,#577,.T.);
#150=ORIENTED_EDGE('',*,*,#578,.T.);
#151=ORIENTED_EDGE('',*,*,#579,.T.);
#152=ORIENTED_EDGE('',*,*,#580,.T.);
#153=ORIENTED_EDGE('',*,*,#581,.T.);
#154=ORIENTED_EDGE('',*,*,#582,.T.);
#155=ORIENTED_EDGE('',*,*,#583,.T.);
#156=ORIENTED_EDGE('',*,*,#584,.T.);
#157=ORIENTED_EDGE('',*,*,#585,.T.);
#158=ORIENTED_EDGE('',*,*,#532,.F.);
#159=ORIENTED_EDGE('',*,*,#586,.F.);
#160=ORIENTED_EDGE('',*,*,#587,.F.);
#161=ORIENTED_EDGE('',*,*,#588,.T.);
#162=ORIENTED_EDGE('',*,*,#589,.T.);
#163=ORIENTED_EDGE('',*,*,#590,.F.);
#164=ORIENTED_EDGE('',*,*,#537,.F.);
#165=ORIENTED_EDGE('',*,*,#591,.T.);
#166=ORIENTED_EDGE('',*,*,#592,.F.);
#167=ORIENTED_EDGE('',*,*,#593,.T.);
#168=ORIENTED_EDGE('',*,*,#594,.T.);
#169=ORIENTED_EDGE('',*,*,#595,.T.);
#170=ORIENTED_EDGE('',*,*,#538,.F.);
#171=ORIENTED_EDGE('',*,*,#590,.T.);
#172=ORIENTED_EDGE('',*,*,#596,.T.);
#173=ORIENTED_EDGE('',*,*,#597,.F.);
#174=ORIENTED_EDGE('',*,*,#596,.F.);
#175=ORIENTED_EDGE('',*,*,#589,.F.);
#176=ORIENTED_EDGE('',*,*,#598,.T.);
#177=ORIENTED_EDGE('',*,*,#599,.T.);
#178=ORIENTED_EDGE('',*,*,#598,.F.);
#179=ORIENTED_EDGE('',*,*,#588,.F.);
#180=ORIENTED_EDGE('',*,*,#600,.T.);
#181=ORIENTED_EDGE('',*,*,#601,.T.);
#182=ORIENTED_EDGE('',*,*,#602,.F.);
#183=ORIENTED_EDGE('',*,*,#603,.F.);
#184=ORIENTED_EDGE('',*,*,#600,.F.);
#185=ORIENTED_EDGE('',*,*,#587,.T.);
#186=ORIENTED_EDGE('',*,*,#604,.F.);
#187=ORIENTED_EDGE('',*,*,#605,.F.);
#188=ORIENTED_EDGE('',*,*,#606,.T.);
#189=ORIENTED_EDGE('',*,*,#607,.T.);
#190=ORIENTED_EDGE('',*,*,#608,.F.);
#191=ORIENTED_EDGE('',*,*,#609,.F.);
#192=ORIENTED_EDGE('',*,*,#610,.F.);
#193=ORIENTED_EDGE('',*,*,#539,.T.);
#194=ORIENTED_EDGE('',*,*,#597,.T.);
#195=ORIENTED_EDGE('',*,*,#599,.F.);
#196=ORIENTED_EDGE('',*,*,#601,.F.);
#197=ORIENTED_EDGE('',*,*,#603,.T.);
#198=ORIENTED_EDGE('',*,*,#611,.F.);
#199=ORIENTED_EDGE('',*,*,#534,.F.);
#200=ORIENTED_EDGE('',*,*,#612,.T.);
#201=ORIENTED_EDGE('',*,*,#613,.F.);
#202=ORIENTED_EDGE('',*,*,#614,.F.);
#203=ORIENTED_EDGE('',*,*,#615,.F.);
#204=ORIENTED_EDGE('',*,*,#616,.F.);
#205=ORIENTED_EDGE('',*,*,#617,.F.);
#206=ORIENTED_EDGE('',*,*,#618,.T.);
#207=ORIENTED_EDGE('',*,*,#619,.F.);
#208=ORIENTED_EDGE('',*,*,#620,.T.);
#209=ORIENTED_EDGE('',*,*,#621,.F.);
#210=ORIENTED_EDGE('',*,*,#622,.F.);
#211=ORIENTED_EDGE('',*,*,#623,.F.);
#212=ORIENTED_EDGE('',*,*,#624,.F.);
#213=ORIENTED_EDGE('',*,*,#625,.F.);
#214=ORIENTED_EDGE('',*,*,#626,.T.);
#215=ORIENTED_EDGE('',*,*,#627,.F.);
#216=ORIENTED_EDGE('',*,*,#628,.T.);
#217=ORIENTED_EDGE('',*,*,#629,.F.);
#218=ORIENTED_EDGE('',*,*,#630,.F.);
#219=ORIENTED_EDGE('',*,*,#631,.F.);
#220=ORIENTED_EDGE('',*,*,#632,.F.);
#221=ORIENTED_EDGE('',*,*,#633,.F.);
#222=ORIENTED_EDGE('',*,*,#634,.T.);
#223=ORIENTED_EDGE('',*,*,#635,.F.);
#224=ORIENTED_EDGE('',*,*,#636,.T.);
#225=ORIENTED_EDGE('',*,*,#637,.F.);
#226=ORIENTED_EDGE('',*,*,#638,.F.);
#227=ORIENTED_EDGE('',*,*,#639,.F.);
#228=ORIENTED_EDGE('',*,*,#640,.F.);
#229=ORIENTED_EDGE('',*,*,#641,.F.);
#230=ORIENTED_EDGE('',*,*,#642,.T.);
#231=ORIENTED_EDGE('',*,*,#643,.F.);
#232=ORIENTED_EDGE('',*,*,#644,.T.);
#233=ORIENTED_EDGE('',*,*,#645,.F.);
#234=ORIENTED_EDGE('',*,*,#646,.F.);
#235=ORIENTED_EDGE('',*,*,#647,.F.);
#236=ORIENTED_EDGE('',*,*,#648,.F.);
#237=ORIENTED_EDGE('',*,*,#649,.F.);
#238=ORIENTED_EDGE('',*,*,#650,.T.);
#239=ORIENTED_EDGE('',*,*,#651,.F.);
#240=ORIENTED_EDGE('',*,*,#652,.T.);
#241=ORIENTED_EDGE('',*,*,#653,.F.);
#242=ORIENTED_EDGE('',*,*,#654,.F.);
#243=ORIENTED_EDGE('',*,*,#655,.F.);
#244=ORIENTED_EDGE('',*,*,#536,.T.);
#245=ORIENTED_EDGE('',*,*,#610,.T.);
#246=ORIENTED_EDGE('',*,*,#656,.F.);
#247=ORIENTED_EDGE('',*,*,#591,.F.);
#248=ORIENTED_EDGE('',*,*,#609,.T.);
#249=ORIENTED_EDGE('',*,*,#657,.T.);
#250=ORIENTED_EDGE('',*,*,#592,.T.);
#251=ORIENTED_EDGE('',*,*,#656,.T.);
#252=ORIENTED_EDGE('',*,*,#602,.T.);
#253=ORIENTED_EDGE('',*,*,#586,.T.);
#254=ORIENTED_EDGE('',*,*,#535,.T.);
#255=ORIENTED_EDGE('',*,*,#611,.T.);
#256=ORIENTED_EDGE('',*,*,#658,.T.);
#257=ORIENTED_EDGE('',*,*,#615,.T.);
#258=ORIENTED_EDGE('',*,*,#659,.F.);
#259=ORIENTED_EDGE('',*,*,#594,.F.);
#260=ORIENTED_EDGE('',*,*,#659,.T.);
#261=ORIENTED_EDGE('',*,*,#614,.T.);
#262=ORIENTED_EDGE('',*,*,#660,.F.);
#263=ORIENTED_EDGE('',*,*,#595,.F.);
#264=ORIENTED_EDGE('',*,*,#660,.T.);
#265=ORIENTED_EDGE('',*,*,#613,.T.);
#266=ORIENTED_EDGE('',*,*,#661,.F.);
#267=ORIENTED_EDGE('',*,*,#584,.F.);
#268=ORIENTED_EDGE('',*,*,#661,.T.);
#269=ORIENTED_EDGE('',*,*,#612,.F.);
#270=ORIENTED_EDGE('',*,*,#533,.F.);
#271=ORIENTED_EDGE('',*,*,#585,.F.);
#272=ORIENTED_EDGE('',*,*,#657,.F.);
#273=ORIENTED_EDGE('',*,*,#608,.T.);
#274=ORIENTED_EDGE('',*,*,#658,.F.);
#275=ORIENTED_EDGE('',*,*,#593,.F.);
#276=ORIENTED_EDGE('',*,*,#662,.T.);
#277=ORIENTED_EDGE('',*,*,#648,.T.);
#278=ORIENTED_EDGE('',*,*,#663,.F.);
#279=ORIENTED_EDGE('',*,*,#577,.F.);
#280=ORIENTED_EDGE('',*,*,#663,.T.);
#281=ORIENTED_EDGE('',*,*,#655,.T.);
#282=ORIENTED_EDGE('',*,*,#664,.F.);
#283=ORIENTED_EDGE('',*,*,#578,.F.);
#284=ORIENTED_EDGE('',*,*,#664,.T.);
#285=ORIENTED_EDGE('',*,*,#654,.T.);
#286=ORIENTED_EDGE('',*,*,#665,.F.);
#287=ORIENTED_EDGE('',*,*,#579,.F.);
#288=ORIENTED_EDGE('',*,*,#665,.T.);
#289=ORIENTED_EDGE('',*,*,#653,.T.);
#290=ORIENTED_EDGE('',*,*,#666,.F.);
#291=ORIENTED_EDGE('',*,*,#580,.F.);
#292=ORIENTED_EDGE('',*,*,#666,.T.);
#293=ORIENTED_EDGE('',*,*,#652,.F.);
#294=ORIENTED_EDGE('',*,*,#667,.F.);
#295=ORIENTED_EDGE('',*,*,#581,.F.);
#296=ORIENTED_EDGE('',*,*,#667,.T.);
#297=ORIENTED_EDGE('',*,*,#651,.T.);
#298=ORIENTED_EDGE('',*,*,#668,.F.);
#299=ORIENTED_EDGE('',*,*,#582,.F.);
#300=ORIENTED_EDGE('',*,*,#668,.T.);
#301=ORIENTED_EDGE('',*,*,#650,.F.);
#302=ORIENTED_EDGE('',*,*,#669,.F.);
#303=ORIENTED_EDGE('',*,*,#583,.F.);
#304=ORIENTED_EDGE('',*,*,#669,.T.);
#305=ORIENTED_EDGE('',*,*,#649,.T.);
#306=ORIENTED_EDGE('',*,*,#662,.F.);
#307=ORIENTED_EDGE('',*,*,#576,.F.);
#308=ORIENTED_EDGE('',*,*,#670,.T.);
#309=ORIENTED_EDGE('',*,*,#640,.T.);
#310=ORIENTED_EDGE('',*,*,#671,.F.);
#311=ORIENTED_EDGE('',*,*,#569,.F.);
#312=ORIENTED_EDGE('',*,*,#671,.T.);
#313=ORIENTED_EDGE('',*,*,#647,.T.);
#314=ORIENTED_EDGE('',*,*,#672,.F.);
#315=ORIENTED_EDGE('',*,*,#570,.F.);
#316=ORIENTED_EDGE('',*,*,#672,.T.);
#317=ORIENTED_EDGE('',*,*,#646,.T.);
#318=ORIENTED_EDGE('',*,*,#673,.F.);
#319=ORIENTED_EDGE('',*,*,#571,.F.);
#320=ORIENTED_EDGE('',*,*,#673,.T.);
#321=ORIENTED_EDGE('',*,*,#645,.T.);
#322=ORIENTED_EDGE('',*,*,#674,.F.);
#323=ORIENTED_EDGE('',*,*,#572,.F.);
#324=ORIENTED_EDGE('',*,*,#674,.T.);
#325=ORIENTED_EDGE('',*,*,#644,.F.);
#326=ORIENTED_EDGE('',*,*,#675,.F.);
#327=ORIENTED_EDGE('',*,*,#573,.F.);
#328=ORIENTED_EDGE('',*,*,#675,.T.);
#329=ORIENTED_EDGE('',*,*,#643,.T.);
#330=ORIENTED_EDGE('',*,*,#676,.F.);
#331=ORIENTED_EDGE('',*,*,#574,.F.);
#332=ORIENTED_EDGE('',*,*,#676,.T.);
#333=ORIENTED_EDGE('',*,*,#642,.F.);
#334=ORIENTED_EDGE('',*,*,#677,.F.);
#335=ORIENTED_EDGE('',*,*,#575,.F.);
#336=ORIENTED_EDGE('',*,*,#677,.T.);
#337=ORIENTED_EDGE('',*,*,#641,.T.);
#338=ORIENTED_EDGE('',*,*,#670,.F.);
#339=ORIENTED_EDGE('',*,*,#568,.F.);
#340=ORIENTED_EDGE('',*,*,#678,.T.);
#341=ORIENTED_EDGE('',*,*,#632,.T.);
#342=ORIENTED_EDGE('',*,*,#679,.F.);
#343=ORIENTED_EDGE('',*,*,#561,.F.);
#344=ORIENTED_EDGE('',*,*,#679,.T.);
#345=ORIENTED_EDGE('',*,*,#639,.T.);
#346=ORIENTED_EDGE('',*,*,#680,.F.);
#347=ORIENTED_EDGE('',*,*,#562,.F.);
#348=ORIENTED_EDGE('',*,*,#680,.T.);
#349=ORIENTED_EDGE('',*,*,#638,.T.);
#350=ORIENTED_EDGE('',*,*,#681,.F.);
#351=ORIENTED_EDGE('',*,*,#563,.F.);
#352=ORIENTED_EDGE('',*,*,#681,.T.);
#353=ORIENTED_EDGE('',*,*,#637,.T.);
#354=ORIENTED_EDGE('',*,*,#682,.F.);
#355=ORIENTED_EDGE('',*,*,#564,.F.);
#356=ORIENTED_EDGE('',*,*,#682,.T.);
#357=ORIENTED_EDGE('',*,*,#636,.F.);
#358=ORIENTED_EDGE('',*,*,#683,.F.);
#359=ORIENTED_EDGE('',*,*,#565,.F.);
#360=ORIENTED_EDGE('',*,*,#683,.T.);
#361=ORIENTED_EDGE('',*,*,#635,.T.);
#362=ORIENTED_EDGE('',*,*,#684,.F.);
#363=ORIENTED_EDGE('',*,*,#566,.F.);
#364=ORIENTED_EDGE('',*,*,#684,.T.);
#365=ORIENTED_EDGE('',*,*,#634,.F.);
#366=ORIENTED_EDGE('',*,*,#685,.F.);
#367=ORIENTED_EDGE('',*,*,#567,.F.);
#368=ORIENTED_EDGE('',*,*,#685,.T.);
#369=ORIENTED_EDGE('',*,*,#633,.T.);
#370=ORIENTED_EDGE('',*,*,#678,.F.);
#371=ORIENTED_EDGE('',*,*,#560,.F.);
#372=ORIENTED_EDGE('',*,*,#686,.T.);
#373=ORIENTED_EDGE('',*,*,#624,.T.);
#374=ORIENTED_EDGE('',*,*,#687,.F.);
#375=ORIENTED_EDGE('',*,*,#553,.F.);
#376=ORIENTED_EDGE('',*,*,#687,.T.);
#377=ORIENTED_EDGE('',*,*,#631,.T.);
#378=ORIENTED_EDGE('',*,*,#688,.F.);
#379=ORIENTED_EDGE('',*,*,#554,.F.);
#380=ORIENTED_EDGE('',*,*,#688,.T.);
#381=ORIENTED_EDGE('',*,*,#630,.T.);
#382=ORIENTED_EDGE('',*,*,#689,.F.);
#383=ORIENTED_EDGE('',*,*,#555,.F.);
#384=ORIENTED_EDGE('',*,*,#689,.T.);
#385=ORIENTED_EDGE('',*,*,#629,.T.);
#386=ORIENTED_EDGE('',*,*,#690,.F.);
#387=ORIENTED_EDGE('',*,*,#556,.F.);
#388=ORIENTED_EDGE('',*,*,#690,.T.);
#389=ORIENTED_EDGE('',*,*,#628,.F.);
#390=ORIENTED_EDGE('',*,*,#691,.F.);
#391=ORIENTED_EDGE('',*,*,#557,.F.);
#392=ORIENTED_EDGE('',*,*,#691,.T.);
#393=ORIENTED_EDGE('',*,*,#627,.T.);
#394=ORIENTED_EDGE('',*,*,#692,.F.);
#395=ORIENTED_EDGE('',*,*,#558,.F.);
#396=ORIENTED_EDGE('',*,*,#692,.T.);
#397=ORIENTED_EDGE('',*,*,#626,.F.);
#398=ORIENTED_EDGE('',*,*,#693,.F.);
#399=ORIENTED_EDGE('',*,*,#559,.F.);
#400=ORIENTED_EDGE('',*,*,#693,.T.);
#401=ORIENTED_EDGE('',*,*,#625,.T.);
#402=ORIENTED_EDGE('',*,*,#686,.F.);
#403=ORIENTED_EDGE('',*,*,#552,.F.);
#404=ORIENTED_EDGE('',*,*,#694,.T.);
#405=ORIENTED_EDGE('',*,*,#616,.T.);
#406=ORIENTED_EDGE('',*,*,#695,.F.);
#407=ORIENTED_EDGE('',*,*,#545,.F.);
#408=ORIENTED_EDGE('',*,*,#695,.T.);
#409=ORIENTED_EDGE('',*,*,#623,.T.);
#410=ORIENTED_EDGE('',*,*,#696,.F.);
#411=ORIENTED_EDGE('',*,*,#546,.F.);
#412=ORIENTED_EDGE('',*,*,#696,.T.);
#413=ORIENTED_EDGE('',*,*,#622,.T.);
#414=ORIENTED_EDGE('',*,*,#697,.F.);
#415=ORIENTED_EDGE('',*,*,#547,.F.);
#416=ORIENTED_EDGE('',*,*,#697,.T.);
#417=ORIENTED_EDGE('',*,*,#621,.T.);
#418=ORIENTED_EDGE('',*,*,#698,.F.);
#419=ORIENTED_EDGE('',*,*,#548,.F.);
#420=ORIENTED_EDGE('',*,*,#698,.T.);
#421=ORIENTED_EDGE('',*,*,#620,.F.);
#422=ORIENTED_EDGE('',*,*,#699,.F.);
#423=ORIENTED_EDGE('',*,*,#549,.F.);
#424=ORIENTED_EDGE('',*,*,#699,.T.);
#425=ORIENTED_EDGE('',*,*,#619,.T.);
#426=ORIENTED_EDGE('',*,*,#700,.F.);
#427=ORIENTED_EDGE('',*,*,#550,.F.);
#428=ORIENTED_EDGE('',*,*,#700,.T.);
#429=ORIENTED_EDGE('',*,*,#618,.F.);
#430=ORIENTED_EDGE('',*,*,#701,.F.);
#431=ORIENTED_EDGE('',*,*,#551,.F.);
#432=ORIENTED_EDGE('',*,*,#701,.T.);
#433=ORIENTED_EDGE('',*,*,#617,.T.);
#434=ORIENTED_EDGE('',*,*,#694,.F.);
#435=ORIENTED_EDGE('',*,*,#544,.F.);
#436=ORIENTED_EDGE('',*,*,#607,.F.);
#437=ORIENTED_EDGE('',*,*,#543,.F.);
#438=ORIENTED_EDGE('',*,*,#606,.F.);
#439=ORIENTED_EDGE('',*,*,#542,.F.);
#440=ORIENTED_EDGE('',*,*,#605,.T.);
#441=ORIENTED_EDGE('',*,*,#541,.F.);
#442=ORIENTED_EDGE('',*,*,#604,.T.);
#443=ORIENTED_EDGE('',*,*,#540,.F.);
#444=ORIENTED_EDGE('',*,*,#702,.F.);
#445=ORIENTED_EDGE('',*,*,#703,.F.);
#446=ORIENTED_EDGE('',*,*,#704,.T.);
#447=ORIENTED_EDGE('',*,*,#705,.F.);
#448=ORIENTED_EDGE('',*,*,#706,.T.);
#449=ORIENTED_EDGE('',*,*,#707,.T.);
#450=ORIENTED_EDGE('',*,*,#708,.F.);
#451=ORIENTED_EDGE('',*,*,#709,.F.);
#452=ORIENTED_EDGE('',*,*,#710,.T.);
#453=ORIENTED_EDGE('',*,*,#711,.T.);
#454=ORIENTED_EDGE('',*,*,#706,.F.);
#455=ORIENTED_EDGE('',*,*,#712,.F.);
#456=ORIENTED_EDGE('',*,*,#713,.F.);
#457=ORIENTED_EDGE('',*,*,#714,.T.);
#458=ORIENTED_EDGE('',*,*,#715,.T.);
#459=ORIENTED_EDGE('',*,*,#708,.T.);
#460=ORIENTED_EDGE('',*,*,#716,.F.);
#461=ORIENTED_EDGE('',*,*,#717,.T.);
#462=ORIENTED_EDGE('',*,*,#718,.T.);
#463=ORIENTED_EDGE('',*,*,#719,.F.);
#464=ORIENTED_EDGE('',*,*,#720,.F.);
#465=ORIENTED_EDGE('',*,*,#721,.F.);
#466=ORIENTED_EDGE('',*,*,#722,.T.);
#467=ORIENTED_EDGE('',*,*,#723,.F.);
#468=ORIENTED_EDGE('',*,*,#724,.T.);
#469=ORIENTED_EDGE('',*,*,#725,.T.);
#470=ORIENTED_EDGE('',*,*,#718,.F.);
#471=ORIENTED_EDGE('',*,*,#726,.F.);
#472=ORIENTED_EDGE('',*,*,#724,.F.);
#473=ORIENTED_EDGE('',*,*,#727,.F.);
#474=ORIENTED_EDGE('',*,*,#728,.T.);
#475=ORIENTED_EDGE('',*,*,#729,.T.);
#476=ORIENTED_EDGE('',*,*,#730,.T.);
#477=ORIENTED_EDGE('',*,*,#716,.T.);
#478=ORIENTED_EDGE('',*,*,#731,.F.);
#479=ORIENTED_EDGE('',*,*,#728,.F.);
#480=ORIENTED_EDGE('',*,*,#732,.F.);
#481=ORIENTED_EDGE('',*,*,#710,.F.);
#482=ORIENTED_EDGE('',*,*,#733,.T.);
#483=ORIENTED_EDGE('',*,*,#703,.T.);
#484=ORIENTED_EDGE('',*,*,#734,.F.);
#485=ORIENTED_EDGE('',*,*,#735,.F.);
#486=ORIENTED_EDGE('',*,*,#736,.F.);
#487=ORIENTED_EDGE('',*,*,#737,.F.);
#488=ORIENTED_EDGE('',*,*,#729,.F.);
#489=ORIENTED_EDGE('',*,*,#731,.T.);
#490=ORIENTED_EDGE('',*,*,#719,.T.);
#491=ORIENTED_EDGE('',*,*,#725,.F.);
#492=ORIENTED_EDGE('',*,*,#738,.T.);
#493=ORIENTED_EDGE('',*,*,#739,.T.);
#494=ORIENTED_EDGE('',*,*,#740,.T.);
#495=ORIENTED_EDGE('',*,*,#741,.T.);
#496=ORIENTED_EDGE('',*,*,#723,.T.);
#497=ORIENTED_EDGE('',*,*,#742,.T.);
#498=ORIENTED_EDGE('',*,*,#704,.F.);
#499=ORIENTED_EDGE('',*,*,#733,.F.);
#500=ORIENTED_EDGE('',*,*,#712,.T.);
#501=ORIENTED_EDGE('',*,*,#709,.T.);
#502=ORIENTED_EDGE('',*,*,#715,.F.);
#503=ORIENTED_EDGE('',*,*,#743,.F.);
#504=ORIENTED_EDGE('',*,*,#726,.T.);
#505=ORIENTED_EDGE('',*,*,#717,.F.);
#506=ORIENTED_EDGE('',*,*,#730,.F.);
#507=ORIENTED_EDGE('',*,*,#727,.T.);
#508=ORIENTED_EDGE('',*,*,#720,.T.);
#509=ORIENTED_EDGE('',*,*,#743,.T.);
#510=ORIENTED_EDGE('',*,*,#714,.F.);
#511=ORIENTED_EDGE('',*,*,#744,.F.);
#512=ORIENTED_EDGE('',*,*,#705,.T.);
#513=ORIENTED_EDGE('',*,*,#742,.F.);
#514=ORIENTED_EDGE('',*,*,#722,.F.);
#515=ORIENTED_EDGE('',*,*,#745,.T.);
#516=ORIENTED_EDGE('',*,*,#745,.F.);
#517=ORIENTED_EDGE('',*,*,#721,.T.);
#518=ORIENTED_EDGE('',*,*,#744,.T.);
#519=ORIENTED_EDGE('',*,*,#713,.T.);
#520=ORIENTED_EDGE('',*,*,#707,.F.);
#521=ORIENTED_EDGE('',*,*,#711,.F.);
#522=ORIENTED_EDGE('',*,*,#732,.T.);
#523=ORIENTED_EDGE('',*,*,#702,.T.);
#524=ORIENTED_EDGE('',*,*,#737,.T.);
#525=ORIENTED_EDGE('',*,*,#741,.F.);
#526=ORIENTED_EDGE('',*,*,#736,.T.);
#527=ORIENTED_EDGE('',*,*,#740,.F.);
#528=ORIENTED_EDGE('',*,*,#735,.T.);
#529=ORIENTED_EDGE('',*,*,#739,.F.);
#530=ORIENTED_EDGE('',*,*,#734,.T.);
#531=ORIENTED_EDGE('',*,*,#738,.F.);
#532=EDGE_CURVE('',#746,#747,#894,.T.);
#533=EDGE_CURVE('',#747,#748,#895,.T.);
#534=EDGE_CURVE('',#748,#749,#896,.F.);
#535=EDGE_CURVE('',#746,#749,#897,.T.);
#536=EDGE_CURVE('',#750,#751,#898,.T.);
#537=EDGE_CURVE('',#750,#752,#899,.T.);
#538=EDGE_CURVE('',#752,#753,#900,.T.);
#539=EDGE_CURVE('',#751,#753,#901,.F.);
#540=EDGE_CURVE('',#754,#754,#44,.T.);
#541=EDGE_CURVE('',#755,#755,#45,.T.);
#542=EDGE_CURVE('',#756,#756,#46,.T.);
#543=EDGE_CURVE('',#757,#757,#47,.T.);
#544=EDGE_CURVE('',#758,#759,#48,.T.);
#545=EDGE_CURVE('',#759,#760,#902,.T.);
#546=EDGE_CURVE('',#760,#761,#49,.T.);
#547=EDGE_CURVE('',#761,#762,#903,.T.);
#548=EDGE_CURVE('',#762,#763,#50,.T.);
#549=EDGE_CURVE('',#763,#764,#904,.F.);
#550=EDGE_CURVE('',#764,#765,#51,.T.);
#551=EDGE_CURVE('',#765,#758,#905,.F.);
#552=EDGE_CURVE('',#766,#767,#52,.T.);
#553=EDGE_CURVE('',#767,#768,#906,.T.);
#554=EDGE_CURVE('',#768,#769,#53,.T.);
#555=EDGE_CURVE('',#769,#770,#907,.T.);
#556=EDGE_CURVE('',#770,#771,#54,.T.);
#557=EDGE_CURVE('',#771,#772,#908,.F.);
#558=EDGE_CURVE('',#772,#773,#55,.T.);
#559=EDGE_CURVE('',#773,#766,#909,.F.);
#560=EDGE_CURVE('',#774,#775,#56,.T.);
#561=EDGE_CURVE('',#775,#776,#910,.T.);
#562=EDGE_CURVE('',#776,#777,#57,.T.);
#563=EDGE_CURVE('',#777,#778,#911,.T.);
#564=EDGE_CURVE('',#778,#779,#58,.T.);
#565=EDGE_CURVE('',#779,#780,#912,.F.);
#566=EDGE_CURVE('',#780,#781,#59,.T.);
#567=EDGE_CURVE('',#781,#774,#913,.F.);
#568=EDGE_CURVE('',#782,#783,#60,.T.);
#569=EDGE_CURVE('',#783,#784,#914,.T.);
#570=EDGE_CURVE('',#784,#785,#61,.T.);
#571=EDGE_CURVE('',#785,#786,#915,.T.);
#572=EDGE_CURVE('',#786,#787,#62,.T.);
#573=EDGE_CURVE('',#787,#788,#916,.F.);
#574=EDGE_CURVE('',#788,#789,#63,.T.);
#575=EDGE_CURVE('',#789,#782,#917,.F.);
#576=EDGE_CURVE('',#790,#791,#64,.T.);
#577=EDGE_CURVE('',#791,#792,#918,.T.);
#578=EDGE_CURVE('',#792,#793,#65,.T.);
#579=EDGE_CURVE('',#793,#794,#919,.T.);
#580=EDGE_CURVE('',#794,#795,#66,.T.);
#581=EDGE_CURVE('',#795,#796,#920,.F.);
#582=EDGE_CURVE('',#796,#797,#67,.T.);
#583=EDGE_CURVE('',#797,#790,#921,.F.);
#584=EDGE_CURVE('',#798,#799,#68,.T.);
#585=EDGE_CURVE('',#799,#747,#922,.F.);
#586=EDGE_CURVE('',#800,#746,#923,.T.);
#587=EDGE_CURVE('',#801,#800,#924,.T.);
#588=EDGE_CURVE('',#801,#802,#925,.T.);
#589=EDGE_CURVE('',#802,#803,#926,.T.);
#590=EDGE_CURVE('',#752,#803,#927,.T.);
#591=EDGE_CURVE('',#750,#804,#928,.T.);
#592=EDGE_CURVE('',#805,#804,#929,.T.);
#593=EDGE_CURVE('',#805,#806,#930,.T.);
#594=EDGE_CURVE('',#806,#807,#69,.T.);
#595=EDGE_CURVE('',#807,#798,#931,.T.);
#596=EDGE_CURVE('',#803,#808,#932,.T.);
#597=EDGE_CURVE('',#753,#808,#933,.F.);
#598=EDGE_CURVE('',#802,#809,#934,.T.);
#599=EDGE_CURVE('',#809,#808,#935,.F.);
#600=EDGE_CURVE('',#801,#810,#936,.T.);
#601=EDGE_CURVE('',#810,#809,#937,.F.);
#602=EDGE_CURVE('',#811,#800,#938,.F.);
#603=EDGE_CURVE('',#810,#811,#939,.F.);
#604=EDGE_CURVE('',#812,#812,#70,.T.);
#605=EDGE_CURVE('',#813,#813,#71,.T.);
#606=EDGE_CURVE('',#814,#814,#72,.T.);
#607=EDGE_CURVE('',#815,#815,#73,.T.);
#608=EDGE_CURVE('',#816,#817,#940,.T.);
#609=EDGE_CURVE('',#818,#816,#941,.F.);
#610=EDGE_CURVE('',#751,#818,#942,.T.);
#611=EDGE_CURVE('',#749,#811,#943,.F.);
#612=EDGE_CURVE('',#748,#819,#944,.T.);
#613=EDGE_CURVE('',#820,#819,#74,.T.);
#614=EDGE_CURVE('',#821,#820,#945,.T.);
#615=EDGE_CURVE('',#817,#821,#75,.T.);
#616=EDGE_CURVE('',#822,#823,#946,.T.);
#617=EDGE_CURVE('',#824,#822,#76,.T.);
#618=EDGE_CURVE('',#824,#825,#947,.T.);
#619=EDGE_CURVE('',#826,#825,#77,.T.);
#620=EDGE_CURVE('',#826,#827,#948,.T.);
#621=EDGE_CURVE('',#828,#827,#78,.T.);
#622=EDGE_CURVE('',#829,#828,#949,.T.);
#623=EDGE_CURVE('',#823,#829,#79,.T.);
#624=EDGE_CURVE('',#830,#831,#950,.T.);
#625=EDGE_CURVE('',#832,#830,#80,.T.);
#626=EDGE_CURVE('',#832,#833,#951,.T.);
#627=EDGE_CURVE('',#834,#833,#81,.T.);
#628=EDGE_CURVE('',#834,#835,#952,.T.);
#629=EDGE_CURVE('',#836,#835,#82,.T.);
#630=EDGE_CURVE('',#837,#836,#953,.T.);
#631=EDGE_CURVE('',#831,#837,#83,.T.);
#632=EDGE_CURVE('',#838,#839,#954,.T.);
#633=EDGE_CURVE('',#840,#838,#84,.T.);
#634=EDGE_CURVE('',#840,#841,#955,.T.);
#635=EDGE_CURVE('',#842,#841,#85,.T.);
#636=EDGE_CURVE('',#842,#843,#956,.T.);
#637=EDGE_CURVE('',#844,#843,#86,.T.);
#638=EDGE_CURVE('',#845,#844,#957,.T.);
#639=EDGE_CURVE('',#839,#845,#87,.T.);
#640=EDGE_CURVE('',#846,#847,#958,.T.);
#641=EDGE_CURVE('',#848,#846,#88,.T.);
#642=EDGE_CURVE('',#848,#849,#959,.T.);
#643=EDGE_CURVE('',#850,#849,#89,.T.);
#644=EDGE_CURVE('',#850,#851,#960,.T.);
#645=EDGE_CURVE('',#852,#851,#90,.T.);
#646=EDGE_CURVE('',#853,#852,#961,.T.);
#647=EDGE_CURVE('',#847,#853,#91,.T.);
#648=EDGE_CURVE('',#854,#855,#962,.T.);
#649=EDGE_CURVE('',#856,#854,#92,.T.);
#650=EDGE_CURVE('',#856,#857,#963,.T.);
#651=EDGE_CURVE('',#858,#857,#93,.T.);
#652=EDGE_CURVE('',#858,#859,#964,.T.);
#653=EDGE_CURVE('',#860,#859,#94,.T.);
#654=EDGE_CURVE('',#861,#860,#965,.T.);
#655=EDGE_CURVE('',#855,#861,#95,.T.);
#656=EDGE_CURVE('',#804,#818,#966,.T.);
#657=EDGE_CURVE('',#816,#805,#967,.F.);
#658=EDGE_CURVE('',#806,#817,#968,.T.);
#659=EDGE_CURVE('',#807,#821,#969,.T.);
#660=EDGE_CURVE('',#798,#820,#970,.T.);
#661=EDGE_CURVE('',#799,#819,#971,.T.);
#662=EDGE_CURVE('',#791,#854,#972,.T.);
#663=EDGE_CURVE('',#792,#855,#973,.T.);
#664=EDGE_CURVE('',#793,#861,#974,.T.);
#665=EDGE_CURVE('',#794,#860,#975,.T.);
#666=EDGE_CURVE('',#795,#859,#976,.T.);
#667=EDGE_CURVE('',#796,#858,#977,.T.);
#668=EDGE_CURVE('',#797,#857,#978,.T.);
#669=EDGE_CURVE('',#790,#856,#979,.T.);
#670=EDGE_CURVE('',#783,#846,#980,.T.);
#671=EDGE_CURVE('',#784,#847,#981,.T.);
#672=EDGE_CURVE('',#785,#853,#982,.T.);
#673=EDGE_CURVE('',#786,#852,#983,.T.);
#674=EDGE_CURVE('',#787,#851,#984,.T.);
#675=EDGE_CURVE('',#788,#850,#985,.T.);
#676=EDGE_CURVE('',#789,#849,#986,.T.);
#677=EDGE_CURVE('',#782,#848,#987,.T.);
#678=EDGE_CURVE('',#775,#838,#988,.T.);
#679=EDGE_CURVE('',#776,#839,#989,.T.);
#680=EDGE_CURVE('',#777,#845,#990,.T.);
#681=EDGE_CURVE('',#778,#844,#991,.T.);
#682=EDGE_CURVE('',#779,#843,#992,.T.);
#683=EDGE_CURVE('',#780,#842,#993,.T.);
#684=EDGE_CURVE('',#781,#841,#994,.T.);
#685=EDGE_CURVE('',#774,#840,#995,.T.);
#686=EDGE_CURVE('',#767,#830,#996,.T.);
#687=EDGE_CURVE('',#768,#831,#997,.T.);
#688=EDGE_CURVE('',#769,#837,#998,.T.);
#689=EDGE_CURVE('',#770,#836,#999,.T.);
#690=EDGE_CURVE('',#771,#835,#1000,.T.);
#691=EDGE_CURVE('',#772,#834,#1001,.T.);
#692=EDGE_CURVE('',#773,#833,#1002,.T.);
#693=EDGE_CURVE('',#766,#832,#1003,.T.);
#694=EDGE_CURVE('',#759,#822,#1004,.T.);
#695=EDGE_CURVE('',#760,#823,#1005,.T.);
#696=EDGE_CURVE('',#761,#829,#1006,.T.);
#697=EDGE_CURVE('',#762,#828,#1007,.T.);
#698=EDGE_CURVE('',#763,#827,#1008,.T.);
#699=EDGE_CURVE('',#764,#826,#1009,.T.);
#700=EDGE_CURVE('',#765,#825,#1010,.T.);
#701=EDGE_CURVE('',#758,#824,#1011,.T.);
#702=EDGE_CURVE('',#862,#863,#1012,.F.);
#703=EDGE_CURVE('',#864,#862,#1013,.T.);
#704=EDGE_CURVE('',#864,#865,#1014,.F.);
#705=EDGE_CURVE('',#863,#865,#1015,.T.);
#706=EDGE_CURVE('',#866,#867,#1016,.T.);
#707=EDGE_CURVE('',#867,#868,#1017,.T.);
#708=EDGE_CURVE('',#869,#868,#1018,.T.);
#709=EDGE_CURVE('',#866,#869,#1019,.F.);
#710=EDGE_CURVE('',#870,#871,#1020,.T.);
#711=EDGE_CURVE('',#871,#867,#1021,.F.);
#712=EDGE_CURVE('',#870,#866,#1022,.F.);
#713=EDGE_CURVE('',#872,#868,#1023,.F.);
#714=EDGE_CURVE('',#872,#873,#1024,.T.);
#715=EDGE_CURVE('',#873,#869,#1025,.F.);
#716=EDGE_CURVE('',#874,#875,#1026,.T.);
#717=EDGE_CURVE('',#874,#876,#1027,.F.);
#718=EDGE_CURVE('',#876,#877,#1028,.T.);
#719=EDGE_CURVE('',#875,#877,#1029,.T.);
#720=EDGE_CURVE('',#878,#879,#1030,.T.);
#721=EDGE_CURVE('',#880,#878,#1031,.F.);
#722=EDGE_CURVE('',#880,#881,#1032,.T.);
#723=EDGE_CURVE('',#882,#881,#1033,.F.);
#724=EDGE_CURVE('',#882,#883,#1034,.T.);
#725=EDGE_CURVE('',#883,#877,#1035,.T.);
#726=EDGE_CURVE('',#879,#876,#1036,.F.);
#727=EDGE_CURVE('',#884,#882,#1037,.F.);
#728=EDGE_CURVE('',#884,#885,#1038,.T.);
#729=EDGE_CURVE('',#885,#883,#1039,.T.);
#730=EDGE_CURVE('',#884,#874,#1040,.F.);
#731=EDGE_CURVE('',#885,#875,#1041,.T.);
#732=EDGE_CURVE('',#871,#862,#1042,.T.);
#733=EDGE_CURVE('',#870,#864,#1043,.F.);
#734=EDGE_CURVE('',#886,#886,#96,.T.);
#735=EDGE_CURVE('',#887,#887,#97,.T.);
#736=EDGE_CURVE('',#888,#888,#98,.T.);
#737=EDGE_CURVE('',#889,#889,#99,.T.);
#738=EDGE_CURVE('',#890,#890,#100,.T.);
#739=EDGE_CURVE('',#891,#891,#101,.T.);
#740=EDGE_CURVE('',#892,#892,#102,.T.);
#741=EDGE_CURVE('',#893,#893,#103,.T.);
#742=EDGE_CURVE('',#881,#865,#1044,.T.);
#743=EDGE_CURVE('',#879,#873,#1045,.T.);
#744=EDGE_CURVE('',#878,#872,#1046,.F.);
#745=EDGE_CURVE('',#880,#863,#1047,.F.);
#746=VERTEX_POINT('',#2153);
#747=VERTEX_POINT('',#2154);
#748=VERTEX_POINT('',#2156);
#749=VERTEX_POINT('',#2158);
#750=VERTEX_POINT('',#2162);
#751=VERTEX_POINT('',#2163);
#752=VERTEX_POINT('',#2165);
#753=VERTEX_POINT('',#2167);
#754=VERTEX_POINT('',#2171);
#755=VERTEX_POINT('',#2173);
#756=VERTEX_POINT('',#2175);
#757=VERTEX_POINT('',#2177);
#758=VERTEX_POINT('',#2179);
#759=VERTEX_POINT('',#2180);
#760=VERTEX_POINT('',#2182);
#761=VERTEX_POINT('',#2184);
#762=VERTEX_POINT('',#2186);
#763=VERTEX_POINT('',#2188);
#764=VERTEX_POINT('',#2190);
#765=VERTEX_POINT('',#2192);
#766=VERTEX_POINT('',#2195);
#767=VERTEX_POINT('',#2196);
#768=VERTEX_POINT('',#2198);
#769=VERTEX_POINT('',#2200);
#770=VERTEX_POINT('',#2202);
#771=VERTEX_POINT('',#2204);
#772=VERTEX_POINT('',#2206);
#773=VERTEX_POINT('',#2208);
#774=VERTEX_POINT('',#2211);
#775=VERTEX_POINT('',#2212);
#776=VERTEX_POINT('',#2214);
#777=VERTEX_POINT('',#2216);
#778=VERTEX_POINT('',#2218);
#779=VERTEX_POINT('',#2220);
#780=VERTEX_POINT('',#2222);
#781=VERTEX_POINT('',#2224);
#782=VERTEX_POINT('',#2227);
#783=VERTEX_POINT('',#2228);
#784=VERTEX_POINT('',#2230);
#785=VERTEX_POINT('',#2232);
#786=VERTEX_POINT('',#2234);
#787=VERTEX_POINT('',#2236);
#788=VERTEX_POINT('',#2238);
#789=VERTEX_POINT('',#2240);
#790=VERTEX_POINT('',#2243);
#791=VERTEX_POINT('',#2244);
#792=VERTEX_POINT('',#2246);
#793=VERTEX_POINT('',#2248);
#794=VERTEX_POINT('',#2250);
#795=VERTEX_POINT('',#2252);
#796=VERTEX_POINT('',#2254);
#797=VERTEX_POINT('',#2256);
#798=VERTEX_POINT('',#2259);
#799=VERTEX_POINT('',#2260);
#800=VERTEX_POINT('',#2263);
#801=VERTEX_POINT('',#2265);
#802=VERTEX_POINT('',#2267);
#803=VERTEX_POINT('',#2269);
#804=VERTEX_POINT('',#2272);
#805=VERTEX_POINT('',#2274);
#806=VERTEX_POINT('',#2276);
#807=VERTEX_POINT('',#2278);
#808=VERTEX_POINT('',#2282);
#809=VERTEX_POINT('',#2286);
#810=VERTEX_POINT('',#2290);
#811=VERTEX_POINT('',#2294);
#812=VERTEX_POINT('',#2298);
#813=VERTEX_POINT('',#2300);
#814=VERTEX_POINT('',#2302);
#815=VERTEX_POINT('',#2304);
#816=VERTEX_POINT('',#2306);
#817=VERTEX_POINT('',#2307);
#818=VERTEX_POINT('',#2309);
#819=VERTEX_POINT('',#2313);
#820=VERTEX_POINT('',#2315);
#821=VERTEX_POINT('',#2317);
#822=VERTEX_POINT('',#2320);
#823=VERTEX_POINT('',#2321);
#824=VERTEX_POINT('',#2323);
#825=VERTEX_POINT('',#2325);
#826=VERTEX_POINT('',#2327);
#827=VERTEX_POINT('',#2329);
#828=VERTEX_POINT('',#2331);
#829=VERTEX_POINT('',#2333);
#830=VERTEX_POINT('',#2336);
#831=VERTEX_POINT('',#2337);
#832=VERTEX_POINT('',#2339);
#833=VERTEX_POINT('',#2341);
#834=VERTEX_POINT('',#2343);
#835=VERTEX_POINT('',#2345);
#836=VERTEX_POINT('',#2347);
#837=VERTEX_POINT('',#2349);
#838=VERTEX_POINT('',#2352);
#839=VERTEX_POINT('',#2353);
#840=VERTEX_POINT('',#2355);
#841=VERTEX_POINT('',#2357);
#842=VERTEX_POINT('',#2359);
#843=VERTEX_POINT('',#2361);
#844=VERTEX_POINT('',#2363);
#845=VERTEX_POINT('',#2365);
#846=VERTEX_POINT('',#2368);
#847=VERTEX_POINT('',#2369);
#848=VERTEX_POINT('',#2371);
#849=VERTEX_POINT('',#2373);
#850=VERTEX_POINT('',#2375);
#851=VERTEX_POINT('',#2377);
#852=VERTEX_POINT('',#2379);
#853=VERTEX_POINT('',#2381);
#854=VERTEX_POINT('',#2384);
#855=VERTEX_POINT('',#2385);
#856=VERTEX_POINT('',#2387);
#857=VERTEX_POINT('',#2389);
#858=VERTEX_POINT('',#2391);
#859=VERTEX_POINT('',#2393);
#860=VERTEX_POINT('',#2395);
#861=VERTEX_POINT('',#2397);
#862=VERTEX_POINT('',#2500);
#863=VERTEX_POINT('',#2501);
#864=VERTEX_POINT('',#2503);
#865=VERTEX_POINT('',#2505);
#866=VERTEX_POINT('',#2509);
#867=VERTEX_POINT('',#2510);
#868=VERTEX_POINT('',#2512);
#869=VERTEX_POINT('',#2514);
#870=VERTEX_POINT('',#2518);
#871=VERTEX_POINT('',#2519);
#872=VERTEX_POINT('',#2524);
#873=VERTEX_POINT('',#2526);
#874=VERTEX_POINT('',#2530);
#875=VERTEX_POINT('',#2531);
#876=VERTEX_POINT('',#2533);
#877=VERTEX_POINT('',#2535);
#878=VERTEX_POINT('',#2539);
#879=VERTEX_POINT('',#2540);
#880=VERTEX_POINT('',#2542);
#881=VERTEX_POINT('',#2544);
#882=VERTEX_POINT('',#2546);
#883=VERTEX_POINT('',#2548);
#884=VERTEX_POINT('',#2553);
#885=VERTEX_POINT('',#2555);
#886=VERTEX_POINT('',#2565);
#887=VERTEX_POINT('',#2567);
#888=VERTEX_POINT('',#2569);
#889=VERTEX_POINT('',#2571);
#890=VERTEX_POINT('',#2574);
#891=VERTEX_POINT('',#2576);
#892=VERTEX_POINT('',#2578);
#893=VERTEX_POINT('',#2580);
#894=LINE('',#2152,#1048);
#895=LINE('',#2155,#1049);
#896=LINE('',#2157,#1050);
#897=LINE('',#2159,#1051);
#898=LINE('',#2161,#1052);
#899=LINE('',#2164,#1053);
#900=LINE('',#2166,#1054);
#901=LINE('',#2168,#1055);
#902=LINE('',#2181,#1056);
#903=LINE('',#2185,#1057);
#904=LINE('',#2189,#1058);
#905=LINE('',#2193,#1059);
#906=LINE('',#2197,#1060);
#907=LINE('',#2201,#1061);
#908=LINE('',#2205,#1062);
#909=LINE('',#2209,#1063);
#910=LINE('',#2213,#1064);
#911=LINE('',#2217,#1065);
#912=LINE('',#2221,#1066);
#913=LINE('',#2225,#1067);
#914=LINE('',#2229,#1068);
#915=LINE('',#2233,#1069);
#916=LINE('',#2237,#1070);
#917=LINE('',#2241,#1071);
#918=LINE('',#2245,#1072);
#919=LINE('',#2249,#1073);
#920=LINE('',#2253,#1074);
#921=LINE('',#2257,#1075);
#922=LINE('',#2261,#1076);
#923=LINE('',#2262,#1077);
#924=LINE('',#2264,#1078);
#925=LINE('',#2266,#1079);
#926=LINE('',#2268,#1080);
#927=LINE('',#2270,#1081);
#928=LINE('',#2271,#1082);
#929=LINE('',#2273,#1083);
#930=LINE('',#2275,#1084);
#931=LINE('',#2279,#1085);
#932=LINE('',#2281,#1086);
#933=LINE('',#2283,#1087);
#934=LINE('',#2285,#1088);
#935=LINE('',#2287,#1089);
#936=LINE('',#2289,#1090);
#937=LINE('',#2291,#1091);
#938=LINE('',#2293,#1092);
#939=LINE('',#2295,#1093);
#940=LINE('',#2305,#1094);
#941=LINE('',#2308,#1095);
#942=LINE('',#2310,#1096);
#943=LINE('',#2311,#1097);
#944=LINE('',#2312,#1098);
#945=LINE('',#2316,#1099);
#946=LINE('',#2319,#1100);
#947=LINE('',#2324,#1101);
#948=LINE('',#2328,#1102);
#949=LINE('',#2332,#1103);
#950=LINE('',#2335,#1104);
#951=LINE('',#2340,#1105);
#952=LINE('',#2344,#1106);
#953=LINE('',#2348,#1107);
#954=LINE('',#2351,#1108);
#955=LINE('',#2356,#1109);
#956=LINE('',#2360,#1110);
#957=LINE('',#2364,#1111);
#958=LINE('',#2367,#1112);
#959=LINE('',#2372,#1113);
#960=LINE('',#2376,#1114);
#961=LINE('',#2380,#1115);
#962=LINE('',#2383,#1116);
#963=LINE('',#2388,#1117);
#964=LINE('',#2392,#1118);
#965=LINE('',#2396,#1119);
#966=LINE('',#2400,#1120);
#967=LINE('',#2402,#1121);
#968=LINE('',#2405,#1122);
#969=LINE('',#2406,#1123);
#970=LINE('',#2408,#1124);
#971=LINE('',#2410,#1125);
#972=LINE('',#2414,#1126);
#973=LINE('',#2415,#1127);
#974=LINE('',#2417,#1128);
#975=LINE('',#2419,#1129);
#976=LINE('',#2421,#1130);
#977=LINE('',#2423,#1131);
#978=LINE('',#2425,#1132);
#979=LINE('',#2427,#1133);
#980=LINE('',#2430,#1134);
#981=LINE('',#2431,#1135);
#982=LINE('',#2433,#1136);
#983=LINE('',#2435,#1137);
#984=LINE('',#2437,#1138);
#985=LINE('',#2439,#1139);
#986=LINE('',#2441,#1140);
#987=LINE('',#2443,#1141);
#988=LINE('',#2446,#1142);
#989=LINE('',#2447,#1143);
#990=LINE('',#2449,#1144);
#991=LINE('',#2451,#1145);
#992=LINE('',#2453,#1146);
#993=LINE('',#2455,#1147);
#994=LINE('',#2457,#1148);
#995=LINE('',#2459,#1149);
#996=LINE('',#2462,#1150);
#997=LINE('',#2463,#1151);
#998=LINE('',#2465,#1152);
#999=LINE('',#2467,#1153);
#1000=LINE('',#2469,#1154);
#1001=LINE('',#2471,#1155);
#1002=LINE('',#2473,#1156);
#1003=LINE('',#2475,#1157);
#1004=LINE('',#2478,#1158);
#1005=LINE('',#2479,#1159);
#1006=LINE('',#2481,#1160);
#1007=LINE('',#2483,#1161);
#1008=LINE('',#2485,#1162);
#1009=LINE('',#2487,#1163);
#1010=LINE('',#2489,#1164);
#1011=LINE('',#2491,#1165);
#1012=LINE('',#2499,#1166);
#1013=LINE('',#2502,#1167);
#1014=LINE('',#2504,#1168);
#1015=LINE('',#2506,#1169);
#1016=LINE('',#2508,#1170);
#1017=LINE('',#2511,#1171);
#1018=LINE('',#2513,#1172);
#1019=LINE('',#2515,#1173);
#1020=LINE('',#2517,#1174);
#1021=LINE('',#2520,#1175);
#1022=LINE('',#2521,#1176);
#1023=LINE('',#2523,#1177);
#1024=LINE('',#2525,#1178);
#1025=LINE('',#2527,#1179);
#1026=LINE('',#2529,#1180);
#1027=LINE('',#2532,#1181);
#1028=LINE('',#2534,#1182);
#1029=LINE('',#2536,#1183);
#1030=LINE('',#2538,#1184);
#1031=LINE('',#2541,#1185);
#1032=LINE('',#2543,#1186);
#1033=LINE('',#2545,#1187);
#1034=LINE('',#2547,#1188);
#1035=LINE('',#2549,#1189);
#1036=LINE('',#2550,#1190);
#1037=LINE('',#2552,#1191);
#1038=LINE('',#2554,#1192);
#1039=LINE('',#2556,#1193);
#1040=LINE('',#2558,#1194);
#1041=LINE('',#2559,#1195);
#1042=LINE('',#2561,#1196);
#1043=LINE('',#2562,#1197);
#1044=LINE('',#2581,#1198);
#1045=LINE('',#2582,#1199);
#1046=LINE('',#2584,#1200);
#1047=LINE('',#2586,#1201);
#1048=VECTOR('',#1720,1.);
#1049=VECTOR('',#1721,1.);
#1050=VECTOR('',#1722,1.);
#1051=VECTOR('',#1723,1.);
#1052=VECTOR('',#1726,1.);
#1053=VECTOR('',#1727,1.);
#1054=VECTOR('',#1728,1.);
#1055=VECTOR('',#1729,1.);
#1056=VECTOR('',#1742,1.);
#1057=VECTOR('',#1745,1.);
#1058=VECTOR('',#1748,1.);
#1059=VECTOR('',#1751,1.);
#1060=VECTOR('',#1754,1.);
#1061=VECTOR('',#1757,1.);
#1062=VECTOR('',#1760,1.);
#1063=VECTOR('',#1763,1.);
#1064=VECTOR('',#1766,1.);
#1065=VECTOR('',#1769,1.);
#1066=VECTOR('',#1772,1.);
#1067=VECTOR('',#1775,1.);
#1068=VECTOR('',#1778,1.);
#1069=VECTOR('',#1781,1.);
#1070=VECTOR('',#1784,1.);
#1071=VECTOR('',#1787,1.);
#1072=VECTOR('',#1790,1.);
#1073=VECTOR('',#1793,1.);
#1074=VECTOR('',#1796,1.);
#1075=VECTOR('',#1799,1.);
#1076=VECTOR('',#1802,1.);
#1077=VECTOR('',#1803,1.);
#1078=VECTOR('',#1804,1.);
#1079=VECTOR('',#1805,1.);
#1080=VECTOR('',#1806,1.);
#1081=VECTOR('',#1807,1.);
#1082=VECTOR('',#1808,1.);
#1083=VECTOR('',#1809,1.);
#1084=VECTOR('',#1810,1.);
#1085=VECTOR('',#1813,1.);
#1086=VECTOR('',#1816,1.);
#1087=VECTOR('',#1817,1.);
#1088=VECTOR('',#1820,1.);
#1089=VECTOR('',#1821,1.);
#1090=VECTOR('',#1824,1.);
#1091=VECTOR('',#1825,1.);
#1092=VECTOR('',#1828,1.);
#1093=VECTOR('',#1829,1.);
#1094=VECTOR('',#1840,1.);
#1095=VECTOR('',#1841,1.);
#1096=VECTOR('',#1842,1.);
#1097=VECTOR('',#1843,1.);
#1098=VECTOR('',#1844,1.);
#1099=VECTOR('',#1847,1.);
#1100=VECTOR('',#1850,1.);
#1101=VECTOR('',#1853,1.);
#1102=VECTOR('',#1856,1.);
#1103=VECTOR('',#1859,1.);
#1104=VECTOR('',#1862,1.);
#1105=VECTOR('',#1865,1.);
#1106=VECTOR('',#1868,1.);
#1107=VECTOR('',#1871,1.);
#1108=VECTOR('',#1874,1.);
#1109=VECTOR('',#1877,1.);
#1110=VECTOR('',#1880,1.);
#1111=VECTOR('',#1883,1.);
#1112=VECTOR('',#1886,1.);
#1113=VECTOR('',#1889,1.);
#1114=VECTOR('',#1892,1.);
#1115=VECTOR('',#1895,1.);
#1116=VECTOR('',#1898,1.);
#1117=VECTOR('',#1901,1.);
#1118=VECTOR('',#1904,1.);
#1119=VECTOR('',#1907,1.);
#1120=VECTOR('',#1912,1.);
#1121=VECTOR('',#1915,1.);
#1122=VECTOR('',#1920,1.);
#1123=VECTOR('',#1921,1.);
#1124=VECTOR('',#1924,1.);
#1125=VECTOR('',#1927,1.);
#1126=VECTOR('',#1934,1.);
#1127=VECTOR('',#1935,1.);
#1128=VECTOR('',#1938,1.);
#1129=VECTOR('',#1941,1.);
#1130=VECTOR('',#1944,1.);
#1131=VECTOR('',#1947,1.);
#1132=VECTOR('',#1950,1.);
#1133=VECTOR('',#1953,1.);
#1134=VECTOR('',#1958,1.);
#1135=VECTOR('',#1959,1.);
#1136=VECTOR('',#1962,1.);
#1137=VECTOR('',#1965,1.);
#1138=VECTOR('',#1968,1.);
#1139=VECTOR('',#1971,1.);
#1140=VECTOR('',#1974,1.);
#1141=VECTOR('',#1977,1.);
#1142=VECTOR('',#1982,1.);
#1143=VECTOR('',#1983,1.);
#1144=VECTOR('',#1986,1.);
#1145=VECTOR('',#1989,1.);
#1146=VECTOR('',#1992,1.);
#1147=VECTOR('',#1995,1.);
#1148=VECTOR('',#1998,1.);
#1149=VECTOR('',#2001,1.);
#1150=VECTOR('',#2006,1.);
#1151=VECTOR('',#2007,1.);
#1152=VECTOR('',#2010,1.);
#1153=VECTOR('',#2013,1.);
#1154=VECTOR('',#2016,1.);
#1155=VECTOR('',#2019,1.);
#1156=VECTOR('',#2022,1.);
#1157=VECTOR('',#2025,1.);
#1158=VECTOR('',#2030,1.);
#1159=VECTOR('',#2031,1.);
#1160=VECTOR('',#2034,1.);
#1161=VECTOR('',#2037,1.);
#1162=VECTOR('',#2040,1.);
#1163=VECTOR('',#2043,1.);
#1164=VECTOR('',#2046,1.);
#1165=VECTOR('',#2049,1.);
#1166=VECTOR('',#2064,1.);
#1167=VECTOR('',#2065,1.);
#1168=VECTOR('',#2066,1.);
#1169=VECTOR('',#2067,1.);
#1170=VECTOR('',#2070,1.);
#1171=VECTOR('',#2071,1.);
#1172=VECTOR('',#2072,1.);
#1173=VECTOR('',#2073,1.);
#1174=VECTOR('',#2076,1.);
#1175=VECTOR('',#2077,1.);
#1176=VECTOR('',#2078,1.);
#1177=VECTOR('',#2081,1.);
#1178=VECTOR('',#2082,1.);
#1179=VECTOR('',#2083,1.);
#1180=VECTOR('',#2086,1.);
#1181=VECTOR('',#2087,1.);
#1182=VECTOR('',#2088,1.);
#1183=VECTOR('',#2089,1.);
#1184=VECTOR('',#2092,1.);
#1185=VECTOR('',#2093,1.);
#1186=VECTOR('',#2094,1.);
#1187=VECTOR('',#2095,1.);
#1188=VECTOR('',#2096,1.);
#1189=VECTOR('',#2097,1.);
#1190=VECTOR('',#2098,1.);
#1191=VECTOR('',#2101,1.);
#1192=VECTOR('',#2102,1.);
#1193=VECTOR('',#2103,1.);
#1194=VECTOR('',#2106,1.);
#1195=VECTOR('',#2107,1.);
#1196=VECTOR('',#2110,1.);
#1197=VECTOR('',#2111,1.);
#1198=VECTOR('',#2132,1.);
#1199=VECTOR('',#2133,1.);
#1200=VECTOR('',#2136,1.);
#1201=VECTOR('',#2139,1.);
#1202=EDGE_LOOP('',(#104,#105,#106,#107));
#1203=EDGE_LOOP('',(#108,#109,#110,#111));
#1204=EDGE_LOOP('',(#112));
#1205=EDGE_LOOP('',(#113));
#1206=EDGE_LOOP('',(#114));
#1207=EDGE_LOOP('',(#115));
#1208=EDGE_LOOP('',(#116,#117,#118,#119,#120,#121,#122,#123));
#1209=EDGE_LOOP('',(#124,#125,#126,#127,#128,#129,#130,#131));
#1210=EDGE_LOOP('',(#132,#133,#134,#135,#136,#137,#138,#139));
#1211=EDGE_LOOP('',(#140,#141,#142,#143,#144,#145,#146,#147));
#1212=EDGE_LOOP('',(#148,#149,#150,#151,#152,#153,#154,#155));
#1213=EDGE_LOOP('',(#156,#157,#158,#159,#160,#161,#162,#163,#164,#165,#166,
#167,#168,#169));
#1214=EDGE_LOOP('',(#170,#171,#172,#173));
#1215=EDGE_LOOP('',(#174,#175,#176,#177));
#1216=EDGE_LOOP('',(#178,#179,#180,#181));
#1217=EDGE_LOOP('',(#182,#183,#184,#185));
#1218=EDGE_LOOP('',(#186));
#1219=EDGE_LOOP('',(#187));
#1220=EDGE_LOOP('',(#188));
#1221=EDGE_LOOP('',(#189));
#1222=EDGE_LOOP('',(#190,#191,#192,#193,#194,#195,#196,#197,#198,#199,#200,
#201,#202,#203));
#1223=EDGE_LOOP('',(#204,#205,#206,#207,#208,#209,#210,#211));
#1224=EDGE_LOOP('',(#212,#213,#214,#215,#216,#217,#218,#219));
#1225=EDGE_LOOP('',(#220,#221,#222,#223,#224,#225,#226,#227));
#1226=EDGE_LOOP('',(#228,#229,#230,#231,#232,#233,#234,#235));
#1227=EDGE_LOOP('',(#236,#237,#238,#239,#240,#241,#242,#243));
#1228=EDGE_LOOP('',(#244,#245,#246,#247));
#1229=EDGE_LOOP('',(#248,#249,#250,#251));
#1230=EDGE_LOOP('',(#252,#253,#254,#255));
#1231=EDGE_LOOP('',(#256,#257,#258,#259));
#1232=EDGE_LOOP('',(#260,#261,#262,#263));
#1233=EDGE_LOOP('',(#264,#265,#266,#267));
#1234=EDGE_LOOP('',(#268,#269,#270,#271));
#1235=EDGE_LOOP('',(#272,#273,#274,#275));
#1236=EDGE_LOOP('',(#276,#277,#278,#279));
#1237=EDGE_LOOP('',(#280,#281,#282,#283));
#1238=EDGE_LOOP('',(#284,#285,#286,#287));
#1239=EDGE_LOOP('',(#288,#289,#290,#291));
#1240=EDGE_LOOP('',(#292,#293,#294,#295));
#1241=EDGE_LOOP('',(#296,#297,#298,#299));
#1242=EDGE_LOOP('',(#300,#301,#302,#303));
#1243=EDGE_LOOP('',(#304,#305,#306,#307));
#1244=EDGE_LOOP('',(#308,#309,#310,#311));
#1245=EDGE_LOOP('',(#312,#313,#314,#315));
#1246=EDGE_LOOP('',(#316,#317,#318,#319));
#1247=EDGE_LOOP('',(#320,#321,#322,#323));
#1248=EDGE_LOOP('',(#324,#325,#326,#327));
#1249=EDGE_LOOP('',(#328,#329,#330,#331));
#1250=EDGE_LOOP('',(#332,#333,#334,#335));
#1251=EDGE_LOOP('',(#336,#337,#338,#339));
#1252=EDGE_LOOP('',(#340,#341,#342,#343));
#1253=EDGE_LOOP('',(#344,#345,#346,#347));
#1254=EDGE_LOOP('',(#348,#349,#350,#351));
#1255=EDGE_LOOP('',(#352,#353,#354,#355));
#1256=EDGE_LOOP('',(#356,#357,#358,#359));
#1257=EDGE_LOOP('',(#360,#361,#362,#363));
#1258=EDGE_LOOP('',(#364,#365,#366,#367));
#1259=EDGE_LOOP('',(#368,#369,#370,#371));
#1260=EDGE_LOOP('',(#372,#373,#374,#375));
#1261=EDGE_LOOP('',(#376,#377,#378,#379));
#1262=EDGE_LOOP('',(#380,#381,#382,#383));
#1263=EDGE_LOOP('',(#384,#385,#386,#387));
#1264=EDGE_LOOP('',(#388,#389,#390,#391));
#1265=EDGE_LOOP('',(#392,#393,#394,#395));
#1266=EDGE_LOOP('',(#396,#397,#398,#399));
#1267=EDGE_LOOP('',(#400,#401,#402,#403));
#1268=EDGE_LOOP('',(#404,#405,#406,#407));
#1269=EDGE_LOOP('',(#408,#409,#410,#411));
#1270=EDGE_LOOP('',(#412,#413,#414,#415));
#1271=EDGE_LOOP('',(#416,#417,#418,#419));
#1272=EDGE_LOOP('',(#420,#421,#422,#423));
#1273=EDGE_LOOP('',(#424,#425,#426,#427));
#1274=EDGE_LOOP('',(#428,#429,#430,#431));
#1275=EDGE_LOOP('',(#432,#433,#434,#435));
#1276=EDGE_LOOP('',(#436));
#1277=EDGE_LOOP('',(#437));
#1278=EDGE_LOOP('',(#438));
#1279=EDGE_LOOP('',(#439));
#1280=EDGE_LOOP('',(#440));
#1281=EDGE_LOOP('',(#441));
#1282=EDGE_LOOP('',(#442));
#1283=EDGE_LOOP('',(#443));
#1284=EDGE_LOOP('',(#444,#445,#446,#447));
#1285=EDGE_LOOP('',(#448,#449,#450,#451));
#1286=EDGE_LOOP('',(#452,#453,#454,#455));
#1287=EDGE_LOOP('',(#456,#457,#458,#459));
#1288=EDGE_LOOP('',(#460,#461,#462,#463));
#1289=EDGE_LOOP('',(#464,#465,#466,#467,#468,#469,#470,#471));
#1290=EDGE_LOOP('',(#472,#473,#474,#475));
#1291=EDGE_LOOP('',(#476,#477,#478,#479));
#1292=EDGE_LOOP('',(#480,#481,#482,#483));
#1293=EDGE_LOOP('',(#484));
#1294=EDGE_LOOP('',(#485));
#1295=EDGE_LOOP('',(#486));
#1296=EDGE_LOOP('',(#487));
#1297=EDGE_LOOP('',(#488,#489,#490,#491));
#1298=EDGE_LOOP('',(#492));
#1299=EDGE_LOOP('',(#493));
#1300=EDGE_LOOP('',(#494));
#1301=EDGE_LOOP('',(#495));
#1302=EDGE_LOOP('',(#496,#497,#498,#499,#500,#501,#502,#503,#504,#505,#506,
#507));
#1303=EDGE_LOOP('',(#508,#509,#510,#511));
#1304=EDGE_LOOP('',(#512,#513,#514,#515));
#1305=EDGE_LOOP('',(#516,#517,#518,#519,#520,#521,#522,#523));
#1306=EDGE_LOOP('',(#524));
#1307=EDGE_LOOP('',(#525));
#1308=EDGE_LOOP('',(#526));
#1309=EDGE_LOOP('',(#527));
#1310=EDGE_LOOP('',(#528));
#1311=EDGE_LOOP('',(#529));
#1312=EDGE_LOOP('',(#530));
#1313=EDGE_LOOP('',(#531));
#1314=FACE_BOUND('',#1202,.T.);
#1315=FACE_BOUND('',#1203,.T.);
#1316=FACE_BOUND('',#1204,.T.);
#1317=FACE_BOUND('',#1205,.T.);
#1318=FACE_BOUND('',#1206,.T.);
#1319=FACE_BOUND('',#1207,.T.);
#1320=FACE_BOUND('',#1208,.T.);
#1321=FACE_BOUND('',#1209,.T.);
#1322=FACE_BOUND('',#1210,.T.);
#1323=FACE_BOUND('',#1211,.T.);
#1324=FACE_BOUND('',#1212,.T.);
#1325=FACE_BOUND('',#1213,.T.);
#1326=FACE_BOUND('',#1214,.T.);
#1327=FACE_BOUND('',#1215,.T.);
#1328=FACE_BOUND('',#1216,.T.);
#1329=FACE_BOUND('',#1217,.T.);
#1330=FACE_BOUND('',#1218,.T.);
#1331=FACE_BOUND('',#1219,.T.);
#1332=FACE_BOUND('',#1220,.T.);
#1333=FACE_BOUND('',#1221,.T.);
#1334=FACE_BOUND('',#1222,.T.);
#1335=FACE_BOUND('',#1223,.T.);
#1336=FACE_BOUND('',#1224,.T.);
#1337=FACE_BOUND('',#1225,.T.);
#1338=FACE_BOUND('',#1226,.T.);
#1339=FACE_BOUND('',#1227,.T.);
#1340=FACE_BOUND('',#1228,.T.);
#1341=FACE_BOUND('',#1229,.T.);
#1342=FACE_BOUND('',#1230,.T.);
#1343=FACE_BOUND('',#1231,.T.);
#1344=FACE_BOUND('',#1232,.T.);
#1345=FACE_BOUND('',#1233,.T.);
#1346=FACE_BOUND('',#1234,.T.);
#1347=FACE_BOUND('',#1235,.T.);
#1348=FACE_BOUND('',#1236,.T.);
#1349=FACE_BOUND('',#1237,.T.);
#1350=FACE_BOUND('',#1238,.T.);
#1351=FACE_BOUND('',#1239,.T.);
#1352=FACE_BOUND('',#1240,.T.);
#1353=FACE_BOUND('',#1241,.T.);
#1354=FACE_BOUND('',#1242,.T.);
#1355=FACE_BOUND('',#1243,.T.);
#1356=FACE_BOUND('',#1244,.T.);
#1357=FACE_BOUND('',#1245,.T.);
#1358=FACE_BOUND('',#1246,.T.);
#1359=FACE_BOUND('',#1247,.T.);
#1360=FACE_BOUND('',#1248,.T.);
#1361=FACE_BOUND('',#1249,.T.);
#1362=FACE_BOUND('',#1250,.T.);
#1363=FACE_BOUND('',#1251,.T.);
#1364=FACE_BOUND('',#1252,.T.);
#1365=FACE_BOUND('',#1253,.T.);
#1366=FACE_BOUND('',#1254,.T.);
#1367=FACE_BOUND('',#1255,.T.);
#1368=FACE_BOUND('',#1256,.T.);
#1369=FACE_BOUND('',#1257,.T.);
#1370=FACE_BOUND('',#1258,.T.);
#1371=FACE_BOUND('',#1259,.T.);
#1372=FACE_BOUND('',#1260,.T.);
#1373=FACE_BOUND('',#1261,.T.);
#1374=FACE_BOUND('',#1262,.T.);
#1375=FACE_BOUND('',#1263,.T.);
#1376=FACE_BOUND('',#1264,.T.);
#1377=FACE_BOUND('',#1265,.T.);
#1378=FACE_BOUND('',#1266,.T.);
#1379=FACE_BOUND('',#1267,.T.);
#1380=FACE_BOUND('',#1268,.T.);
#1381=FACE_BOUND('',#1269,.T.);
#1382=FACE_BOUND('',#1270,.T.);
#1383=FACE_BOUND('',#1271,.T.);
#1384=FACE_BOUND('',#1272,.T.);
#1385=FACE_BOUND('',#1273,.T.);
#1386=FACE_BOUND('',#1274,.T.);
#1387=FACE_BOUND('',#1275,.T.);
#1388=FACE_BOUND('',#1276,.T.);
#1389=FACE_BOUND('',#1277,.T.);
#1390=FACE_BOUND('',#1278,.T.);
#1391=FACE_BOUND('',#1279,.T.);
#1392=FACE_BOUND('',#1280,.T.);
#1393=FACE_BOUND('',#1281,.T.);
#1394=FACE_BOUND('',#1282,.T.);
#1395=FACE_BOUND('',#1283,.T.);
#1396=FACE_BOUND('',#1284,.T.);
#1397=FACE_BOUND('',#1285,.T.);
#1398=FACE_BOUND('',#1286,.T.);
#1399=FACE_BOUND('',#1287,.T.);
#1400=FACE_BOUND('',#1288,.T.);
#1401=FACE_BOUND('',#1289,.T.);
#1402=FACE_BOUND('',#1290,.T.);
#1403=FACE_BOUND('',#1291,.T.);
#1404=FACE_BOUND('',#1292,.T.);
#1405=FACE_BOUND('',#1293,.T.);
#1406=FACE_BOUND('',#1294,.T.);
#1407=FACE_BOUND('',#1295,.T.);
#1408=FACE_BOUND('',#1296,.T.);
#1409=FACE_BOUND('',#1297,.T.);
#1410=FACE_BOUND('',#1298,.T.);
#1411=FACE_BOUND('',#1299,.T.);
#1412=FACE_BOUND('',#1300,.T.);
#1413=FACE_BOUND('',#1301,.T.);
#1414=FACE_BOUND('',#1302,.T.);
#1415=FACE_BOUND('',#1303,.T.);
#1416=FACE_BOUND('',#1304,.T.);
#1417=FACE_BOUND('',#1305,.T.);
#1418=FACE_BOUND('',#1306,.T.);
#1419=FACE_BOUND('',#1307,.T.);
#1420=FACE_BOUND('',#1308,.T.);
#1421=FACE_BOUND('',#1309,.T.);
#1422=FACE_BOUND('',#1310,.T.);
#1423=FACE_BOUND('',#1311,.T.);
#1424=FACE_BOUND('',#1312,.T.);
#1425=FACE_BOUND('',#1313,.T.);
#1426=PLANE('',#1577);
#1427=PLANE('',#1578);
#1428=PLANE('',#1579);
#1429=PLANE('',#1606);
#1430=PLANE('',#1607);
#1431=PLANE('',#1608);
#1432=PLANE('',#1609);
#1433=PLANE('',#1610);
#1434=PLANE('',#1637);
#1435=PLANE('',#1638);
#1436=PLANE('',#1639);
#1437=PLANE('',#1641);
#1438=PLANE('',#1643);
#1439=PLANE('',#1644);
#1440=PLANE('',#1645);
#1441=PLANE('',#1647);
#1442=PLANE('',#1649);
#1443=PLANE('',#1651);
#1444=PLANE('',#1653);
#1445=PLANE('',#1655);
#1446=PLANE('',#1657);
#1447=PLANE('',#1659);
#1448=PLANE('',#1661);
#1449=PLANE('',#1663);
#1450=PLANE('',#1665);
#1451=PLANE('',#1667);
#1452=PLANE('',#1669);
#1453=PLANE('',#1671);
#1454=PLANE('',#1673);
#1455=PLANE('',#1675);
#1456=PLANE('',#1677);
#1457=PLANE('',#1679);
#1458=PLANE('',#1681);
#1459=PLANE('',#1683);
#1460=PLANE('',#1690);
#1461=PLANE('',#1691);
#1462=PLANE('',#1692);
#1463=PLANE('',#1693);
#1464=PLANE('',#1694);
#1465=PLANE('',#1695);
#1466=PLANE('',#1696);
#1467=PLANE('',#1697);
#1468=PLANE('',#1698);
#1469=PLANE('',#1699);
#1470=PLANE('',#1704);
#1471=PLANE('',#1709);
#1472=PLANE('',#1710);
#1473=PLANE('',#1711);
#1474=ADVANCED_FACE('',(#1314),#1426,.T.);
#1475=ADVANCED_FACE('',(#1315),#1427,.T.);
#1476=ADVANCED_FACE('',(#1316,#1317,#1318,#1319,#1320,#1321,#1322,#1323,
#1324,#1325),#1428,.F.);
#1477=ADVANCED_FACE('',(#1326),#1429,.T.);
#1478=ADVANCED_FACE('',(#1327),#1430,.F.);
#1479=ADVANCED_FACE('',(#1328),#1431,.F.);
#1480=ADVANCED_FACE('',(#1329),#1432,.T.);
#1481=ADVANCED_FACE('',(#1330,#1331,#1332,#1333,#1334,#1335,#1336,#1337,
#1338,#1339),#1433,.T.);
#1482=ADVANCED_FACE('',(#1340),#1434,.F.);
#1483=ADVANCED_FACE('',(#1341),#1435,.T.);
#1484=ADVANCED_FACE('',(#1342),#1436,.T.);
#1485=ADVANCED_FACE('',(#1343),#14,.F.);
#1486=ADVANCED_FACE('',(#1344),#1437,.F.);
#1487=ADVANCED_FACE('',(#1345),#15,.F.);
#1488=ADVANCED_FACE('',(#1346),#1438,.T.);
#1489=ADVANCED_FACE('',(#1347),#1439,.F.);
#1490=ADVANCED_FACE('',(#1348),#1440,.F.);
#1491=ADVANCED_FACE('',(#1349),#16,.F.);
#1492=ADVANCED_FACE('',(#1350),#1441,.F.);
#1493=ADVANCED_FACE('',(#1351),#17,.F.);
#1494=ADVANCED_FACE('',(#1352),#1442,.T.);
#1495=ADVANCED_FACE('',(#1353),#18,.F.);
#1496=ADVANCED_FACE('',(#1354),#1443,.T.);
#1497=ADVANCED_FACE('',(#1355),#19,.F.);
#1498=ADVANCED_FACE('',(#1356),#1444,.F.);
#1499=ADVANCED_FACE('',(#1357),#20,.F.);
#1500=ADVANCED_FACE('',(#1358),#1445,.F.);
#1501=ADVANCED_FACE('',(#1359),#21,.F.);
#1502=ADVANCED_FACE('',(#1360),#1446,.T.);
#1503=ADVANCED_FACE('',(#1361),#22,.F.);
#1504=ADVANCED_FACE('',(#1362),#1447,.T.);
#1505=ADVANCED_FACE('',(#1363),#23,.F.);
#1506=ADVANCED_FACE('',(#1364),#1448,.F.);
#1507=ADVANCED_FACE('',(#1365),#24,.F.);
#1508=ADVANCED_FACE('',(#1366),#1449,.F.);
#1509=ADVANCED_FACE('',(#1367),#25,.F.);
#1510=ADVANCED_FACE('',(#1368),#1450,.T.);
#1511=ADVANCED_FACE('',(#1369),#26,.F.);
#1512=ADVANCED_FACE('',(#1370),#1451,.T.);
#1513=ADVANCED_FACE('',(#1371),#27,.F.);
#1514=ADVANCED_FACE('',(#1372),#1452,.F.);
#1515=ADVANCED_FACE('',(#1373),#28,.F.);
#1516=ADVANCED_FACE('',(#1374),#1453,.F.);
#1517=ADVANCED_FACE('',(#1375),#29,.F.);
#1518=ADVANCED_FACE('',(#1376),#1454,.T.);
#1519=ADVANCED_FACE('',(#1377),#30,.F.);
#1520=ADVANCED_FACE('',(#1378),#1455,.T.);
#1521=ADVANCED_FACE('',(#1379),#31,.F.);
#1522=ADVANCED_FACE('',(#1380),#1456,.F.);
#1523=ADVANCED_FACE('',(#1381),#32,.F.);
#1524=ADVANCED_FACE('',(#1382),#1457,.F.);
#1525=ADVANCED_FACE('',(#1383),#33,.F.);
#1526=ADVANCED_FACE('',(#1384),#1458,.T.);
#1527=ADVANCED_FACE('',(#1385),#34,.F.);
#1528=ADVANCED_FACE('',(#1386),#1459,.T.);
#1529=ADVANCED_FACE('',(#1387),#35,.F.);
#1530=ADVANCED_FACE('',(#1388,#1389),#36,.F.);
#1531=ADVANCED_FACE('',(#1390,#1391),#37,.F.);
#1532=ADVANCED_FACE('',(#1392,#1393),#38,.F.);
#1533=ADVANCED_FACE('',(#1394,#1395),#39,.F.);
#1534=ADVANCED_FACE('',(#1396),#1460,.T.);
#1535=ADVANCED_FACE('',(#1397),#1461,.F.);
#1536=ADVANCED_FACE('',(#1398),#1462,.F.);
#1537=ADVANCED_FACE('',(#1399),#1463,.T.);
#1538=ADVANCED_FACE('',(#1400),#1464,.T.);
#1539=ADVANCED_FACE('',(#1401),#1465,.F.);
#1540=ADVANCED_FACE('',(#1402),#1466,.F.);
#1541=ADVANCED_FACE('',(#1403),#1467,.T.);
#1542=ADVANCED_FACE('',(#1404),#1468,.T.);
#1543=ADVANCED_FACE('',(#1405,#1406,#1407,#1408,#1409),#1469,.T.);
#1544=ADVANCED_FACE('',(#1410,#1411,#1412,#1413,#1414),#1470,.F.);
#1545=ADVANCED_FACE('',(#1415),#1471,.F.);
#1546=ADVANCED_FACE('',(#1416),#1472,.T.);
#1547=ADVANCED_FACE('',(#1417),#1473,.T.);
#1548=ADVANCED_FACE('',(#1418,#1419),#40,.F.);
#1549=ADVANCED_FACE('',(#1420,#1421),#41,.F.);
#1550=ADVANCED_FACE('',(#1422,#1423),#42,.F.);
#1551=ADVANCED_FACE('',(#1424,#1425),#43,.F.);
#1552=CLOSED_SHELL('',(#1474,#1475,#1476,#1477,#1478,#1479,#1480,#1481,
#1482,#1483,#1484,#1485,#1486,#1487,#1488,#1489,#1490,#1491,#1492,#1493,
#1494,#1495,#1496,#1497,#1498,#1499,#1500,#1501,#1502,#1503,#1504,#1505,
#1506,#1507,#1508,#1509,#1510,#1511,#1512,#1513,#1514,#1515,#1516,#1517,
#1518,#1519,#1520,#1521,#1522,#1523,#1524,#1525,#1526,#1527,#1528,#1529,
#1530,#1531,#1532,#1533));
#1553=CLOSED_SHELL('',(#1534,#1535,#1536,#1537,#1538,#1539,#1540,#1541,
#1542,#1543,#1544,#1545,#1546,#1547,#1548,#1549,#1550,#1551));
#1554=STYLED_ITEM('',(#1556),#1570);
#1555=STYLED_ITEM('',(#1557),#1571);
#1556=PRESENTATION_STYLE_ASSIGNMENT((#1558));
#1557=PRESENTATION_STYLE_ASSIGNMENT((#1559));
#1558=SURFACE_STYLE_USAGE(.BOTH.,#1560);
#1559=SURFACE_STYLE_USAGE(.BOTH.,#1561);
#1560=SURFACE_SIDE_STYLE('',(#1562));
#1561=SURFACE_SIDE_STYLE('',(#1563));
#1562=SURFACE_STYLE_FILL_AREA(#1564);
#1563=SURFACE_STYLE_FILL_AREA(#1565);
#1564=FILL_AREA_STYLE('',(#1566));
#1565=FILL_AREA_STYLE('',(#1567));
#1566=FILL_AREA_STYLE_COLOUR('',#1568);
#1567=FILL_AREA_STYLE_COLOUR('',#1569);
#1568=COLOUR_RGB('',0.917647058823529,0.917647058823529,0.917647058823529);
#1569=COLOUR_RGB('',0.647058823529412,0.647058823529412,0.647058823529412);
#1570=MANIFOLD_SOLID_BREP('Lid',#1552);
#1571=MANIFOLD_SOLID_BREP('Base',#1553);
#1572=SHAPE_DEFINITION_REPRESENTATION(#2604,#1574);
#1573=SHAPE_DEFINITION_REPRESENTATION(#2605,#1575);
#1574=SHAPE_REPRESENTATION('Lid',(#1576),#2594);
#1575=SHAPE_REPRESENTATION('Base',(#1689),#2595);
#1576=AXIS2_PLACEMENT_3D('',#2150,#1716,#1717);
#1577=AXIS2_PLACEMENT_3D('',#2151,#1718,#1719);
#1578=AXIS2_PLACEMENT_3D('',#2160,#1724,#1725);
#1579=AXIS2_PLACEMENT_3D('',#2169,#1730,#1731);
#1580=AXIS2_PLACEMENT_3D('',#2170,#1732,#1733);
#1581=AXIS2_PLACEMENT_3D('',#2172,#1734,#1735);
#1582=AXIS2_PLACEMENT_3D('',#2174,#1736,#1737);
#1583=AXIS2_PLACEMENT_3D('',#2176,#1738,#1739);
#1584=AXIS2_PLACEMENT_3D('',#2178,#1740,#1741);
#1585=AXIS2_PLACEMENT_3D('',#2183,#1743,#1744);
#1586=AXIS2_PLACEMENT_3D('',#2187,#1746,#1747);
#1587=AXIS2_PLACEMENT_3D('',#2191,#1749,#1750);
#1588=AXIS2_PLACEMENT_3D('',#2194,#1752,#1753);
#1589=AXIS2_PLACEMENT_3D('',#2199,#1755,#1756);
#1590=AXIS2_PLACEMENT_3D('',#2203,#1758,#1759);
#1591=AXIS2_PLACEMENT_3D('',#2207,#1761,#1762);
#1592=AXIS2_PLACEMENT_3D('',#2210,#1764,#1765);
#1593=AXIS2_PLACEMENT_3D('',#2215,#1767,#1768);
#1594=AXIS2_PLACEMENT_3D('',#2219,#1770,#1771);
#1595=AXIS2_PLACEMENT_3D('',#2223,#1773,#1774);
#1596=AXIS2_PLACEMENT_3D('',#2226,#1776,#1777);
#1597=AXIS2_PLACEMENT_3D('',#2231,#1779,#1780);
#1598=AXIS2_PLACEMENT_3D('',#2235,#1782,#1783);
#1599=AXIS2_PLACEMENT_3D('',#2239,#1785,#1786);
#1600=AXIS2_PLACEMENT_3D('',#2242,#1788,#1789);
#1601=AXIS2_PLACEMENT_3D('',#2247,#1791,#1792);
#1602=AXIS2_PLACEMENT_3D('',#2251,#1794,#1795);
#1603=AXIS2_PLACEMENT_3D('',#2255,#1797,#1798);
#1604=AXIS2_PLACEMENT_3D('',#2258,#1800,#1801);
#1605=AXIS2_PLACEMENT_3D('',#2277,#1811,#1812);
#1606=AXIS2_PLACEMENT_3D('',#2280,#1814,#1815);
#1607=AXIS2_PLACEMENT_3D('',#2284,#1818,#1819);
#1608=AXIS2_PLACEMENT_3D('',#2288,#1822,#1823);
#1609=AXIS2_PLACEMENT_3D('',#2292,#1826,#1827);
#1610=AXIS2_PLACEMENT_3D('',#2296,#1830,#1831);
#1611=AXIS2_PLACEMENT_3D('',#2297,#1832,#1833);
#1612=AXIS2_PLACEMENT_3D('',#2299,#1834,#1835);
#1613=AXIS2_PLACEMENT_3D('',#2301,#1836,#1837);
#1614=AXIS2_PLACEMENT_3D('',#2303,#1838,#1839);
#1615=AXIS2_PLACEMENT_3D('',#2314,#1845,#1846);
#1616=AXIS2_PLACEMENT_3D('',#2318,#1848,#1849);
#1617=AXIS2_PLACEMENT_3D('',#2322,#1851,#1852);
#1618=AXIS2_PLACEMENT_3D('',#2326,#1854,#1855);
#1619=AXIS2_PLACEMENT_3D('',#2330,#1857,#1858);
#1620=AXIS2_PLACEMENT_3D('',#2334,#1860,#1861);
#1621=AXIS2_PLACEMENT_3D('',#2338,#1863,#1864);
#1622=AXIS2_PLACEMENT_3D('',#2342,#1866,#1867);
#1623=AXIS2_PLACEMENT_3D('',#2346,#1869,#1870);
#1624=AXIS2_PLACEMENT_3D('',#2350,#1872,#1873);
#1625=AXIS2_PLACEMENT_3D('',#2354,#1875,#1876);
#1626=AXIS2_PLACEMENT_3D('',#2358,#1878,#1879);
#1627=AXIS2_PLACEMENT_3D('',#2362,#1881,#1882);
#1628=AXIS2_PLACEMENT_3D('',#2366,#1884,#1885);
#1629=AXIS2_PLACEMENT_3D('',#2370,#1887,#1888);
#1630=AXIS2_PLACEMENT_3D('',#2374,#1890,#1891);
#1631=AXIS2_PLACEMENT_3D('',#2378,#1893,#1894);
#1632=AXIS2_PLACEMENT_3D('',#2382,#1896,#1897);
#1633=AXIS2_PLACEMENT_3D('',#2386,#1899,#1900);
#1634=AXIS2_PLACEMENT_3D('',#2390,#1902,#1903);
#1635=AXIS2_PLACEMENT_3D('',#2394,#1905,#1906);
#1636=AXIS2_PLACEMENT_3D('',#2398,#1908,#1909);
#1637=AXIS2_PLACEMENT_3D('',#2399,#1910,#1911);
#1638=AXIS2_PLACEMENT_3D('',#2401,#1913,#1914);
#1639=AXIS2_PLACEMENT_3D('',#2403,#1916,#1917);
#1640=AXIS2_PLACEMENT_3D('',#2404,#1918,#1919);
#1641=AXIS2_PLACEMENT_3D('',#2407,#1922,#1923);
#1642=AXIS2_PLACEMENT_3D('',#2409,#1925,#1926);
#1643=AXIS2_PLACEMENT_3D('',#2411,#1928,#1929);
#1644=AXIS2_PLACEMENT_3D('',#2412,#1930,#1931);
#1645=AXIS2_PLACEMENT_3D('',#2413,#1932,#1933);
#1646=AXIS2_PLACEMENT_3D('',#2416,#1936,#1937);
#1647=AXIS2_PLACEMENT_3D('',#2418,#1939,#1940);
#1648=AXIS2_PLACEMENT_3D('',#2420,#1942,#1943);
#1649=AXIS2_PLACEMENT_3D('',#2422,#1945,#1946);
#1650=AXIS2_PLACEMENT_3D('',#2424,#1948,#1949);
#1651=AXIS2_PLACEMENT_3D('',#2426,#1951,#1952);
#1652=AXIS2_PLACEMENT_3D('',#2428,#1954,#1955);
#1653=AXIS2_PLACEMENT_3D('',#2429,#1956,#1957);
#1654=AXIS2_PLACEMENT_3D('',#2432,#1960,#1961);
#1655=AXIS2_PLACEMENT_3D('',#2434,#1963,#1964);
#1656=AXIS2_PLACEMENT_3D('',#2436,#1966,#1967);
#1657=AXIS2_PLACEMENT_3D('',#2438,#1969,#1970);
#1658=AXIS2_PLACEMENT_3D('',#2440,#1972,#1973);
#1659=AXIS2_PLACEMENT_3D('',#2442,#1975,#1976);
#1660=AXIS2_PLACEMENT_3D('',#2444,#1978,#1979);
#1661=AXIS2_PLACEMENT_3D('',#2445,#1980,#1981);
#1662=AXIS2_PLACEMENT_3D('',#2448,#1984,#1985);
#1663=AXIS2_PLACEMENT_3D('',#2450,#1987,#1988);
#1664=AXIS2_PLACEMENT_3D('',#2452,#1990,#1991);
#1665=AXIS2_PLACEMENT_3D('',#2454,#1993,#1994);
#1666=AXIS2_PLACEMENT_3D('',#2456,#1996,#1997);
#1667=AXIS2_PLACEMENT_3D('',#2458,#1999,#2000);
#1668=AXIS2_PLACEMENT_3D('',#2460,#2002,#2003);
#1669=AXIS2_PLACEMENT_3D('',#2461,#2004,#2005);
#1670=AXIS2_PLACEMENT_3D('',#2464,#2008,#2009);
#1671=AXIS2_PLACEMENT_3D('',#2466,#2011,#2012);
#1672=AXIS2_PLACEMENT_3D('',#2468,#2014,#2015);
#1673=AXIS2_PLACEMENT_3D('',#2470,#2017,#2018);
#1674=AXIS2_PLACEMENT_3D('',#2472,#2020,#2021);
#1675=AXIS2_PLACEMENT_3D('',#2474,#2023,#2024);
#1676=AXIS2_PLACEMENT_3D('',#2476,#2026,#2027);
#1677=AXIS2_PLACEMENT_3D('',#2477,#2028,#2029);
#1678=AXIS2_PLACEMENT_3D('',#2480,#2032,#2033);
#1679=AXIS2_PLACEMENT_3D('',#2482,#2035,#2036);
#1680=AXIS2_PLACEMENT_3D('',#2484,#2038,#2039);
#1681=AXIS2_PLACEMENT_3D('',#2486,#2041,#2042);
#1682=AXIS2_PLACEMENT_3D('',#2488,#2044,#2045);
#1683=AXIS2_PLACEMENT_3D('',#2490,#2047,#2048);
#1684=AXIS2_PLACEMENT_3D('',#2492,#2050,#2051);
#1685=AXIS2_PLACEMENT_3D('',#2493,#2052,#2053);
#1686=AXIS2_PLACEMENT_3D('',#2494,#2054,#2055);
#1687=AXIS2_PLACEMENT_3D('',#2495,#2056,#2057);
#1688=AXIS2_PLACEMENT_3D('',#2496,#2058,#2059);
#1689=AXIS2_PLACEMENT_3D('',#2497,#2060,#2061);
#1690=AXIS2_PLACEMENT_3D('',#2498,#2062,#2063);
#1691=AXIS2_PLACEMENT_3D('',#2507,#2068,#2069);
#1692=AXIS2_PLACEMENT_3D('',#2516,#2074,#2075);
#1693=AXIS2_PLACEMENT_3D('',#2522,#2079,#2080);
#1694=AXIS2_PLACEMENT_3D('',#2528,#2084,#2085);
#1695=AXIS2_PLACEMENT_3D('',#2537,#2090,#2091);
#1696=AXIS2_PLACEMENT_3D('',#2551,#2099,#2100);
#1697=AXIS2_PLACEMENT_3D('',#2557,#2104,#2105);
#1698=AXIS2_PLACEMENT_3D('',#2560,#2108,#2109);
#1699=AXIS2_PLACEMENT_3D('',#2563,#2112,#2113);
#1700=AXIS2_PLACEMENT_3D('',#2564,#2114,#2115);
#1701=AXIS2_PLACEMENT_3D('',#2566,#2116,#2117);
#1702=AXIS2_PLACEMENT_3D('',#2568,#2118,#2119);
#1703=AXIS2_PLACEMENT_3D('',#2570,#2120,#2121);
#1704=AXIS2_PLACEMENT_3D('',#2572,#2122,#2123);
#1705=AXIS2_PLACEMENT_3D('',#2573,#2124,#2125);
#1706=AXIS2_PLACEMENT_3D('',#2575,#2126,#2127);
#1707=AXIS2_PLACEMENT_3D('',#2577,#2128,#2129);
#1708=AXIS2_PLACEMENT_3D('',#2579,#2130,#2131);
#1709=AXIS2_PLACEMENT_3D('',#2583,#2134,#2135);
#1710=AXIS2_PLACEMENT_3D('',#2585,#2137,#2138);
#1711=AXIS2_PLACEMENT_3D('',#2587,#2140,#2141);
#1712=AXIS2_PLACEMENT_3D('',#2588,#2142,#2143);
#1713=AXIS2_PLACEMENT_3D('',#2589,#2144,#2145);
#1714=AXIS2_PLACEMENT_3D('',#2590,#2146,#2147);
#1715=AXIS2_PLACEMENT_3D('',#2591,#2148,#2149);
#1716=DIRECTION('',(0.,0.,1.));
#1717=DIRECTION('',(1.,0.,0.));
#1718=DIRECTION('',(0.,1.,0.));
#1719=DIRECTION('',(-1.,0.,0.));
#1720=DIRECTION('',(-1.,0.,0.));
#1721=DIRECTION('',(0.,0.,1.));
#1722=DIRECTION('',(-1.,0.,0.));
#1723=DIRECTION('',(0.,0.,1.));
#1724=DIRECTION('',(0.,1.,0.));
#1725=DIRECTION('',(-1.,0.,0.));
#1726=DIRECTION('',(0.,0.,1.));
#1727=DIRECTION('',(-1.,0.,0.));
#1728=DIRECTION('',(0.,0.,1.));
#1729=DIRECTION('',(1.,0.,0.));
#1730=DIRECTION('',(0.,0.,1.));
#1731=DIRECTION('',(1.,0.,0.));
#1732=DIRECTION('',(0.,0.,1.));
#1733=DIRECTION('',(1.,0.,0.));
#1734=DIRECTION('',(0.,0.,1.));
#1735=DIRECTION('',(1.,0.,0.));
#1736=DIRECTION('',(0.,0.,1.));
#1737=DIRECTION('',(1.,0.,0.));
#1738=DIRECTION('',(0.,0.,1.));
#1739=DIRECTION('',(1.,0.,0.));
#1740=DIRECTION('',(0.,0.,1.));
#1741=DIRECTION('',(1.,0.,0.));
#1742=DIRECTION('',(0.,-1.,0.));
#1743=DIRECTION('',(0.,0.,1.));
#1744=DIRECTION('',(1.,0.,0.));
#1745=DIRECTION('',(1.,0.,0.));
#1746=DIRECTION('',(0.,0.,1.));
#1747=DIRECTION('',(1.,0.,0.));
#1748=DIRECTION('',(0.,-1.,0.));
#1749=DIRECTION('',(0.,0.,1.));
#1750=DIRECTION('',(1.,0.,0.));
#1751=DIRECTION('',(1.,0.,0.));
#1752=DIRECTION('',(0.,0.,1.));
#1753=DIRECTION('',(1.,0.,0.));
#1754=DIRECTION('',(0.,-1.,0.));
#1755=DIRECTION('',(0.,0.,1.));
#1756=DIRECTION('',(1.,0.,0.));
#1757=DIRECTION('',(1.,0.,0.));
#1758=DIRECTION('',(0.,0.,1.));
#1759=DIRECTION('',(1.,0.,0.));
#1760=DIRECTION('',(0.,-1.,0.));
#1761=DIRECTION('',(0.,0.,1.));
#1762=DIRECTION('',(1.,0.,0.));
#1763=DIRECTION('',(1.,0.,0.));
#1764=DIRECTION('',(0.,0.,1.));
#1765=DIRECTION('',(1.,0.,0.));
#1766=DIRECTION('',(0.,-1.,0.));
#1767=DIRECTION('',(0.,0.,1.));
#1768=DIRECTION('',(1.,0.,0.));
#1769=DIRECTION('',(1.,0.,0.));
#1770=DIRECTION('',(0.,0.,1.));
#1771=DIRECTION('',(1.,0.,0.));
#1772=DIRECTION('',(0.,-1.,0.));
#1773=DIRECTION('',(0.,0.,1.));
#1774=DIRECTION('',(1.,0.,0.));
#1775=DIRECTION('',(1.,0.,0.));
#1776=DIRECTION('',(0.,0.,1.));
#1777=DIRECTION('',(1.,0.,0.));
#1778=DIRECTION('',(0.,-1.,0.));
#1779=DIRECTION('',(0.,0.,1.));
#1780=DIRECTION('',(1.,0.,0.));
#1781=DIRECTION('',(1.,0.,0.));
#1782=DIRECTION('',(0.,0.,1.));
#1783=DIRECTION('',(1.,0.,0.));
#1784=DIRECTION('',(0.,-1.,0.));
#1785=DIRECTION('',(0.,0.,1.));
#1786=DIRECTION('',(1.,0.,0.));
#1787=DIRECTION('',(1.,0.,0.));
#1788=DIRECTION('',(0.,0.,1.));
#1789=DIRECTION('',(1.,0.,0.));
#1790=DIRECTION('',(0.,-1.,0.));
#1791=DIRECTION('',(0.,0.,1.));
#1792=DIRECTION('',(1.,0.,0.));
#1793=DIRECTION('',(1.,0.,0.));
#1794=DIRECTION('',(0.,0.,1.));
#1795=DIRECTION('',(1.,0.,0.));
#1796=DIRECTION('',(0.,-1.,0.));
#1797=DIRECTION('',(0.,0.,1.));
#1798=DIRECTION('',(1.,0.,0.));
#1799=DIRECTION('',(1.,0.,0.));
#1800=DIRECTION('',(0.,0.,1.));
#1801=DIRECTION('',(1.,0.,0.));
#1802=DIRECTION('',(0.,-1.,0.));
#1803=DIRECTION('',(0.,-1.,0.));
#1804=DIRECTION('',(-1.,0.,0.));
#1805=DIRECTION('',(0.,-1.,0.));
#1806=DIRECTION('',(-1.,0.,0.));
#1807=DIRECTION('',(0.,-1.,0.));
#1808=DIRECTION('',(0.,-1.,0.));
#1809=DIRECTION('',(-1.,0.,0.));
#1810=DIRECTION('',(0.,-1.,0.));
#1811=DIRECTION('',(0.,0.,1.));
#1812=DIRECTION('',(1.,0.,0.));
#1813=DIRECTION('',(1.,0.,0.));
#1814=DIRECTION('',(-1.,0.,0.));
#1815=DIRECTION('',(0.,-1.,0.));
#1816=DIRECTION('',(0.,0.,1.));
#1817=DIRECTION('',(0.,1.,0.));
#1818=DIRECTION('',(0.,1.,0.));
#1819=DIRECTION('',(-1.,0.,0.));
#1820=DIRECTION('',(0.,0.,1.));
#1821=DIRECTION('',(1.,0.,0.));
#1822=DIRECTION('',(-1.,0.,0.));
#1823=DIRECTION('',(0.,-1.,0.));
#1824=DIRECTION('',(0.,0.,1.));
#1825=DIRECTION('',(0.,1.,0.));
#1826=DIRECTION('',(0.,1.,0.));
#1827=DIRECTION('',(-1.,0.,0.));
#1828=DIRECTION('',(0.,0.,1.));
#1829=DIRECTION('',(1.,0.,0.));
#1830=DIRECTION('',(0.,0.,1.));
#1831=DIRECTION('',(1.,0.,0.));
#1832=DIRECTION('',(0.,0.,1.));
#1833=DIRECTION('',(1.,0.,0.));
#1834=DIRECTION('',(0.,0.,1.));
#1835=DIRECTION('',(1.,0.,0.));
#1836=DIRECTION('',(0.,0.,-1.));
#1837=DIRECTION('',(1.,0.,0.));
#1838=DIRECTION('',(0.,0.,-1.));
#1839=DIRECTION('',(1.,0.,0.));
#1840=DIRECTION('',(0.,-1.,0.));
#1841=DIRECTION('',(-1.,0.,0.));
#1842=DIRECTION('',(0.,-1.,0.));
#1843=DIRECTION('',(0.,-1.,0.));
#1844=DIRECTION('',(0.,-1.,0.));
#1845=DIRECTION('',(0.,0.,1.));
#1846=DIRECTION('',(1.,0.,0.));
#1847=DIRECTION('',(1.,0.,0.));
#1848=DIRECTION('',(0.,0.,1.));
#1849=DIRECTION('',(1.,0.,0.));
#1850=DIRECTION('',(0.,-1.,0.));
#1851=DIRECTION('',(0.,0.,1.));
#1852=DIRECTION('',(1.,0.,0.));
#1853=DIRECTION('',(1.,0.,0.));
#1854=DIRECTION('',(0.,0.,1.));
#1855=DIRECTION('',(1.,0.,0.));
#1856=DIRECTION('',(0.,-1.,0.));
#1857=DIRECTION('',(0.,0.,1.));
#1858=DIRECTION('',(1.,0.,0.));
#1859=DIRECTION('',(1.,0.,0.));
#1860=DIRECTION('',(0.,0.,1.));
#1861=DIRECTION('',(1.,0.,0.));
#1862=DIRECTION('',(0.,-1.,0.));
#1863=DIRECTION('',(0.,0.,1.));
#1864=DIRECTION('',(1.,0.,0.));
#1865=DIRECTION('',(1.,0.,0.));
#1866=DIRECTION('',(0.,0.,1.));
#1867=DIRECTION('',(1.,0.,0.));
#1868=DIRECTION('',(0.,-1.,0.));
#1869=DIRECTION('',(0.,0.,1.));
#1870=DIRECTION('',(1.,0.,0.));
#1871=DIRECTION('',(1.,0.,0.));
#1872=DIRECTION('',(0.,0.,1.));
#1873=DIRECTION('',(1.,0.,0.));
#1874=DIRECTION('',(0.,-1.,0.));
#1875=DIRECTION('',(0.,0.,1.));
#1876=DIRECTION('',(1.,0.,0.));
#1877=DIRECTION('',(1.,0.,0.));
#1878=DIRECTION('',(0.,0.,1.));
#1879=DIRECTION('',(1.,0.,0.));
#1880=DIRECTION('',(0.,-1.,0.));
#1881=DIRECTION('',(0.,0.,1.));
#1882=DIRECTION('',(1.,0.,0.));
#1883=DIRECTION('',(1.,0.,0.));
#1884=DIRECTION('',(0.,0.,1.));
#1885=DIRECTION('',(1.,0.,0.));
#1886=DIRECTION('',(0.,-1.,0.));
#1887=DIRECTION('',(0.,0.,1.));
#1888=DIRECTION('',(1.,0.,0.));
#1889=DIRECTION('',(1.,0.,0.));
#1890=DIRECTION('',(0.,0.,1.));
#1891=DIRECTION('',(1.,0.,0.));
#1892=DIRECTION('',(0.,-1.,0.));
#1893=DIRECTION('',(0.,0.,1.));
#1894=DIRECTION('',(1.,0.,0.));
#1895=DIRECTION('',(1.,0.,0.));
#1896=DIRECTION('',(0.,0.,1.));
#1897=DIRECTION('',(1.,0.,0.));
#1898=DIRECTION('',(0.,-1.,0.));
#1899=DIRECTION('',(0.,0.,1.));
#1900=DIRECTION('',(1.,0.,0.));
#1901=DIRECTION('',(1.,0.,0.));
#1902=DIRECTION('',(0.,0.,1.));
#1903=DIRECTION('',(1.,0.,0.));
#1904=DIRECTION('',(0.,-1.,0.));
#1905=DIRECTION('',(0.,0.,1.));
#1906=DIRECTION('',(1.,0.,0.));
#1907=DIRECTION('',(1.,0.,0.));
#1908=DIRECTION('',(0.,0.,1.));
#1909=DIRECTION('',(1.,0.,0.));
#1910=DIRECTION('',(-1.,0.,0.));
#1911=DIRECTION('',(0.,-1.,0.));
#1912=DIRECTION('',(0.,0.,1.));
#1913=DIRECTION('',(0.,1.,0.));
#1914=DIRECTION('',(-1.,0.,0.));
#1915=DIRECTION('',(0.,0.,1.));
#1916=DIRECTION('',(-1.,0.,0.));
#1917=DIRECTION('',(0.,-1.,0.));
#1918=DIRECTION('',(0.,0.,1.));
#1919=DIRECTION('',(1.,0.,0.));
#1920=DIRECTION('',(0.,0.,1.));
#1921=DIRECTION('',(0.,0.,1.));
#1922=DIRECTION('',(0.,-1.,0.));
#1923=DIRECTION('',(1.,0.,0.));
#1924=DIRECTION('',(0.,0.,1.));
#1925=DIRECTION('',(0.,0.,1.));
#1926=DIRECTION('',(1.,0.,0.));
#1927=DIRECTION('',(0.,0.,1.));
#1928=DIRECTION('',(-1.,0.,0.));
#1929=DIRECTION('',(0.,-1.,0.));
#1930=DIRECTION('',(-1.,0.,0.));
#1931=DIRECTION('',(0.,-1.,0.));
#1932=DIRECTION('',(-1.,0.,0.));
#1933=DIRECTION('',(0.,-1.,0.));
#1934=DIRECTION('',(0.,0.,1.));
#1935=DIRECTION('',(0.,0.,1.));
#1936=DIRECTION('',(0.,0.,1.));
#1937=DIRECTION('',(1.,0.,0.));
#1938=DIRECTION('',(0.,0.,1.));
#1939=DIRECTION('',(0.,-1.,0.));
#1940=DIRECTION('',(1.,0.,0.));
#1941=DIRECTION('',(0.,0.,1.));
#1942=DIRECTION('',(0.,0.,1.));
#1943=DIRECTION('',(1.,0.,0.));
#1944=DIRECTION('',(0.,0.,1.));
#1945=DIRECTION('',(-1.,0.,0.));
#1946=DIRECTION('',(0.,-1.,0.));
#1947=DIRECTION('',(0.,0.,1.));
#1948=DIRECTION('',(0.,0.,1.));
#1949=DIRECTION('',(1.,0.,0.));
#1950=DIRECTION('',(0.,0.,1.));
#1951=DIRECTION('',(0.,-1.,0.));
#1952=DIRECTION('',(1.,0.,0.));
#1953=DIRECTION('',(0.,0.,1.));
#1954=DIRECTION('',(0.,0.,1.));
#1955=DIRECTION('',(1.,0.,0.));
#1956=DIRECTION('',(-1.,0.,0.));
#1957=DIRECTION('',(0.,-1.,0.));
#1958=DIRECTION('',(0.,0.,1.));
#1959=DIRECTION('',(0.,0.,1.));
#1960=DIRECTION('',(0.,0.,1.));
#1961=DIRECTION('',(1.,0.,0.));
#1962=DIRECTION('',(0.,0.,1.));
#1963=DIRECTION('',(0.,-1.,0.));
#1964=DIRECTION('',(1.,0.,0.));
#1965=DIRECTION('',(0.,0.,1.));
#1966=DIRECTION('',(0.,0.,1.));
#1967=DIRECTION('',(1.,0.,0.));
#1968=DIRECTION('',(0.,0.,1.));
#1969=DIRECTION('',(-1.,0.,0.));
#1970=DIRECTION('',(0.,-1.,0.));
#1971=DIRECTION('',(0.,0.,1.));
#1972=DIRECTION('',(0.,0.,1.));
#1973=DIRECTION('',(1.,0.,0.));
#1974=DIRECTION('',(0.,0.,1.));
#1975=DIRECTION('',(0.,-1.,0.));
#1976=DIRECTION('',(1.,0.,0.));
#1977=DIRECTION('',(0.,0.,1.));
#1978=DIRECTION('',(0.,0.,1.));
#1979=DIRECTION('',(1.,0.,0.));
#1980=DIRECTION('',(-1.,0.,0.));
#1981=DIRECTION('',(0.,-1.,0.));
#1982=DIRECTION('',(0.,0.,1.));
#1983=DIRECTION('',(0.,0.,1.));
#1984=DIRECTION('',(0.,0.,1.));
#1985=DIRECTION('',(1.,0.,0.));
#1986=DIRECTION('',(0.,0.,1.));
#1987=DIRECTION('',(0.,-1.,0.));
#1988=DIRECTION('',(1.,0.,0.));
#1989=DIRECTION('',(0.,0.,1.));
#1990=DIRECTION('',(0.,0.,1.));
#1991=DIRECTION('',(1.,0.,0.));
#1992=DIRECTION('',(0.,0.,1.));
#1993=DIRECTION('',(-1.,0.,0.));
#1994=DIRECTION('',(0.,-1.,0.));
#1995=DIRECTION('',(0.,0.,1.));
#1996=DIRECTION('',(0.,0.,1.));
#1997=DIRECTION('',(1.,0.,0.));
#1998=DIRECTION('',(0.,0.,1.));
#1999=DIRECTION('',(0.,-1.,0.));
#2000=DIRECTION('',(1.,0.,0.));
#2001=DIRECTION('',(0.,0.,1.));
#2002=DIRECTION('',(0.,0.,1.));
#2003=DIRECTION('',(1.,0.,0.));
#2004=DIRECTION('',(-1.,0.,0.));
#2005=DIRECTION('',(0.,-1.,0.));
#2006=DIRECTION('',(0.,0.,1.));
#2007=DIRECTION('',(0.,0.,1.));
#2008=DIRECTION('',(0.,0.,1.));
#2009=DIRECTION('',(1.,0.,0.));
#2010=DIRECTION('',(0.,0.,1.));
#2011=DIRECTION('',(0.,-1.,0.));
#2012=DIRECTION('',(1.,0.,0.));
#2013=DIRECTION('',(0.,0.,1.));
#2014=DIRECTION('',(0.,0.,1.));
#2015=DIRECTION('',(1.,0.,0.));
#2016=DIRECTION('',(0.,0.,1.));
#2017=DIRECTION('',(-1.,0.,0.));
#2018=DIRECTION('',(0.,-1.,0.));
#2019=DIRECTION('',(0.,0.,1.));
#2020=DIRECTION('',(0.,0.,1.));
#2021=DIRECTION('',(1.,0.,0.));
#2022=DIRECTION('',(0.,0.,1.));
#2023=DIRECTION('',(0.,-1.,0.));
#2024=DIRECTION('',(1.,0.,0.));
#2025=DIRECTION('',(0.,0.,1.));
#2026=DIRECTION('',(0.,0.,1.));
#2027=DIRECTION('',(1.,0.,0.));
#2028=DIRECTION('',(-1.,0.,0.));
#2029=DIRECTION('',(0.,-1.,0.));
#2030=DIRECTION('',(0.,0.,1.));
#2031=DIRECTION('',(0.,0.,1.));
#2032=DIRECTION('',(0.,0.,1.));
#2033=DIRECTION('',(1.,0.,0.));
#2034=DIRECTION('',(0.,0.,1.));
#2035=DIRECTION('',(0.,-1.,0.));
#2036=DIRECTION('',(1.,0.,0.));
#2037=DIRECTION('',(0.,0.,1.));
#2038=DIRECTION('',(0.,0.,1.));
#2039=DIRECTION('',(1.,0.,0.));
#2040=DIRECTION('',(0.,0.,1.));
#2041=DIRECTION('',(-1.,0.,0.));
#2042=DIRECTION('',(0.,-1.,0.));
#2043=DIRECTION('',(0.,0.,1.));
#2044=DIRECTION('',(0.,0.,1.));
#2045=DIRECTION('',(1.,0.,0.));
#2046=DIRECTION('',(0.,0.,1.));
#2047=DIRECTION('',(0.,-1.,0.));
#2048=DIRECTION('',(1.,0.,0.));
#2049=DIRECTION('',(0.,0.,1.));
#2050=DIRECTION('',(0.,0.,1.));
#2051=DIRECTION('',(1.,0.,0.));
#2052=DIRECTION('',(0.,0.,1.));
#2053=DIRECTION('',(1.,0.,0.));
#2054=DIRECTION('',(0.,0.,1.));
#2055=DIRECTION('',(1.,0.,0.));
#2056=DIRECTION('',(0.,0.,1.));
#2057=DIRECTION('',(1.,0.,0.));
#2058=DIRECTION('',(0.,0.,1.));
#2059=DIRECTION('',(1.,0.,0.));
#2060=DIRECTION('',(0.,0.,1.));
#2061=DIRECTION('',(1.,0.,0.));
#2062=DIRECTION('',(1.19636101791504E-16,-1.,0.));
#2063=DIRECTION('',(-1.,-1.19636101791504E-16,0.));
#2064=DIRECTION('',(1.,0.,0.));
#2065=DIRECTION('',(0.,0.,-1.));
#2066=DIRECTION('',(1.,0.,0.));
#2067=DIRECTION('',(0.,0.,1.));
#2068=DIRECTION('',(-1.,0.,0.));
#2069=DIRECTION('',(0.,1.,0.));
#2070=DIRECTION('',(0.,0.,-1.));
#2071=DIRECTION('',(0.,1.,0.));
#2072=DIRECTION('',(0.,0.,-1.));
#2073=DIRECTION('',(0.,-1.,0.));
#2074=DIRECTION('',(1.19636101791504E-16,-1.,0.));
#2075=DIRECTION('',(-1.,-1.19636101791504E-16,0.));
#2076=DIRECTION('',(0.,0.,-1.));
#2077=DIRECTION('',(1.,0.,0.));
#2078=DIRECTION('',(1.,0.,0.));
#2079=DIRECTION('',(1.19636101791504E-16,-1.,0.));
#2080=DIRECTION('',(-1.,-1.19636101791504E-16,0.));
#2081=DIRECTION('',(1.,0.,0.));
#2082=DIRECTION('',(0.,0.,1.));
#2083=DIRECTION('',(1.,0.,0.));
#2084=DIRECTION('',(-1.,0.,0.));
#2085=DIRECTION('',(0.,1.,0.));
#2086=DIRECTION('',(0.,0.,-1.));
#2087=DIRECTION('',(0.,-1.,0.));
#2088=DIRECTION('',(0.,0.,-1.));
#2089=DIRECTION('',(0.,1.,0.));
#2090=DIRECTION('',(0.,-1.,0.));
#2091=DIRECTION('',(-1.,0.,0.));
#2092=DIRECTION('',(0.,0.,1.));
#2093=DIRECTION('',(1.,0.,0.));
#2094=DIRECTION('',(0.,0.,1.));
#2095=DIRECTION('',(1.,0.,0.));
#2096=DIRECTION('',(0.,0.,-1.));
#2097=DIRECTION('',(-1.,0.,0.));
#2098=DIRECTION('',(1.,0.,0.));
#2099=DIRECTION('',(-1.,0.,0.));
#2100=DIRECTION('',(0.,1.,0.));
#2101=DIRECTION('',(0.,-1.,0.));
#2102=DIRECTION('',(0.,0.,-1.));
#2103=DIRECTION('',(0.,1.,0.));
#2104=DIRECTION('',(0.,-1.,0.));
#2105=DIRECTION('',(-1.,0.,0.));
#2106=DIRECTION('',(1.,0.,0.));
#2107=DIRECTION('',(-1.,0.,0.));
#2108=DIRECTION('',(-1.,0.,0.));
#2109=DIRECTION('',(0.,1.,0.));
#2110=DIRECTION('',(0.,1.,0.));
#2111=DIRECTION('',(0.,-1.,0.));
#2112=DIRECTION('',(0.,0.,-1.));
#2113=DIRECTION('',(1.,0.,0.));
#2114=DIRECTION('',(0.,0.,-1.));
#2115=DIRECTION('',(-1.,0.,0.));
#2116=DIRECTION('',(0.,0.,-1.));
#2117=DIRECTION('',(-1.,0.,0.));
#2118=DIRECTION('',(0.,0.,-1.));
#2119=DIRECTION('',(-1.,0.,0.));
#2120=DIRECTION('',(0.,0.,-1.));
#2121=DIRECTION('',(-1.,0.,0.));
#2122=DIRECTION('',(0.,0.,-1.));
#2123=DIRECTION('',(1.,0.,0.));
#2124=DIRECTION('',(0.,0.,-1.));
#2125=DIRECTION('',(-1.,0.,0.));
#2126=DIRECTION('',(0.,0.,-1.));
#2127=DIRECTION('',(-1.,0.,0.));
#2128=DIRECTION('',(0.,0.,-1.));
#2129=DIRECTION('',(-1.,0.,0.));
#2130=DIRECTION('',(0.,0.,-1.));
#2131=DIRECTION('',(-1.,0.,0.));
#2132=DIRECTION('',(0.,-1.,0.));
#2133=DIRECTION('',(0.,-1.,0.));
#2134=DIRECTION('',(-1.,0.,0.));
#2135=DIRECTION('',(0.,-1.,0.));
#2136=DIRECTION('',(0.,1.,0.));
#2137=DIRECTION('',(-1.,0.,0.));
#2138=DIRECTION('',(0.,-1.,0.));
#2139=DIRECTION('',(0.,1.,0.));
#2140=DIRECTION('',(0.,0.,1.));
#2141=DIRECTION('',(1.,0.,0.));
#2142=DIRECTION('',(0.,0.,1.));
#2143=DIRECTION('',(1.,0.,0.));
#2144=DIRECTION('',(0.,0.,1.));
#2145=DIRECTION('',(1.,0.,0.));
#2146=DIRECTION('',(0.,0.,1.));
#2147=DIRECTION('',(1.,0.,0.));
#2148=DIRECTION('',(0.,0.,1.));
#2149=DIRECTION('',(1.,0.,0.));
#2150=CARTESIAN_POINT('',(0.,0.,0.));
#2151=CARTESIAN_POINT('',(0.,0.0107717774808407,0.0157));
#2152=CARTESIAN_POINT('',(0.,0.0107717774808407,0.0157));
#2153=CARTESIAN_POINT('',(0.00831567775458098,0.0107717774808407,0.0157));
#2154=CARTESIAN_POINT('',(0.007,0.0107717774808407,0.0157));
#2155=CARTESIAN_POINT('',(0.007,0.0107717774808407,0.0157));
#2156=CARTESIAN_POINT('',(0.007,0.0107717774808407,0.0172));
#2157=CARTESIAN_POINT('',(0.,0.0107717774808407,0.0172));
#2158=CARTESIAN_POINT('',(0.00831567775458098,0.0107717774808407,0.0172));
#2159=CARTESIAN_POINT('',(0.00831567775458098,0.0107717774808407,0.0157));
#2160=CARTESIAN_POINT('',(0.,0.0295,0.0157));
#2161=CARTESIAN_POINT('',(-0.00831567775458098,0.0295,0.0157));
#2162=CARTESIAN_POINT('',(-0.00831567775458098,0.0295,0.0157));
#2163=CARTESIAN_POINT('',(-0.00831567775458098,0.0295,0.0172));
#2164=CARTESIAN_POINT('',(0.,0.0295,0.0157));
#2165=CARTESIAN_POINT('',(-0.039,0.0295,0.0157));
#2166=CARTESIAN_POINT('',(-0.039,0.0295,0.0157));
#2167=CARTESIAN_POINT('',(-0.039,0.0295,0.0172));
#2168=CARTESIAN_POINT('',(0.,0.0295,0.0172));
#2169=CARTESIAN_POINT('',(0.,0.,0.0157));
#2170=CARTESIAN_POINT('',(-0.0331168864023139,0.0241897818626596,0.0157));
#2171=CARTESIAN_POINT('',(-0.0307668864023139,0.0241897818626596,0.0157));
#2172=CARTESIAN_POINT('',(0.0331168864023139,-0.0241897818626596,0.0157));
#2173=CARTESIAN_POINT('',(0.0354668864023139,-0.0241897818626596,0.0157));
#2174=CARTESIAN_POINT('',(-0.0331168864023139,-0.0241897818626596,0.0157));
#2175=CARTESIAN_POINT('',(-0.0307668864023139,-0.0241897818626596,0.0157));
#2176=CARTESIAN_POINT('',(0.0331168864023139,0.0241897818626596,0.0157));
#2177=CARTESIAN_POINT('',(0.0354668864023139,0.0241897818626596,0.0157));
#2178=CARTESIAN_POINT('',(0.01255,-0.003025,0.0157));
#2179=CARTESIAN_POINT('',(0.01255,-0.002525,0.0157));
#2180=CARTESIAN_POINT('',(0.01205,-0.003025,0.0157));
#2181=CARTESIAN_POINT('',(0.01205,0.,0.0157));
#2182=CARTESIAN_POINT('',(0.01205,-0.016025,0.0157));
#2183=CARTESIAN_POINT('',(0.01255,-0.016025,0.0157));
#2184=CARTESIAN_POINT('',(0.01255,-0.016525,0.0157));
#2185=CARTESIAN_POINT('',(0.,-0.016525,0.0157));
#2186=CARTESIAN_POINT('',(0.02555,-0.016525,0.0157));
#2187=CARTESIAN_POINT('',(0.02555,-0.016025,0.0157));
#2188=CARTESIAN_POINT('',(0.02605,-0.016025,0.0157));
#2189=CARTESIAN_POINT('',(0.02605,0.,0.0157));
#2190=CARTESIAN_POINT('',(0.02605,-0.003025,0.0157));
#2191=CARTESIAN_POINT('',(0.02555,-0.003025,0.0157));
#2192=CARTESIAN_POINT('',(0.02555,-0.002525,0.0157));
#2193=CARTESIAN_POINT('',(0.,-0.002525,0.0157));
#2194=CARTESIAN_POINT('',(-0.0065,-0.003025,0.0157));
#2195=CARTESIAN_POINT('',(-0.0065,-0.002525,0.0157));
#2196=CARTESIAN_POINT('',(-0.007,-0.003025,0.0157));
#2197=CARTESIAN_POINT('',(-0.007,0.,0.0157));
#2198=CARTESIAN_POINT('',(-0.007,-0.016025,0.0157));
#2199=CARTESIAN_POINT('',(-0.0065,-0.016025,0.0157));
#2200=CARTESIAN_POINT('',(-0.0065,-0.016525,0.0157));
#2201=CARTESIAN_POINT('',(0.,-0.016525,0.0157));
#2202=CARTESIAN_POINT('',(0.0065,-0.016525,0.0157));
#2203=CARTESIAN_POINT('',(0.0065,-0.016025,0.0157));
#2204=CARTESIAN_POINT('',(0.007,-0.016025,0.0157));
#2205=CARTESIAN_POINT('',(0.007,0.,0.0157));
#2206=CARTESIAN_POINT('',(0.007,-0.003025,0.0157));
#2207=CARTESIAN_POINT('',(0.0065,-0.003025,0.0157));
#2208=CARTESIAN_POINT('',(0.0065,-0.002525,0.0157));
#2209=CARTESIAN_POINT('',(0.,-0.002525,0.0157));
#2210=CARTESIAN_POINT('',(-0.02555,-0.003025,0.0157));
#2211=CARTESIAN_POINT('',(-0.02555,-0.002525,0.0157));
#2212=CARTESIAN_POINT('',(-0.02605,-0.003025,0.0157));
#2213=CARTESIAN_POINT('',(-0.02605,0.,0.0157));
#2214=CARTESIAN_POINT('',(-0.02605,-0.016025,0.0157));
#2215=CARTESIAN_POINT('',(-0.02555,-0.016025,0.0157));
#2216=CARTESIAN_POINT('',(-0.02555,-0.016525,0.0157));
#2217=CARTESIAN_POINT('',(0.,-0.016525,0.0157));
#2218=CARTESIAN_POINT('',(-0.01255,-0.016525,0.0157));
#2219=CARTESIAN_POINT('',(-0.01255,-0.016025,0.0157));
#2220=CARTESIAN_POINT('',(-0.01205,-0.016025,0.0157));
#2221=CARTESIAN_POINT('',(-0.01205,0.,0.0157));
#2222=CARTESIAN_POINT('',(-0.01205,-0.003025,0.0157));
#2223=CARTESIAN_POINT('',(-0.01255,-0.003025,0.0157));
#2224=CARTESIAN_POINT('',(-0.01255,-0.002525,0.0157));
#2225=CARTESIAN_POINT('',(0.,-0.002525,0.0157));
#2226=CARTESIAN_POINT('',(-0.02555,0.016025,0.0157));
#2227=CARTESIAN_POINT('',(-0.02555,0.016525,0.0157));
#2228=CARTESIAN_POINT('',(-0.02605,0.016025,0.0157));
#2229=CARTESIAN_POINT('',(-0.02605,0.,0.0157));
#2230=CARTESIAN_POINT('',(-0.02605,0.003025,0.0157));
#2231=CARTESIAN_POINT('',(-0.02555,0.003025,0.0157));
#2232=CARTESIAN_POINT('',(-0.02555,0.002525,0.0157));
#2233=CARTESIAN_POINT('',(0.,0.002525,0.0157));
#2234=CARTESIAN_POINT('',(-0.01255,0.002525,0.0157));
#2235=CARTESIAN_POINT('',(-0.01255,0.003025,0.0157));
#2236=CARTESIAN_POINT('',(-0.01205,0.003025,0.0157));
#2237=CARTESIAN_POINT('',(-0.01205,0.,0.0157));
#2238=CARTESIAN_POINT('',(-0.01205,0.016025,0.0157));
#2239=CARTESIAN_POINT('',(-0.01255,0.016025,0.0157));
#2240=CARTESIAN_POINT('',(-0.01255,0.016525,0.0157));
#2241=CARTESIAN_POINT('',(0.,0.016525,0.0157));
#2242=CARTESIAN_POINT('',(0.01255,0.016025,0.0157));
#2243=CARTESIAN_POINT('',(0.01255,0.016525,0.0157));
#2244=CARTESIAN_POINT('',(0.01205,0.016025,0.0157));
#2245=CARTESIAN_POINT('',(0.01205,0.,0.0157));
#2246=CARTESIAN_POINT('',(0.01205,0.003025,0.0157));
#2247=CARTESIAN_POINT('',(0.01255,0.003025,0.0157));
#2248=CARTESIAN_POINT('',(0.01255,0.002525,0.0157));
#2249=CARTESIAN_POINT('',(0.,0.002525,0.0157));
#2250=CARTESIAN_POINT('',(0.02555,0.002525,0.0157));
#2251=CARTESIAN_POINT('',(0.02555,0.003025,0.0157));
#2252=CARTESIAN_POINT('',(0.02605,0.003025,0.0157));
#2253=CARTESIAN_POINT('',(0.02605,0.,0.0157));
#2254=CARTESIAN_POINT('',(0.02605,0.016025,0.0157));
#2255=CARTESIAN_POINT('',(0.02555,0.016025,0.0157));
#2256=CARTESIAN_POINT('',(0.02555,0.016525,0.0157));
#2257=CARTESIAN_POINT('',(0.,0.016525,0.0157));
#2258=CARTESIAN_POINT('',(0.0065,0.003025,0.0157));
#2259=CARTESIAN_POINT('',(0.0065,0.002525,0.0157));
#2260=CARTESIAN_POINT('',(0.007,0.003025,0.0157));
#2261=CARTESIAN_POINT('',(0.007,0.,0.0157));
#2262=CARTESIAN_POINT('',(0.00831567775458098,0.0222716275602579,0.0157));
#2263=CARTESIAN_POINT('',(0.00831567775458098,0.0295,0.0157));
#2264=CARTESIAN_POINT('',(0.,0.0295,0.0157));
#2265=CARTESIAN_POINT('',(0.039,0.0295,0.0157));
#2266=CARTESIAN_POINT('',(0.039,0.,0.0157));
#2267=CARTESIAN_POINT('',(0.039,-0.0295,0.0157));
#2268=CARTESIAN_POINT('',(0.,-0.0295,0.0157));
#2269=CARTESIAN_POINT('',(-0.039,-0.0295,0.0157));
#2270=CARTESIAN_POINT('',(-0.039,0.,0.0157));
#2271=CARTESIAN_POINT('',(-0.00831567775458098,0.0222716275602579,0.0157));
#2272=CARTESIAN_POINT('',(-0.00831567775458098,0.0107717774808407,0.0157));
#2273=CARTESIAN_POINT('',(0.,0.0107717774808407,0.0157));
#2274=CARTESIAN_POINT('',(-0.007,0.0107717774808407,0.0157));
#2275=CARTESIAN_POINT('',(-0.007,0.,0.0157));
#2276=CARTESIAN_POINT('',(-0.007,0.003025,0.0157));
#2277=CARTESIAN_POINT('',(-0.0065,0.003025,0.0157));
#2278=CARTESIAN_POINT('',(-0.0065,0.002525,0.0157));
#2279=CARTESIAN_POINT('',(0.,0.002525,0.0157));
#2280=CARTESIAN_POINT('',(-0.039,0.,0.0157));
#2281=CARTESIAN_POINT('',(-0.039,-0.0295,0.0157));
#2282=CARTESIAN_POINT('',(-0.039,-0.0295,0.0172));
#2283=CARTESIAN_POINT('',(-0.039,0.,0.0172));
#2284=CARTESIAN_POINT('',(0.,-0.0295,0.0157));
#2285=CARTESIAN_POINT('',(0.039,-0.0295,0.0157));
#2286=CARTESIAN_POINT('',(0.039,-0.0295,0.0172));
#2287=CARTESIAN_POINT('',(0.,-0.0295,0.0172));
#2288=CARTESIAN_POINT('',(0.039,0.,0.0157));
#2289=CARTESIAN_POINT('',(0.039,0.0295,0.0157));
#2290=CARTESIAN_POINT('',(0.039,0.0295,0.0172));
#2291=CARTESIAN_POINT('',(0.039,0.,0.0172));
#2292=CARTESIAN_POINT('',(0.,0.0295,0.0157));
#2293=CARTESIAN_POINT('',(0.00831567775458098,0.0295,0.0157));
#2294=CARTESIAN_POINT('',(0.00831567775458098,0.0295,0.0172));
#2295=CARTESIAN_POINT('',(0.,0.0295,0.0172));
#2296=CARTESIAN_POINT('',(0.,0.,0.0172));
#2297=CARTESIAN_POINT('',(-0.0331168864023139,0.0241897818626596,0.0172));
#2298=CARTESIAN_POINT('',(-0.0307668864023139,0.0241897818626596,0.0172));
#2299=CARTESIAN_POINT('',(0.0331168864023139,-0.0241897818626596,0.0172));
#2300=CARTESIAN_POINT('',(0.0354668864023139,-0.0241897818626596,0.0172));
#2301=CARTESIAN_POINT('',(-0.0331168864023139,-0.0241897818626596,0.0172));
#2302=CARTESIAN_POINT('',(-0.0307668864023139,-0.0241897818626596,0.0172));
#2303=CARTESIAN_POINT('',(0.0331168864023139,0.0241897818626596,0.0172));
#2304=CARTESIAN_POINT('',(0.0354668864023139,0.0241897818626596,0.0172));
#2305=CARTESIAN_POINT('',(-0.007,0.009525,0.0172));
#2306=CARTESIAN_POINT('',(-0.007,0.0107717774808407,0.0172));
#2307=CARTESIAN_POINT('',(-0.007,0.003025,0.0172));
#2308=CARTESIAN_POINT('',(0.,0.0107717774808407,0.0172));
#2309=CARTESIAN_POINT('',(-0.00831567775458098,0.0107717774808407,0.0172));
#2310=CARTESIAN_POINT('',(-0.00831567775458098,0.,0.0172));
#2311=CARTESIAN_POINT('',(0.00831567775458098,0.,0.0172));
#2312=CARTESIAN_POINT('',(0.007,0.009525,0.0172));
#2313=CARTESIAN_POINT('',(0.007,0.003025,0.0172));
#2314=CARTESIAN_POINT('',(0.0065,0.003025,0.0172));
#2315=CARTESIAN_POINT('',(0.0065,0.002525,0.0172));
#2316=CARTESIAN_POINT('',(1.7347234759768E-18,0.002525,0.0172));
#2317=CARTESIAN_POINT('',(-0.0065,0.002525,0.0172));
#2318=CARTESIAN_POINT('',(-0.0065,0.003025,0.0172));
#2319=CARTESIAN_POINT('',(0.01205,-0.009525,0.0172));
#2320=CARTESIAN_POINT('',(0.01205,-0.003025,0.0172));
#2321=CARTESIAN_POINT('',(0.01205,-0.016025,0.0172));
#2322=CARTESIAN_POINT('',(0.01255,-0.003025,0.0172));
#2323=CARTESIAN_POINT('',(0.01255,-0.002525,0.0172));
#2324=CARTESIAN_POINT('',(0.01905,-0.002525,0.0172));
#2325=CARTESIAN_POINT('',(0.02555,-0.002525,0.0172));
#2326=CARTESIAN_POINT('',(0.02555,-0.003025,0.0172));
#2327=CARTESIAN_POINT('',(0.02605,-0.003025,0.0172));
#2328=CARTESIAN_POINT('',(0.02605,-0.009525,0.0172));
#2329=CARTESIAN_POINT('',(0.02605,-0.016025,0.0172));
#2330=CARTESIAN_POINT('',(0.02555,-0.016025,0.0172));
#2331=CARTESIAN_POINT('',(0.02555,-0.016525,0.0172));
#2332=CARTESIAN_POINT('',(0.01905,-0.016525,0.0172));
#2333=CARTESIAN_POINT('',(0.01255,-0.016525,0.0172));
#2334=CARTESIAN_POINT('',(0.01255,-0.016025,0.0172));
#2335=CARTESIAN_POINT('',(-0.007,-0.009525,0.0172));
#2336=CARTESIAN_POINT('',(-0.007,-0.003025,0.0172));
#2337=CARTESIAN_POINT('',(-0.007,-0.016025,0.0172));
#2338=CARTESIAN_POINT('',(-0.0065,-0.003025,0.0172));
#2339=CARTESIAN_POINT('',(-0.0065,-0.002525,0.0172));
#2340=CARTESIAN_POINT('',(1.7347234759768E-18,-0.002525,0.0172));
#2341=CARTESIAN_POINT('',(0.0065,-0.002525,0.0172));
#2342=CARTESIAN_POINT('',(0.0065,-0.003025,0.0172));
#2343=CARTESIAN_POINT('',(0.007,-0.003025,0.0172));
#2344=CARTESIAN_POINT('',(0.007,-0.009525,0.0172));
#2345=CARTESIAN_POINT('',(0.007,-0.016025,0.0172));
#2346=CARTESIAN_POINT('',(0.0065,-0.016025,0.0172));
#2347=CARTESIAN_POINT('',(0.0065,-0.016525,0.0172));
#2348=CARTESIAN_POINT('',(1.7347234759768E-18,-0.016525,0.0172));
#2349=CARTESIAN_POINT('',(-0.0065,-0.016525,0.0172));
#2350=CARTESIAN_POINT('',(-0.0065,-0.016025,0.0172));
#2351=CARTESIAN_POINT('',(-0.02605,-0.009525,0.0172));
#2352=CARTESIAN_POINT('',(-0.02605,-0.003025,0.0172));
#2353=CARTESIAN_POINT('',(-0.02605,-0.016025,0.0172));
#2354=CARTESIAN_POINT('',(-0.02555,-0.003025,0.0172));
#2355=CARTESIAN_POINT('',(-0.02555,-0.002525,0.0172));
#2356=CARTESIAN_POINT('',(-0.01905,-0.002525,0.0172));
#2357=CARTESIAN_POINT('',(-0.01255,-0.002525,0.0172));
#2358=CARTESIAN_POINT('',(-0.01255,-0.003025,0.0172));
#2359=CARTESIAN_POINT('',(-0.01205,-0.003025,0.0172));
#2360=CARTESIAN_POINT('',(-0.01205,-0.009525,0.0172));
#2361=CARTESIAN_POINT('',(-0.01205,-0.016025,0.0172));
#2362=CARTESIAN_POINT('',(-0.01255,-0.016025,0.0172));
#2363=CARTESIAN_POINT('',(-0.01255,-0.016525,0.0172));
#2364=CARTESIAN_POINT('',(-0.01905,-0.016525,0.0172));
#2365=CARTESIAN_POINT('',(-0.02555,-0.016525,0.0172));
#2366=CARTESIAN_POINT('',(-0.02555,-0.016025,0.0172));
#2367=CARTESIAN_POINT('',(-0.02605,0.009525,0.0172));
#2368=CARTESIAN_POINT('',(-0.02605,0.016025,0.0172));
#2369=CARTESIAN_POINT('',(-0.02605,0.003025,0.0172));
#2370=CARTESIAN_POINT('',(-0.02555,0.016025,0.0172));
#2371=CARTESIAN_POINT('',(-0.02555,0.016525,0.0172));
#2372=CARTESIAN_POINT('',(-0.01905,0.016525,0.0172));
#2373=CARTESIAN_POINT('',(-0.01255,0.016525,0.0172));
#2374=CARTESIAN_POINT('',(-0.01255,0.016025,0.0172));
#2375=CARTESIAN_POINT('',(-0.01205,0.016025,0.0172));
#2376=CARTESIAN_POINT('',(-0.01205,0.009525,0.0172));
#2377=CARTESIAN_POINT('',(-0.01205,0.003025,0.0172));
#2378=CARTESIAN_POINT('',(-0.01255,0.003025,0.0172));
#2379=CARTESIAN_POINT('',(-0.01255,0.002525,0.0172));
#2380=CARTESIAN_POINT('',(-0.01905,0.002525,0.0172));
#2381=CARTESIAN_POINT('',(-0.02555,0.002525,0.0172));
#2382=CARTESIAN_POINT('',(-0.02555,0.003025,0.0172));
#2383=CARTESIAN_POINT('',(0.01205,0.009525,0.0172));
#2384=CARTESIAN_POINT('',(0.01205,0.016025,0.0172));
#2385=CARTESIAN_POINT('',(0.01205,0.003025,0.0172));
#2386=CARTESIAN_POINT('',(0.01255,0.016025,0.0172));
#2387=CARTESIAN_POINT('',(0.01255,0.016525,0.0172));
#2388=CARTESIAN_POINT('',(0.01905,0.016525,0.0172));
#2389=CARTESIAN_POINT('',(0.02555,0.016525,0.0172));
#2390=CARTESIAN_POINT('',(0.02555,0.016025,0.0172));
#2391=CARTESIAN_POINT('',(0.02605,0.016025,0.0172));
#2392=CARTESIAN_POINT('',(0.02605,0.009525,0.0172));
#2393=CARTESIAN_POINT('',(0.02605,0.003025,0.0172));
#2394=CARTESIAN_POINT('',(0.02555,0.003025,0.0172));
#2395=CARTESIAN_POINT('',(0.02555,0.002525,0.0172));
#2396=CARTESIAN_POINT('',(0.01905,0.002525,0.0172));
#2397=CARTESIAN_POINT('',(0.01255,0.002525,0.0172));
#2398=CARTESIAN_POINT('',(0.01255,0.003025,0.0172));
#2399=CARTESIAN_POINT('',(-0.00831567775458098,0.0222716275602579,0.0157));
#2400=CARTESIAN_POINT('',(-0.00831567775458098,0.0107717774808407,0.0157));
#2401=CARTESIAN_POINT('',(0.,0.0107717774808407,0.0157));
#2402=CARTESIAN_POINT('',(-0.007,0.0107717774808407,0.0157));
#2403=CARTESIAN_POINT('',(0.00831567775458098,0.0222716275602579,0.0157));
#2404=CARTESIAN_POINT('',(-0.0065,0.003025,0.0172));
#2405=CARTESIAN_POINT('',(-0.007,0.003025,0.0172));
#2406=CARTESIAN_POINT('',(-0.0065,0.002525,0.0172));
#2407=CARTESIAN_POINT('',(1.7347234759768E-18,0.002525,0.0172));
#2408=CARTESIAN_POINT('',(0.0065,0.002525,0.0172));
#2409=CARTESIAN_POINT('',(0.0065,0.003025,0.0172));
#2410=CARTESIAN_POINT('',(0.007,0.003025,0.0172));
#2411=CARTESIAN_POINT('',(0.007,0.009525,0.0172));
#2412=CARTESIAN_POINT('',(-0.007,0.009525,0.0172));
#2413=CARTESIAN_POINT('',(0.01205,0.009525,0.0172));
#2414=CARTESIAN_POINT('',(0.01205,0.016025,0.0172));
#2415=CARTESIAN_POINT('',(0.01205,0.003025,0.0172));
#2416=CARTESIAN_POINT('',(0.01255,0.003025,0.0172));
#2417=CARTESIAN_POINT('',(0.01255,0.002525,0.0172));
#2418=CARTESIAN_POINT('',(0.01905,0.002525,0.0172));
#2419=CARTESIAN_POINT('',(0.02555,0.002525,0.0172));
#2420=CARTESIAN_POINT('',(0.02555,0.003025,0.0172));
#2421=CARTESIAN_POINT('',(0.02605,0.003025,0.0172));
#2422=CARTESIAN_POINT('',(0.02605,0.009525,0.0172));
#2423=CARTESIAN_POINT('',(0.02605,0.016025,0.0172));
#2424=CARTESIAN_POINT('',(0.02555,0.016025,0.0172));
#2425=CARTESIAN_POINT('',(0.02555,0.016525,0.0172));
#2426=CARTESIAN_POINT('',(0.01905,0.016525,0.0172));
#2427=CARTESIAN_POINT('',(0.01255,0.016525,0.0172));
#2428=CARTESIAN_POINT('',(0.01255,0.016025,0.0172));
#2429=CARTESIAN_POINT('',(-0.02605,0.009525,0.0172));
#2430=CARTESIAN_POINT('',(-0.02605,0.016025,0.0172));
#2431=CARTESIAN_POINT('',(-0.02605,0.003025,0.0172));
#2432=CARTESIAN_POINT('',(-0.02555,0.003025,0.0172));
#2433=CARTESIAN_POINT('',(-0.02555,0.002525,0.0172));
#2434=CARTESIAN_POINT('',(-0.01905,0.002525,0.0172));
#2435=CARTESIAN_POINT('',(-0.01255,0.002525,0.0172));
#2436=CARTESIAN_POINT('',(-0.01255,0.003025,0.0172));
#2437=CARTESIAN_POINT('',(-0.01205,0.003025,0.0172));
#2438=CARTESIAN_POINT('',(-0.01205,0.009525,0.0172));
#2439=CARTESIAN_POINT('',(-0.01205,0.016025,0.0172));
#2440=CARTESIAN_POINT('',(-0.01255,0.016025,0.0172));
#2441=CARTESIAN_POINT('',(-0.01255,0.016525,0.0172));
#2442=CARTESIAN_POINT('',(-0.01905,0.016525,0.0172));
#2443=CARTESIAN_POINT('',(-0.02555,0.016525,0.0172));
#2444=CARTESIAN_POINT('',(-0.02555,0.016025,0.0172));
#2445=CARTESIAN_POINT('',(-0.02605,-0.009525,0.0172));
#2446=CARTESIAN_POINT('',(-0.02605,-0.003025,0.0172));
#2447=CARTESIAN_POINT('',(-0.02605,-0.016025,0.0172));
#2448=CARTESIAN_POINT('',(-0.02555,-0.016025,0.0172));
#2449=CARTESIAN_POINT('',(-0.02555,-0.016525,0.0172));
#2450=CARTESIAN_POINT('',(-0.01905,-0.016525,0.0172));
#2451=CARTESIAN_POINT('',(-0.01255,-0.016525,0.0172));
#2452=CARTESIAN_POINT('',(-0.01255,-0.016025,0.0172));
#2453=CARTESIAN_POINT('',(-0.01205,-0.016025,0.0172));
#2454=CARTESIAN_POINT('',(-0.01205,-0.009525,0.0172));
#2455=CARTESIAN_POINT('',(-0.01205,-0.003025,0.0172));
#2456=CARTESIAN_POINT('',(-0.01255,-0.003025,0.0172));
#2457=CARTESIAN_POINT('',(-0.01255,-0.002525,0.0172));
#2458=CARTESIAN_POINT('',(-0.01905,-0.002525,0.0172));
#2459=CARTESIAN_POINT('',(-0.02555,-0.002525,0.0172));
#2460=CARTESIAN_POINT('',(-0.02555,-0.003025,0.0172));
#2461=CARTESIAN_POINT('',(-0.007,-0.009525,0.0172));
#2462=CARTESIAN_POINT('',(-0.007,-0.003025,0.0172));
#2463=CARTESIAN_POINT('',(-0.007,-0.016025,0.0172));
#2464=CARTESIAN_POINT('',(-0.0065,-0.016025,0.0172));
#2465=CARTESIAN_POINT('',(-0.0065,-0.016525,0.0172));
#2466=CARTESIAN_POINT('',(1.7347234759768E-18,-0.016525,0.0172));
#2467=CARTESIAN_POINT('',(0.0065,-0.016525,0.0172));
#2468=CARTESIAN_POINT('',(0.0065,-0.016025,0.0172));
#2469=CARTESIAN_POINT('',(0.007,-0.016025,0.0172));
#2470=CARTESIAN_POINT('',(0.007,-0.009525,0.0172));
#2471=CARTESIAN_POINT('',(0.007,-0.003025,0.0172));
#2472=CARTESIAN_POINT('',(0.0065,-0.003025,0.0172));
#2473=CARTESIAN_POINT('',(0.0065,-0.002525,0.0172));
#2474=CARTESIAN_POINT('',(1.7347234759768E-18,-0.002525,0.0172));
#2475=CARTESIAN_POINT('',(-0.0065,-0.002525,0.0172));
#2476=CARTESIAN_POINT('',(-0.0065,-0.003025,0.0172));
#2477=CARTESIAN_POINT('',(0.01205,-0.009525,0.0172));
#2478=CARTESIAN_POINT('',(0.01205,-0.003025,0.0172));
#2479=CARTESIAN_POINT('',(0.01205,-0.016025,0.0172));
#2480=CARTESIAN_POINT('',(0.01255,-0.016025,0.0172));
#2481=CARTESIAN_POINT('',(0.01255,-0.016525,0.0172));
#2482=CARTESIAN_POINT('',(0.01905,-0.016525,0.0172));
#2483=CARTESIAN_POINT('',(0.02555,-0.016525,0.0172));
#2484=CARTESIAN_POINT('',(0.02555,-0.016025,0.0172));
#2485=CARTESIAN_POINT('',(0.02605,-0.016025,0.0172));
#2486=CARTESIAN_POINT('',(0.02605,-0.009525,0.0172));
#2487=CARTESIAN_POINT('',(0.02605,-0.003025,0.0172));
#2488=CARTESIAN_POINT('',(0.02555,-0.003025,0.0172));
#2489=CARTESIAN_POINT('',(0.02555,-0.002525,0.0172));
#2490=CARTESIAN_POINT('',(0.01905,-0.002525,0.0172));
#2491=CARTESIAN_POINT('',(0.01255,-0.002525,0.0172));
#2492=CARTESIAN_POINT('',(0.01255,-0.003025,0.0172));
#2493=CARTESIAN_POINT('',(0.0331168864023139,0.0241897818626596,0.0172));
#2494=CARTESIAN_POINT('',(-0.0331168864023139,-0.0241897818626596,0.0172));
#2495=CARTESIAN_POINT('',(0.0331168864023139,-0.0241897818626596,0.0172));
#2496=CARTESIAN_POINT('',(-0.0331168864023139,0.0241897818626596,0.0172));
#2497=CARTESIAN_POINT('',(0.,0.,0.));
#2498=CARTESIAN_POINT('',(0.,0.0195,0.));
#2499=CARTESIAN_POINT('',(0.,0.0195,0.003));
#2500=CARTESIAN_POINT('',(0.029,0.0195,0.003));
#2501=CARTESIAN_POINT('',(0.00831567775458098,0.0195,0.003));
#2502=CARTESIAN_POINT('',(0.029,0.0195,0.));
#2503=CARTESIAN_POINT('',(0.029,0.0195,0.013));
#2504=CARTESIAN_POINT('',(0.,0.0195,0.013));
#2505=CARTESIAN_POINT('',(0.00831567775458098,0.0195,0.013));
#2506=CARTESIAN_POINT('',(0.00831567775458098,0.0195,0.013));
#2507=CARTESIAN_POINT('',(-0.029,3.46944695195361E-18,0.));
#2508=CARTESIAN_POINT('',(-0.029,-0.0195,0.));
#2509=CARTESIAN_POINT('',(-0.029,-0.0195,0.013));
#2510=CARTESIAN_POINT('',(-0.029,-0.0195,0.003));
#2511=CARTESIAN_POINT('',(-0.029,3.46944695195361E-18,0.003));
#2512=CARTESIAN_POINT('',(-0.029,0.0195,0.003));
#2513=CARTESIAN_POINT('',(-0.029,0.0195,0.));
#2514=CARTESIAN_POINT('',(-0.029,0.0195,0.013));
#2515=CARTESIAN_POINT('',(-0.029,0.,0.013));
#2516=CARTESIAN_POINT('',(0.,-0.0195,0.));
#2517=CARTESIAN_POINT('',(0.029,-0.0195,0.));
#2518=CARTESIAN_POINT('',(0.029,-0.0195,0.013));
#2519=CARTESIAN_POINT('',(0.029,-0.0195,0.003));
#2520=CARTESIAN_POINT('',(0.,-0.0195,0.003));
#2521=CARTESIAN_POINT('',(0.,-0.0195,0.013));
#2522=CARTESIAN_POINT('',(0.,0.0195,0.));
#2523=CARTESIAN_POINT('',(0.,0.0195,0.003));
#2524=CARTESIAN_POINT('',(-0.00831567775458098,0.0195,0.003));
#2525=CARTESIAN_POINT('',(-0.00831567775458098,0.0195,0.013));
#2526=CARTESIAN_POINT('',(-0.00831567775458098,0.0195,0.013));
#2527=CARTESIAN_POINT('',(0.,0.0195,0.013));
#2528=CARTESIAN_POINT('',(-0.039,0.,0.));
#2529=CARTESIAN_POINT('',(-0.039,-0.0295,0.));
#2530=CARTESIAN_POINT('',(-0.039,-0.0295,0.013));
#2531=CARTESIAN_POINT('',(-0.039,-0.0295,0.));
#2532=CARTESIAN_POINT('',(-0.039,0.,0.013));
#2533=CARTESIAN_POINT('',(-0.039,0.0295,0.013));
#2534=CARTESIAN_POINT('',(-0.039,0.0295,0.));
#2535=CARTESIAN_POINT('',(-0.039,0.0295,0.));
#2536=CARTESIAN_POINT('',(-0.039,0.,0.));
#2537=CARTESIAN_POINT('',(0.,0.0295,0.));
#2538=CARTESIAN_POINT('',(-0.00831567775458098,0.0295,0.013));
#2539=CARTESIAN_POINT('',(-0.00831567775458098,0.0295,0.003));
#2540=CARTESIAN_POINT('',(-0.00831567775458098,0.0295,0.013));
#2541=CARTESIAN_POINT('',(0.,0.0295,0.003));
#2542=CARTESIAN_POINT('',(0.00831567775458098,0.0295,0.003));
#2543=CARTESIAN_POINT('',(0.00831567775458098,0.0295,0.013));
#2544=CARTESIAN_POINT('',(0.00831567775458098,0.0295,0.013));
#2545=CARTESIAN_POINT('',(0.,0.0295,0.013));
#2546=CARTESIAN_POINT('',(0.039,0.0295,0.013));
#2547=CARTESIAN_POINT('',(0.039,0.0295,0.));
#2548=CARTESIAN_POINT('',(0.039,0.0295,0.));
#2549=CARTESIAN_POINT('',(0.,0.0295,0.));
#2550=CARTESIAN_POINT('',(0.,0.0295,0.013));
#2551=CARTESIAN_POINT('',(0.039,0.,0.));
#2552=CARTESIAN_POINT('',(0.039,0.,0.013));
#2553=CARTESIAN_POINT('',(0.039,-0.0295,0.013));
#2554=CARTESIAN_POINT('',(0.039,-0.0295,0.));
#2555=CARTESIAN_POINT('',(0.039,-0.0295,0.));
#2556=CARTESIAN_POINT('',(0.039,0.,0.));
#2557=CARTESIAN_POINT('',(0.,-0.0295,0.));
#2558=CARTESIAN_POINT('',(0.,-0.0295,0.013));
#2559=CARTESIAN_POINT('',(0.,-0.0295,0.));
#2560=CARTESIAN_POINT('',(0.029,3.46944695195361E-18,0.));
#2561=CARTESIAN_POINT('',(0.029,3.46944695195361E-18,0.003));
#2562=CARTESIAN_POINT('',(0.029,0.,0.013));
#2563=CARTESIAN_POINT('',(0.,0.,0.));
#2564=CARTESIAN_POINT('',(-0.0331168864023139,0.0241897818626596,0.));
#2565=CARTESIAN_POINT('',(-0.0354668864023139,0.0241897818626596,0.));
#2566=CARTESIAN_POINT('',(0.0331168864023139,-0.0241897818626596,0.));
#2567=CARTESIAN_POINT('',(0.0307668864023139,-0.0241897818626596,0.));
#2568=CARTESIAN_POINT('',(-0.0331168864023139,-0.0241897818626596,0.));
#2569=CARTESIAN_POINT('',(-0.0354668864023139,-0.0241897818626596,0.));
#2570=CARTESIAN_POINT('',(0.0331168864023139,0.0241897818626596,0.));
#2571=CARTESIAN_POINT('',(0.0307668864023139,0.0241897818626596,0.));
#2572=CARTESIAN_POINT('',(0.,0.,0.013));
#2573=CARTESIAN_POINT('',(-0.0331168864023139,0.0241897818626596,0.013));
#2574=CARTESIAN_POINT('',(-0.0354668864023139,0.0241897818626596,0.013));
#2575=CARTESIAN_POINT('',(0.0331168864023139,-0.0241897818626596,0.013));
#2576=CARTESIAN_POINT('',(0.0307668864023139,-0.0241897818626596,0.013));
#2577=CARTESIAN_POINT('',(-0.0331168864023139,-0.0241897818626596,0.013));
#2578=CARTESIAN_POINT('',(-0.0354668864023139,-0.0241897818626596,0.013));
#2579=CARTESIAN_POINT('',(0.0331168864023139,0.0241897818626596,0.013));
#2580=CARTESIAN_POINT('',(0.0307668864023139,0.0241897818626596,0.013));
#2581=CARTESIAN_POINT('',(0.00831567775458098,0.0222716275602579,0.013));
#2582=CARTESIAN_POINT('',(-0.00831567775458098,0.0222716275602579,0.013));
#2583=CARTESIAN_POINT('',(-0.00831567775458098,0.0222716275602579,0.013));
#2584=CARTESIAN_POINT('',(-0.00831567775458098,0.00213573881983757,0.003));
#2585=CARTESIAN_POINT('',(0.00831567775458098,0.0222716275602579,0.013));
#2586=CARTESIAN_POINT('',(0.00831567775458098,0.00213573881983757,0.003));
#2587=CARTESIAN_POINT('',(0.,0.00213573881983757,0.003));
#2588=CARTESIAN_POINT('',(0.0331168864023139,0.0241897818626596,0.0145));
#2589=CARTESIAN_POINT('',(-0.0331168864023139,-0.0241897818626596,0.0145));
#2590=CARTESIAN_POINT('',(0.0331168864023139,-0.0241897818626596,0.0145));
#2591=CARTESIAN_POINT('',(-0.0331168864023139,0.0241897818626596,0.0145));
#2592=MECHANICAL_DESIGN_GEOMETRIC_PRESENTATION_REPRESENTATION('',(#1554),
#2594);
#2593=MECHANICAL_DESIGN_GEOMETRIC_PRESENTATION_REPRESENTATION('',(#1555),
#2595);
#2594=(
GEOMETRIC_REPRESENTATION_CONTEXT(3)
GLOBAL_UNCERTAINTY_ASSIGNED_CONTEXT((#2596))
GLOBAL_UNIT_ASSIGNED_CONTEXT((#2602,#2600,#2598))
REPRESENTATION_CONTEXT('Lid','TOP_LEVEL_ASSEMBLY_PART')
);
#2595=(
GEOMETRIC_REPRESENTATION_CONTEXT(3)
GLOBAL_UNCERTAINTY_ASSIGNED_CONTEXT((#2597))
GLOBAL_UNIT_ASSIGNED_CONTEXT((#2603,#2601,#2599))
REPRESENTATION_CONTEXT('Base','TOP_LEVEL_ASSEMBLY_PART')
);
#2596=UNCERTAINTY_MEASURE_WITH_UNIT(LENGTH_MEASURE(1.E-8),#2602,
'DISTANCE_ACCURACY_VALUE','Maximum Tolerance applied to model');
#2597=UNCERTAINTY_MEASURE_WITH_UNIT(LENGTH_MEASURE(1.E-8),#2603,
'DISTANCE_ACCURACY_VALUE','Maximum Tolerance applied to model');
#2598=(
NAMED_UNIT(*)
SI_UNIT($,.STERADIAN.)
SOLID_ANGLE_UNIT()
);
#2599=(
NAMED_UNIT(*)
SI_UNIT($,.STERADIAN.)
SOLID_ANGLE_UNIT()
);
#2600=(
NAMED_UNIT(*)
PLANE_ANGLE_UNIT()
SI_UNIT($,.RADIAN.)
);
#2601=(
NAMED_UNIT(*)
PLANE_ANGLE_UNIT()
SI_UNIT($,.RADIAN.)
);
#2602=(
LENGTH_UNIT()
NAMED_UNIT(*)
SI_UNIT($,.METRE.)
);
#2603=(
LENGTH_UNIT()
NAMED_UNIT(*)
SI_UNIT($,.METRE.)
);
#2604=PRODUCT_DEFINITION_SHAPE('','',#2606);
#2605=PRODUCT_DEFINITION_SHAPE('','',#2607);
#2606=PRODUCT_DEFINITION('','',#2610,#2608);
#2607=PRODUCT_DEFINITION('','',#2611,#2609);
#2608=PRODUCT_DEFINITION_CONTEXT('',#2622,'design');
#2609=PRODUCT_DEFINITION_CONTEXT('',#2623,'design');
#2610=PRODUCT_DEFINITION_FORMATION_WITH_SPECIFIED_SOURCE('','',#2614,
 .NOT_KNOWN.);
#2611=PRODUCT_DEFINITION_FORMATION_WITH_SPECIFIED_SOURCE('','',#2615,
 .NOT_KNOWN.);
#2612=PRODUCT_RELATED_PRODUCT_CATEGORY('','',(#2614));
#2613=PRODUCT_RELATED_PRODUCT_CATEGORY('','',(#2615));
#2614=PRODUCT('Lid','Lid','Lid',(#2618));
#2615=PRODUCT('Base','Base','Base',(#2619));
#2616=PRODUCT_CATEGORY('','');
#2617=PRODUCT_CATEGORY('','');
#2618=PRODUCT_CONTEXT('',#2622,'mechanical');
#2619=PRODUCT_CONTEXT('',#2623,'mechanical');
#2620=APPLICATION_PROTOCOL_DEFINITION('international standard',
'ap242_managed_model_based_3d_engineering',2020,#2622);
#2621=APPLICATION_PROTOCOL_DEFINITION('international standard',
'ap242_managed_model_based_3d_engineering',2020,#2623);
#2622=APPLICATION_CONTEXT('managed model based 3d engineering');
#2623=APPLICATION_CONTEXT('managed model based 3d engineering');
ENDSEC;
END-ISO-10303-21;
