ISO-10303-21;
HEADER;
/* Generated by software containing ST-Developer
 * from STEP Tools, Inc. (www.steptools.com) 
 */
/* OPTION: using custom renumber hook */

FILE_DESCRIPTION(
/* description */ ('STEP AP242 Edition 2',
'CAx-IF Rec.Pracs.---Representation and Presentation of Product Manufa
cturing Information (PMI)---4.0---2014-10-13',
'CAx-IF Rec.Pracs.---3D Tessellated Geometry---0.4---2014-09-14','2;1',
'CAx-IF Rec.Pracs.---User Defined Attributes---1.5---2016-08-15'),
/* implementation_level */ '2;1');

FILE_NAME(
/* name */ 'Base',
/* time_stamp */ '2026-08-24T17:17:31Z',
/* author */ (''),
/* organization */ (''),
/* preprocessor_version */ 'ST-DEVELOPER v20',
/* originating_system */ 'ONSHAPE BY PTC INC, 1.219',
/* authorisation */ '  ');

FILE_SCHEMA (('AP242_MANAGED_MODEL_BASED_3D_ENGINEERING_MIM_LF { 1 0 10303 442 3 1 4 }'));
ENDSEC;

DATA;
#10=SHAPE_REPRESENTATION_RELATIONSHIP('','',#2727,#13);
#11=SHAPE_REPRESENTATION_RELATIONSHIP('','',#2728,#14);
#12=SHAPE_REPRESENTATION_RELATIONSHIP('','',#2729,#15);
#13=ADVANCED_BREP_SHAPE_REPRESENTATION('',(#2721),#4537);
#14=ADVANCED_BREP_SHAPE_REPRESENTATION('',(#2722),#4538);
#15=ADVANCED_BREP_SHAPE_REPRESENTATION('',(#2723),#4539);
#16=CYLINDRICAL_SURFACE('',#2794,0.0005);
#17=CYLINDRICAL_SURFACE('',#2796,0.0005);
#18=CYLINDRICAL_SURFACE('',#2800,0.0005);
#19=CYLINDRICAL_SURFACE('',#2802,0.0005);
#20=CYLINDRICAL_SURFACE('',#2804,0.0005);
#21=CYLINDRICAL_SURFACE('',#2806,0.0005);
#22=CYLINDRICAL_SURFACE('',#2808,0.0005);
#23=CYLINDRICAL_SURFACE('',#2810,0.0005);
#24=CYLINDRICAL_SURFACE('',#2812,0.0005);
#25=CYLINDRICAL_SURFACE('',#2814,0.0005);
#26=CYLINDRICAL_SURFACE('',#2816,0.0005);
#27=CYLINDRICAL_SURFACE('',#2818,0.0005);
#28=CYLINDRICAL_SURFACE('',#2820,0.0005);
#29=CYLINDRICAL_SURFACE('',#2822,0.0005);
#30=CYLINDRICAL_SURFACE('',#2824,0.0005);
#31=CYLINDRICAL_SURFACE('',#2826,0.0005);
#32=CYLINDRICAL_SURFACE('',#2828,0.0005);
#33=CYLINDRICAL_SURFACE('',#2830,0.0005);
#34=CYLINDRICAL_SURFACE('',#2832,0.0005);
#35=CYLINDRICAL_SURFACE('',#2834,0.0005);
#36=CYLINDRICAL_SURFACE('',#2836,0.0005);
#37=CYLINDRICAL_SURFACE('',#2838,0.0005);
#38=CYLINDRICAL_SURFACE('',#2839,0.00235);
#39=CYLINDRICAL_SURFACE('',#2840,0.00235);
#40=CYLINDRICAL_SURFACE('',#2841,0.00235);
#41=CYLINDRICAL_SURFACE('',#2842,0.00235);
#42=CYLINDRICAL_SURFACE('',#2946,0.00085);
#43=CYLINDRICAL_SURFACE('',#2947,0.002);
#44=CYLINDRICAL_SURFACE('',#2948,0.00085);
#45=CYLINDRICAL_SURFACE('',#2949,0.00075);
#46=CYLINDRICAL_SURFACE('',#2950,0.00085);
#47=CYLINDRICAL_SURFACE('',#2951,0.002);
#48=CYLINDRICAL_SURFACE('',#2952,0.00075);
#49=CYLINDRICAL_SURFACE('',#2953,0.00075);
#50=CYLINDRICAL_SURFACE('',#2954,0.0005);
#51=CYLINDRICAL_SURFACE('',#2955,0.00085);
#52=CYLINDRICAL_SURFACE('',#2956,0.00085);
#53=CYLINDRICAL_SURFACE('',#2957,0.002);
#54=CYLINDRICAL_SURFACE('',#2958,0.00085);
#55=CYLINDRICAL_SURFACE('',#2959,0.00075);
#56=CYLINDRICAL_SURFACE('',#2960,0.00075);
#57=CYLINDRICAL_SURFACE('',#2961,0.0005);
#58=CYLINDRICAL_SURFACE('',#2962,0.00075);
#59=CYLINDRICAL_SURFACE('',#2963,0.0005);
#60=CYLINDRICAL_SURFACE('',#2964,0.0005);
#61=CYLINDRICAL_SURFACE('',#2965,0.0005);
#62=CYLINDRICAL_SURFACE('',#2966,0.00085);
#63=CYLINDRICAL_SURFACE('',#2967,0.002);
#64=CYLINDRICAL_SURFACE('',#2968,0.00075);
#65=CYLINDRICAL_SURFACE('',#2969,0.00085);
#66=CYLINDRICAL_SURFACE('',#2970,0.00075);
#67=CYLINDRICAL_SURFACE('',#2971,0.0005);
#68=CYLINDRICAL_SURFACE('',#2972,0.00085);
#69=CYLINDRICAL_SURFACE('',#2973,0.002);
#70=CYLINDRICAL_SURFACE('',#2974,0.00075);
#71=CYLINDRICAL_SURFACE('',#2975,0.0005);
#72=CYLINDRICAL_SURFACE('',#2976,0.0005);
#73=CYLINDRICAL_SURFACE('',#2977,0.0005);
#74=CYLINDRICAL_SURFACE('',#2978,0.0005);
#75=CYLINDRICAL_SURFACE('',#2979,0.0005);
#76=CYLINDRICAL_SURFACE('',#2980,0.0005);
#77=CYLINDRICAL_SURFACE('',#2981,0.00075);
#78=CYLINDRICAL_SURFACE('',#2983,0.00075);
#79=CYLINDRICAL_SURFACE('',#2985,0.0005);
#80=CYLINDRICAL_SURFACE('',#2986,0.00085);
#81=CYLINDRICAL_SURFACE('',#2987,0.0005);
#82=CYLINDRICAL_SURFACE('',#2988,0.0005);
#83=CYLINDRICAL_SURFACE('',#2989,0.0005);
#84=CYLINDRICAL_SURFACE('',#2990,0.00075);
#85=CYLINDRICAL_SURFACE('',#2991,0.0005);
#86=CYLINDRICAL_SURFACE('',#2992,0.0005);
#87=CYLINDRICAL_SURFACE('',#2993,0.0005);
#88=CYLINDRICAL_SURFACE('',#2994,0.00075);
#89=CYLINDRICAL_SURFACE('',#2996,0.00075);
#90=CYLINDRICAL_SURFACE('',#3021,0.00235);
#91=CYLINDRICAL_SURFACE('',#3022,0.00235);
#92=CYLINDRICAL_SURFACE('',#3023,0.00235);
#93=CYLINDRICAL_SURFACE('',#3024,0.00235);
#94=CIRCLE('',#2734,0.00235);
#95=CIRCLE('',#2735,0.00235);
#96=CIRCLE('',#2736,0.00235);
#97=CIRCLE('',#2737,0.00235);
#98=CIRCLE('',#2738,0.0005);
#99=CIRCLE('',#2739,0.0005);
#100=CIRCLE('',#2740,0.0005);
#101=CIRCLE('',#2741,0.0005);
#102=CIRCLE('',#2742,0.0005);
#103=CIRCLE('',#2743,0.0005);
#104=CIRCLE('',#2744,0.0005);
#105=CIRCLE('',#2745,0.0005);
#106=CIRCLE('',#2746,0.0005);
#107=CIRCLE('',#2747,0.0005);
#108=CIRCLE('',#2748,0.0005);
#109=CIRCLE('',#2749,0.0005);
#110=CIRCLE('',#2750,0.0005);
#111=CIRCLE('',#2751,0.0005);
#112=CIRCLE('',#2752,0.0005);
#113=CIRCLE('',#2753,0.0005);
#114=CIRCLE('',#2754,0.0005);
#115=CIRCLE('',#2755,0.0005);
#116=CIRCLE('',#2756,0.0005);
#117=CIRCLE('',#2757,0.0005);
#118=CIRCLE('',#2758,0.0005);
#119=CIRCLE('',#2759,0.0005);
#120=CIRCLE('',#2765,0.00235);
#121=CIRCLE('',#2766,0.00235);
#122=CIRCLE('',#2767,0.00235);
#123=CIRCLE('',#2768,0.00235);
#124=CIRCLE('',#2769,0.0005);
#125=CIRCLE('',#2770,0.0005);
#126=CIRCLE('',#2771,0.0005);
#127=CIRCLE('',#2772,0.0005);
#128=CIRCLE('',#2773,0.0005);
#129=CIRCLE('',#2774,0.0005);
#130=CIRCLE('',#2775,0.0005);
#131=CIRCLE('',#2776,0.0005);
#132=CIRCLE('',#2777,0.0005);
#133=CIRCLE('',#2778,0.0005);
#134=CIRCLE('',#2779,0.0005);
#135=CIRCLE('',#2780,0.0005);
#136=CIRCLE('',#2781,0.0005);
#137=CIRCLE('',#2782,0.0005);
#138=CIRCLE('',#2783,0.0005);
#139=CIRCLE('',#2784,0.0005);
#140=CIRCLE('',#2785,0.0005);
#141=CIRCLE('',#2786,0.0005);
#142=CIRCLE('',#2787,0.0005);
#143=CIRCLE('',#2788,0.0005);
#144=CIRCLE('',#2789,0.0005);
#145=CIRCLE('',#2790,0.0005);
#146=CIRCLE('',#2848,0.00085);
#147=CIRCLE('',#2849,0.002);
#148=CIRCLE('',#2850,0.00085);
#149=CIRCLE('',#2851,0.00075);
#150=CIRCLE('',#2852,0.00085);
#151=CIRCLE('',#2853,0.002);
#152=CIRCLE('',#2854,0.00075);
#153=CIRCLE('',#2855,0.00075);
#154=CIRCLE('',#2856,0.0005);
#155=CIRCLE('',#2857,0.00085);
#156=CIRCLE('',#2858,0.00085);
#157=CIRCLE('',#2859,0.002);
#158=CIRCLE('',#2860,0.00085);
#159=CIRCLE('',#2861,0.00075);
#160=CIRCLE('',#2862,0.00075);
#161=CIRCLE('',#2863,0.0005);
#162=CIRCLE('',#2864,0.00075);
#163=CIRCLE('',#2865,0.0005);
#164=CIRCLE('',#2866,0.0005);
#165=CIRCLE('',#2867,0.0005);
#166=CIRCLE('',#2868,0.00085);
#167=CIRCLE('',#2869,0.002);
#168=CIRCLE('',#2870,0.00075);
#169=CIRCLE('',#2871,0.00085);
#170=CIRCLE('',#2872,0.00075);
#171=CIRCLE('',#2873,0.0005);
#172=CIRCLE('',#2874,0.00085);
#173=CIRCLE('',#2875,0.002);
#174=CIRCLE('',#2876,0.00075);
#175=CIRCLE('',#2877,0.0005);
#176=CIRCLE('',#2878,0.0005);
#177=CIRCLE('',#2879,0.0005);
#178=CIRCLE('',#2880,0.0005);
#179=CIRCLE('',#2881,0.0005);
#180=CIRCLE('',#2882,0.0005);
#181=CIRCLE('',#2883,0.00075);
#182=CIRCLE('',#2884,0.00075);
#183=CIRCLE('',#2885,0.0005);
#184=CIRCLE('',#2886,0.00085);
#185=CIRCLE('',#2887,0.0005);
#186=CIRCLE('',#2888,0.0005);
#187=CIRCLE('',#2889,0.0005);
#188=CIRCLE('',#2890,0.00075);
#189=CIRCLE('',#2891,0.0005);
#190=CIRCLE('',#2892,0.0005);
#191=CIRCLE('',#2893,0.0005);
#192=CIRCLE('',#2894,0.00075);
#193=CIRCLE('',#2895,0.00075);
#194=CIRCLE('',#2897,0.00085);
#195=CIRCLE('',#2898,0.002);
#196=CIRCLE('',#2899,0.00085);
#197=CIRCLE('',#2900,0.00075);
#198=CIRCLE('',#2901,0.00085);
#199=CIRCLE('',#2902,0.002);
#200=CIRCLE('',#2903,0.00075);
#201=CIRCLE('',#2904,0.00075);
#202=CIRCLE('',#2905,0.0005);
#203=CIRCLE('',#2906,0.00085);
#204=CIRCLE('',#2907,0.00085);
#205=CIRCLE('',#2908,0.002);
#206=CIRCLE('',#2909,0.00085);
#207=CIRCLE('',#2910,0.00075);
#208=CIRCLE('',#2911,0.00075);
#209=CIRCLE('',#2912,0.0005);
#210=CIRCLE('',#2913,0.00075);
#211=CIRCLE('',#2914,0.0005);
#212=CIRCLE('',#2915,0.0005);
#213=CIRCLE('',#2916,0.0005);
#214=CIRCLE('',#2917,0.00085);
#215=CIRCLE('',#2918,0.002);
#216=CIRCLE('',#2919,0.00075);
#217=CIRCLE('',#2920,0.00085);
#218=CIRCLE('',#2921,0.00075);
#219=CIRCLE('',#2922,0.0005);
#220=CIRCLE('',#2923,0.00085);
#221=CIRCLE('',#2924,0.002);
#222=CIRCLE('',#2925,0.00075);
#223=CIRCLE('',#2926,0.0005);
#224=CIRCLE('',#2927,0.0005);
#225=CIRCLE('',#2928,0.0005);
#226=CIRCLE('',#2929,0.0005);
#227=CIRCLE('',#2930,0.0005);
#228=CIRCLE('',#2931,0.0005);
#229=CIRCLE('',#2932,0.00075);
#230=CIRCLE('',#2933,0.00075);
#231=CIRCLE('',#2934,0.0005);
#232=CIRCLE('',#2935,0.00085);
#233=CIRCLE('',#2936,0.0005);
#234=CIRCLE('',#2937,0.0005);
#235=CIRCLE('',#2938,0.0005);
#236=CIRCLE('',#2939,0.00075);
#237=CIRCLE('',#2940,0.0005);
#238=CIRCLE('',#2941,0.0005);
#239=CIRCLE('',#2942,0.0005);
#240=CIRCLE('',#2943,0.00075);
#241=CIRCLE('',#2944,0.00075);
#242=CIRCLE('',#3009,0.00235);
#243=CIRCLE('',#3010,0.00235);
#244=CIRCLE('',#3011,0.00235);
#245=CIRCLE('',#3012,0.00235);
#246=CIRCLE('',#3014,0.00235);
#247=CIRCLE('',#3015,0.00235);
#248=CIRCLE('',#3016,0.00235);
#249=CIRCLE('',#3017,0.00235);
#250=ORIENTED_EDGE('',*,*,#926,.T.);
#251=ORIENTED_EDGE('',*,*,#927,.T.);
#252=ORIENTED_EDGE('',*,*,#928,.T.);
#253=ORIENTED_EDGE('',*,*,#929,.F.);
#254=ORIENTED_EDGE('',*,*,#930,.F.);
#255=ORIENTED_EDGE('',*,*,#931,.T.);
#256=ORIENTED_EDGE('',*,*,#932,.T.);
#257=ORIENTED_EDGE('',*,*,#933,.F.);
#258=ORIENTED_EDGE('',*,*,#934,.T.);
#259=ORIENTED_EDGE('',*,*,#935,.T.);
#260=ORIENTED_EDGE('',*,*,#936,.T.);
#261=ORIENTED_EDGE('',*,*,#937,.T.);
#262=ORIENTED_EDGE('',*,*,#938,.T.);
#263=ORIENTED_EDGE('',*,*,#939,.T.);
#264=ORIENTED_EDGE('',*,*,#940,.T.);
#265=ORIENTED_EDGE('',*,*,#941,.T.);
#266=ORIENTED_EDGE('',*,*,#942,.T.);
#267=ORIENTED_EDGE('',*,*,#943,.T.);
#268=ORIENTED_EDGE('',*,*,#944,.T.);
#269=ORIENTED_EDGE('',*,*,#945,.T.);
#270=ORIENTED_EDGE('',*,*,#946,.T.);
#271=ORIENTED_EDGE('',*,*,#947,.T.);
#272=ORIENTED_EDGE('',*,*,#948,.T.);
#273=ORIENTED_EDGE('',*,*,#949,.T.);
#274=ORIENTED_EDGE('',*,*,#950,.T.);
#275=ORIENTED_EDGE('',*,*,#951,.T.);
#276=ORIENTED_EDGE('',*,*,#952,.T.);
#277=ORIENTED_EDGE('',*,*,#953,.T.);
#278=ORIENTED_EDGE('',*,*,#954,.T.);
#279=ORIENTED_EDGE('',*,*,#955,.T.);
#280=ORIENTED_EDGE('',*,*,#956,.T.);
#281=ORIENTED_EDGE('',*,*,#957,.T.);
#282=ORIENTED_EDGE('',*,*,#958,.T.);
#283=ORIENTED_EDGE('',*,*,#959,.T.);
#284=ORIENTED_EDGE('',*,*,#960,.T.);
#285=ORIENTED_EDGE('',*,*,#961,.T.);
#286=ORIENTED_EDGE('',*,*,#962,.T.);
#287=ORIENTED_EDGE('',*,*,#963,.T.);
#288=ORIENTED_EDGE('',*,*,#964,.T.);
#289=ORIENTED_EDGE('',*,*,#965,.T.);
#290=ORIENTED_EDGE('',*,*,#966,.T.);
#291=ORIENTED_EDGE('',*,*,#967,.T.);
#292=ORIENTED_EDGE('',*,*,#968,.T.);
#293=ORIENTED_EDGE('',*,*,#969,.T.);
#294=ORIENTED_EDGE('',*,*,#970,.T.);
#295=ORIENTED_EDGE('',*,*,#971,.T.);
#296=ORIENTED_EDGE('',*,*,#972,.T.);
#297=ORIENTED_EDGE('',*,*,#973,.T.);
#298=ORIENTED_EDGE('',*,*,#974,.T.);
#299=ORIENTED_EDGE('',*,*,#975,.T.);
#300=ORIENTED_EDGE('',*,*,#976,.T.);
#301=ORIENTED_EDGE('',*,*,#977,.T.);
#302=ORIENTED_EDGE('',*,*,#978,.T.);
#303=ORIENTED_EDGE('',*,*,#979,.T.);
#304=ORIENTED_EDGE('',*,*,#926,.F.);
#305=ORIENTED_EDGE('',*,*,#980,.F.);
#306=ORIENTED_EDGE('',*,*,#981,.F.);
#307=ORIENTED_EDGE('',*,*,#982,.T.);
#308=ORIENTED_EDGE('',*,*,#983,.T.);
#309=ORIENTED_EDGE('',*,*,#984,.F.);
#310=ORIENTED_EDGE('',*,*,#931,.F.);
#311=ORIENTED_EDGE('',*,*,#985,.T.);
#312=ORIENTED_EDGE('',*,*,#986,.F.);
#313=ORIENTED_EDGE('',*,*,#987,.T.);
#314=ORIENTED_EDGE('',*,*,#988,.T.);
#315=ORIENTED_EDGE('',*,*,#989,.T.);
#316=ORIENTED_EDGE('',*,*,#932,.F.);
#317=ORIENTED_EDGE('',*,*,#984,.T.);
#318=ORIENTED_EDGE('',*,*,#990,.T.);
#319=ORIENTED_EDGE('',*,*,#991,.F.);
#320=ORIENTED_EDGE('',*,*,#990,.F.);
#321=ORIENTED_EDGE('',*,*,#983,.F.);
#322=ORIENTED_EDGE('',*,*,#992,.T.);
#323=ORIENTED_EDGE('',*,*,#993,.T.);
#324=ORIENTED_EDGE('',*,*,#992,.F.);
#325=ORIENTED_EDGE('',*,*,#982,.F.);
#326=ORIENTED_EDGE('',*,*,#994,.T.);
#327=ORIENTED_EDGE('',*,*,#995,.T.);
#328=ORIENTED_EDGE('',*,*,#996,.F.);
#329=ORIENTED_EDGE('',*,*,#997,.F.);
#330=ORIENTED_EDGE('',*,*,#994,.F.);
#331=ORIENTED_EDGE('',*,*,#981,.T.);
#332=ORIENTED_EDGE('',*,*,#998,.F.);
#333=ORIENTED_EDGE('',*,*,#999,.F.);
#334=ORIENTED_EDGE('',*,*,#1000,.T.);
#335=ORIENTED_EDGE('',*,*,#1001,.T.);
#336=ORIENTED_EDGE('',*,*,#1002,.F.);
#337=ORIENTED_EDGE('',*,*,#1003,.F.);
#338=ORIENTED_EDGE('',*,*,#1004,.F.);
#339=ORIENTED_EDGE('',*,*,#933,.T.);
#340=ORIENTED_EDGE('',*,*,#991,.T.);
#341=ORIENTED_EDGE('',*,*,#993,.F.);
#342=ORIENTED_EDGE('',*,*,#995,.F.);
#343=ORIENTED_EDGE('',*,*,#997,.T.);
#344=ORIENTED_EDGE('',*,*,#1005,.F.);
#345=ORIENTED_EDGE('',*,*,#928,.F.);
#346=ORIENTED_EDGE('',*,*,#1006,.T.);
#347=ORIENTED_EDGE('',*,*,#1007,.F.);
#348=ORIENTED_EDGE('',*,*,#1008,.F.);
#349=ORIENTED_EDGE('',*,*,#1009,.F.);
#350=ORIENTED_EDGE('',*,*,#1010,.F.);
#351=ORIENTED_EDGE('',*,*,#1011,.F.);
#352=ORIENTED_EDGE('',*,*,#1012,.T.);
#353=ORIENTED_EDGE('',*,*,#1013,.F.);
#354=ORIENTED_EDGE('',*,*,#1014,.T.);
#355=ORIENTED_EDGE('',*,*,#1015,.F.);
#356=ORIENTED_EDGE('',*,*,#1016,.F.);
#357=ORIENTED_EDGE('',*,*,#1017,.F.);
#358=ORIENTED_EDGE('',*,*,#1018,.F.);
#359=ORIENTED_EDGE('',*,*,#1019,.F.);
#360=ORIENTED_EDGE('',*,*,#1020,.T.);
#361=ORIENTED_EDGE('',*,*,#1021,.F.);
#362=ORIENTED_EDGE('',*,*,#1022,.T.);
#363=ORIENTED_EDGE('',*,*,#1023,.F.);
#364=ORIENTED_EDGE('',*,*,#1024,.F.);
#365=ORIENTED_EDGE('',*,*,#1025,.F.);
#366=ORIENTED_EDGE('',*,*,#1026,.F.);
#367=ORIENTED_EDGE('',*,*,#1027,.F.);
#368=ORIENTED_EDGE('',*,*,#1028,.T.);
#369=ORIENTED_EDGE('',*,*,#1029,.F.);
#370=ORIENTED_EDGE('',*,*,#1030,.T.);
#371=ORIENTED_EDGE('',*,*,#1031,.F.);
#372=ORIENTED_EDGE('',*,*,#1032,.F.);
#373=ORIENTED_EDGE('',*,*,#1033,.F.);
#374=ORIENTED_EDGE('',*,*,#1034,.F.);
#375=ORIENTED_EDGE('',*,*,#1035,.F.);
#376=ORIENTED_EDGE('',*,*,#1036,.T.);
#377=ORIENTED_EDGE('',*,*,#1037,.F.);
#378=ORIENTED_EDGE('',*,*,#1038,.T.);
#379=ORIENTED_EDGE('',*,*,#1039,.F.);
#380=ORIENTED_EDGE('',*,*,#1040,.F.);
#381=ORIENTED_EDGE('',*,*,#1041,.F.);
#382=ORIENTED_EDGE('',*,*,#1042,.F.);
#383=ORIENTED_EDGE('',*,*,#1043,.F.);
#384=ORIENTED_EDGE('',*,*,#1044,.T.);
#385=ORIENTED_EDGE('',*,*,#1045,.F.);
#386=ORIENTED_EDGE('',*,*,#1046,.T.);
#387=ORIENTED_EDGE('',*,*,#1047,.F.);
#388=ORIENTED_EDGE('',*,*,#1048,.F.);
#389=ORIENTED_EDGE('',*,*,#1049,.F.);
#390=ORIENTED_EDGE('',*,*,#930,.T.);
#391=ORIENTED_EDGE('',*,*,#1004,.T.);
#392=ORIENTED_EDGE('',*,*,#1050,.F.);
#393=ORIENTED_EDGE('',*,*,#985,.F.);
#394=ORIENTED_EDGE('',*,*,#1003,.T.);
#395=ORIENTED_EDGE('',*,*,#1051,.T.);
#396=ORIENTED_EDGE('',*,*,#986,.T.);
#397=ORIENTED_EDGE('',*,*,#1050,.T.);
#398=ORIENTED_EDGE('',*,*,#996,.T.);
#399=ORIENTED_EDGE('',*,*,#980,.T.);
#400=ORIENTED_EDGE('',*,*,#929,.T.);
#401=ORIENTED_EDGE('',*,*,#1005,.T.);
#402=ORIENTED_EDGE('',*,*,#1052,.T.);
#403=ORIENTED_EDGE('',*,*,#1009,.T.);
#404=ORIENTED_EDGE('',*,*,#1053,.F.);
#405=ORIENTED_EDGE('',*,*,#988,.F.);
#406=ORIENTED_EDGE('',*,*,#1053,.T.);
#407=ORIENTED_EDGE('',*,*,#1008,.T.);
#408=ORIENTED_EDGE('',*,*,#1054,.F.);
#409=ORIENTED_EDGE('',*,*,#989,.F.);
#410=ORIENTED_EDGE('',*,*,#1054,.T.);
#411=ORIENTED_EDGE('',*,*,#1007,.T.);
#412=ORIENTED_EDGE('',*,*,#1055,.F.);
#413=ORIENTED_EDGE('',*,*,#978,.F.);
#414=ORIENTED_EDGE('',*,*,#1055,.T.);
#415=ORIENTED_EDGE('',*,*,#1006,.F.);
#416=ORIENTED_EDGE('',*,*,#927,.F.);
#417=ORIENTED_EDGE('',*,*,#979,.F.);
#418=ORIENTED_EDGE('',*,*,#1051,.F.);
#419=ORIENTED_EDGE('',*,*,#1002,.T.);
#420=ORIENTED_EDGE('',*,*,#1052,.F.);
#421=ORIENTED_EDGE('',*,*,#987,.F.);
#422=ORIENTED_EDGE('',*,*,#1056,.T.);
#423=ORIENTED_EDGE('',*,*,#1042,.T.);
#424=ORIENTED_EDGE('',*,*,#1057,.F.);
#425=ORIENTED_EDGE('',*,*,#971,.F.);
#426=ORIENTED_EDGE('',*,*,#1057,.T.);
#427=ORIENTED_EDGE('',*,*,#1049,.T.);
#428=ORIENTED_EDGE('',*,*,#1058,.F.);
#429=ORIENTED_EDGE('',*,*,#972,.F.);
#430=ORIENTED_EDGE('',*,*,#1058,.T.);
#431=ORIENTED_EDGE('',*,*,#1048,.T.);
#432=ORIENTED_EDGE('',*,*,#1059,.F.);
#433=ORIENTED_EDGE('',*,*,#973,.F.);
#434=ORIENTED_EDGE('',*,*,#1059,.T.);
#435=ORIENTED_EDGE('',*,*,#1047,.T.);
#436=ORIENTED_EDGE('',*,*,#1060,.F.);
#437=ORIENTED_EDGE('',*,*,#974,.F.);
#438=ORIENTED_EDGE('',*,*,#1060,.T.);
#439=ORIENTED_EDGE('',*,*,#1046,.F.);
#440=ORIENTED_EDGE('',*,*,#1061,.F.);
#441=ORIENTED_EDGE('',*,*,#975,.F.);
#442=ORIENTED_EDGE('',*,*,#1061,.T.);
#443=ORIENTED_EDGE('',*,*,#1045,.T.);
#444=ORIENTED_EDGE('',*,*,#1062,.F.);
#445=ORIENTED_EDGE('',*,*,#976,.F.);
#446=ORIENTED_EDGE('',*,*,#1062,.T.);
#447=ORIENTED_EDGE('',*,*,#1044,.F.);
#448=ORIENTED_EDGE('',*,*,#1063,.F.);
#449=ORIENTED_EDGE('',*,*,#977,.F.);
#450=ORIENTED_EDGE('',*,*,#1063,.T.);
#451=ORIENTED_EDGE('',*,*,#1043,.T.);
#452=ORIENTED_EDGE('',*,*,#1056,.F.);
#453=ORIENTED_EDGE('',*,*,#970,.F.);
#454=ORIENTED_EDGE('',*,*,#1064,.T.);
#455=ORIENTED_EDGE('',*,*,#1034,.T.);
#456=ORIENTED_EDGE('',*,*,#1065,.F.);
#457=ORIENTED_EDGE('',*,*,#963,.F.);
#458=ORIENTED_EDGE('',*,*,#1065,.T.);
#459=ORIENTED_EDGE('',*,*,#1041,.T.);
#460=ORIENTED_EDGE('',*,*,#1066,.F.);
#461=ORIENTED_EDGE('',*,*,#964,.F.);
#462=ORIENTED_EDGE('',*,*,#1066,.T.);
#463=ORIENTED_EDGE('',*,*,#1040,.T.);
#464=ORIENTED_EDGE('',*,*,#1067,.F.);
#465=ORIENTED_EDGE('',*,*,#965,.F.);
#466=ORIENTED_EDGE('',*,*,#1067,.T.);
#467=ORIENTED_EDGE('',*,*,#1039,.T.);
#468=ORIENTED_EDGE('',*,*,#1068,.F.);
#469=ORIENTED_EDGE('',*,*,#966,.F.);
#470=ORIENTED_EDGE('',*,*,#1068,.T.);
#471=ORIENTED_EDGE('',*,*,#1038,.F.);
#472=ORIENTED_EDGE('',*,*,#1069,.F.);
#473=ORIENTED_EDGE('',*,*,#967,.F.);
#474=ORIENTED_EDGE('',*,*,#1069,.T.);
#475=ORIENTED_EDGE('',*,*,#1037,.T.);
#476=ORIENTED_EDGE('',*,*,#1070,.F.);
#477=ORIENTED_EDGE('',*,*,#968,.F.);
#478=ORIENTED_EDGE('',*,*,#1070,.T.);
#479=ORIENTED_EDGE('',*,*,#1036,.F.);
#480=ORIENTED_EDGE('',*,*,#1071,.F.);
#481=ORIENTED_EDGE('',*,*,#969,.F.);
#482=ORIENTED_EDGE('',*,*,#1071,.T.);
#483=ORIENTED_EDGE('',*,*,#1035,.T.);
#484=ORIENTED_EDGE('',*,*,#1064,.F.);
#485=ORIENTED_EDGE('',*,*,#962,.F.);
#486=ORIENTED_EDGE('',*,*,#1072,.T.);
#487=ORIENTED_EDGE('',*,*,#1026,.T.);
#488=ORIENTED_EDGE('',*,*,#1073,.F.);
#489=ORIENTED_EDGE('',*,*,#955,.F.);
#490=ORIENTED_EDGE('',*,*,#1073,.T.);
#491=ORIENTED_EDGE('',*,*,#1033,.T.);
#492=ORIENTED_EDGE('',*,*,#1074,.F.);
#493=ORIENTED_EDGE('',*,*,#956,.F.);
#494=ORIENTED_EDGE('',*,*,#1074,.T.);
#495=ORIENTED_EDGE('',*,*,#1032,.T.);
#496=ORIENTED_EDGE('',*,*,#1075,.F.);
#497=ORIENTED_EDGE('',*,*,#957,.F.);
#498=ORIENTED_EDGE('',*,*,#1075,.T.);
#499=ORIENTED_EDGE('',*,*,#1031,.T.);
#500=ORIENTED_EDGE('',*,*,#1076,.F.);
#501=ORIENTED_EDGE('',*,*,#958,.F.);
#502=ORIENTED_EDGE('',*,*,#1076,.T.);
#503=ORIENTED_EDGE('',*,*,#1030,.F.);
#504=ORIENTED_EDGE('',*,*,#1077,.F.);
#505=ORIENTED_EDGE('',*,*,#959,.F.);
#506=ORIENTED_EDGE('',*,*,#1077,.T.);
#507=ORIENTED_EDGE('',*,*,#1029,.T.);
#508=ORIENTED_EDGE('',*,*,#1078,.F.);
#509=ORIENTED_EDGE('',*,*,#960,.F.);
#510=ORIENTED_EDGE('',*,*,#1078,.T.);
#511=ORIENTED_EDGE('',*,*,#1028,.F.);
#512=ORIENTED_EDGE('',*,*,#1079,.F.);
#513=ORIENTED_EDGE('',*,*,#961,.F.);
#514=ORIENTED_EDGE('',*,*,#1079,.T.);
#515=ORIENTED_EDGE('',*,*,#1027,.T.);
#516=ORIENTED_EDGE('',*,*,#1072,.F.);
#517=ORIENTED_EDGE('',*,*,#954,.F.);
#518=ORIENTED_EDGE('',*,*,#1080,.T.);
#519=ORIENTED_EDGE('',*,*,#1018,.T.);
#520=ORIENTED_EDGE('',*,*,#1081,.F.);
#521=ORIENTED_EDGE('',*,*,#947,.F.);
#522=ORIENTED_EDGE('',*,*,#1081,.T.);
#523=ORIENTED_EDGE('',*,*,#1025,.T.);
#524=ORIENTED_EDGE('',*,*,#1082,.F.);
#525=ORIENTED_EDGE('',*,*,#948,.F.);
#526=ORIENTED_EDGE('',*,*,#1082,.T.);
#527=ORIENTED_EDGE('',*,*,#1024,.T.);
#528=ORIENTED_EDGE('',*,*,#1083,.F.);
#529=ORIENTED_EDGE('',*,*,#949,.F.);
#530=ORIENTED_EDGE('',*,*,#1083,.T.);
#531=ORIENTED_EDGE('',*,*,#1023,.T.);
#532=ORIENTED_EDGE('',*,*,#1084,.F.);
#533=ORIENTED_EDGE('',*,*,#950,.F.);
#534=ORIENTED_EDGE('',*,*,#1084,.T.);
#535=ORIENTED_EDGE('',*,*,#1022,.F.);
#536=ORIENTED_EDGE('',*,*,#1085,.F.);
#537=ORIENTED_EDGE('',*,*,#951,.F.);
#538=ORIENTED_EDGE('',*,*,#1085,.T.);
#539=ORIENTED_EDGE('',*,*,#1021,.T.);
#540=ORIENTED_EDGE('',*,*,#1086,.F.);
#541=ORIENTED_EDGE('',*,*,#952,.F.);
#542=ORIENTED_EDGE('',*,*,#1086,.T.);
#543=ORIENTED_EDGE('',*,*,#1020,.F.);
#544=ORIENTED_EDGE('',*,*,#1087,.F.);
#545=ORIENTED_EDGE('',*,*,#953,.F.);
#546=ORIENTED_EDGE('',*,*,#1087,.T.);
#547=ORIENTED_EDGE('',*,*,#1019,.T.);
#548=ORIENTED_EDGE('',*,*,#1080,.F.);
#549=ORIENTED_EDGE('',*,*,#946,.F.);
#550=ORIENTED_EDGE('',*,*,#1088,.T.);
#551=ORIENTED_EDGE('',*,*,#1010,.T.);
#552=ORIENTED_EDGE('',*,*,#1089,.F.);
#553=ORIENTED_EDGE('',*,*,#939,.F.);
#554=ORIENTED_EDGE('',*,*,#1089,.T.);
#555=ORIENTED_EDGE('',*,*,#1017,.T.);
#556=ORIENTED_EDGE('',*,*,#1090,.F.);
#557=ORIENTED_EDGE('',*,*,#940,.F.);
#558=ORIENTED_EDGE('',*,*,#1090,.T.);
#559=ORIENTED_EDGE('',*,*,#1016,.T.);
#560=ORIENTED_EDGE('',*,*,#1091,.F.);
#561=ORIENTED_EDGE('',*,*,#941,.F.);
#562=ORIENTED_EDGE('',*,*,#1091,.T.);
#563=ORIENTED_EDGE('',*,*,#1015,.T.);
#564=ORIENTED_EDGE('',*,*,#1092,.F.);
#565=ORIENTED_EDGE('',*,*,#942,.F.);
#566=ORIENTED_EDGE('',*,*,#1092,.T.);
#567=ORIENTED_EDGE('',*,*,#1014,.F.);
#568=ORIENTED_EDGE('',*,*,#1093,.F.);
#569=ORIENTED_EDGE('',*,*,#943,.F.);
#570=ORIENTED_EDGE('',*,*,#1093,.T.);
#571=ORIENTED_EDGE('',*,*,#1013,.T.);
#572=ORIENTED_EDGE('',*,*,#1094,.F.);
#573=ORIENTED_EDGE('',*,*,#944,.F.);
#574=ORIENTED_EDGE('',*,*,#1094,.T.);
#575=ORIENTED_EDGE('',*,*,#1012,.F.);
#576=ORIENTED_EDGE('',*,*,#1095,.F.);
#577=ORIENTED_EDGE('',*,*,#945,.F.);
#578=ORIENTED_EDGE('',*,*,#1095,.T.);
#579=ORIENTED_EDGE('',*,*,#1011,.T.);
#580=ORIENTED_EDGE('',*,*,#1088,.F.);
#581=ORIENTED_EDGE('',*,*,#938,.F.);
#582=ORIENTED_EDGE('',*,*,#1001,.F.);
#583=ORIENTED_EDGE('',*,*,#937,.F.);
#584=ORIENTED_EDGE('',*,*,#1000,.F.);
#585=ORIENTED_EDGE('',*,*,#936,.F.);
#586=ORIENTED_EDGE('',*,*,#999,.T.);
#587=ORIENTED_EDGE('',*,*,#935,.F.);
#588=ORIENTED_EDGE('',*,*,#998,.T.);
#589=ORIENTED_EDGE('',*,*,#934,.F.);
#590=ORIENTED_EDGE('',*,*,#1096,.T.);
#591=ORIENTED_EDGE('',*,*,#1097,.T.);
#592=ORIENTED_EDGE('',*,*,#1098,.F.);
#593=ORIENTED_EDGE('',*,*,#1099,.F.);
#594=ORIENTED_EDGE('',*,*,#1100,.T.);
#595=ORIENTED_EDGE('',*,*,#1101,.T.);
#596=ORIENTED_EDGE('',*,*,#1096,.F.);
#597=ORIENTED_EDGE('',*,*,#1102,.F.);
#598=ORIENTED_EDGE('',*,*,#1098,.T.);
#599=ORIENTED_EDGE('',*,*,#1103,.T.);
#600=ORIENTED_EDGE('',*,*,#1104,.F.);
#601=ORIENTED_EDGE('',*,*,#1105,.F.);
#602=ORIENTED_EDGE('',*,*,#1105,.T.);
#603=ORIENTED_EDGE('',*,*,#1106,.T.);
#604=ORIENTED_EDGE('',*,*,#1102,.T.);
#605=ORIENTED_EDGE('',*,*,#1099,.T.);
#606=ORIENTED_EDGE('',*,*,#1107,.F.);
#607=ORIENTED_EDGE('',*,*,#1108,.F.);
#608=ORIENTED_EDGE('',*,*,#1109,.F.);
#609=ORIENTED_EDGE('',*,*,#1110,.F.);
#610=ORIENTED_EDGE('',*,*,#1111,.F.);
#611=ORIENTED_EDGE('',*,*,#1112,.F.);
#612=ORIENTED_EDGE('',*,*,#1113,.F.);
#613=ORIENTED_EDGE('',*,*,#1114,.F.);
#614=ORIENTED_EDGE('',*,*,#1115,.F.);
#615=ORIENTED_EDGE('',*,*,#1116,.F.);
#616=ORIENTED_EDGE('',*,*,#1117,.F.);
#617=ORIENTED_EDGE('',*,*,#1118,.F.);
#618=ORIENTED_EDGE('',*,*,#1119,.F.);
#619=ORIENTED_EDGE('',*,*,#1120,.F.);
#620=ORIENTED_EDGE('',*,*,#1121,.F.);
#621=ORIENTED_EDGE('',*,*,#1122,.F.);
#622=ORIENTED_EDGE('',*,*,#1123,.F.);
#623=ORIENTED_EDGE('',*,*,#1124,.F.);
#624=ORIENTED_EDGE('',*,*,#1125,.F.);
#625=ORIENTED_EDGE('',*,*,#1126,.F.);
#626=ORIENTED_EDGE('',*,*,#1127,.F.);
#627=ORIENTED_EDGE('',*,*,#1128,.F.);
#628=ORIENTED_EDGE('',*,*,#1129,.F.);
#629=ORIENTED_EDGE('',*,*,#1130,.F.);
#630=ORIENTED_EDGE('',*,*,#1131,.F.);
#631=ORIENTED_EDGE('',*,*,#1132,.F.);
#632=ORIENTED_EDGE('',*,*,#1133,.F.);
#633=ORIENTED_EDGE('',*,*,#1134,.F.);
#634=ORIENTED_EDGE('',*,*,#1135,.F.);
#635=ORIENTED_EDGE('',*,*,#1136,.F.);
#636=ORIENTED_EDGE('',*,*,#1137,.F.);
#637=ORIENTED_EDGE('',*,*,#1138,.F.);
#638=ORIENTED_EDGE('',*,*,#1139,.F.);
#639=ORIENTED_EDGE('',*,*,#1140,.F.);
#640=ORIENTED_EDGE('',*,*,#1141,.F.);
#641=ORIENTED_EDGE('',*,*,#1142,.F.);
#642=ORIENTED_EDGE('',*,*,#1143,.F.);
#643=ORIENTED_EDGE('',*,*,#1144,.F.);
#644=ORIENTED_EDGE('',*,*,#1145,.F.);
#645=ORIENTED_EDGE('',*,*,#1146,.F.);
#646=ORIENTED_EDGE('',*,*,#1147,.F.);
#647=ORIENTED_EDGE('',*,*,#1148,.F.);
#648=ORIENTED_EDGE('',*,*,#1149,.F.);
#649=ORIENTED_EDGE('',*,*,#1150,.F.);
#650=ORIENTED_EDGE('',*,*,#1151,.F.);
#651=ORIENTED_EDGE('',*,*,#1152,.F.);
#652=ORIENTED_EDGE('',*,*,#1153,.F.);
#653=ORIENTED_EDGE('',*,*,#1154,.F.);
#654=ORIENTED_EDGE('',*,*,#1155,.F.);
#655=ORIENTED_EDGE('',*,*,#1156,.F.);
#656=ORIENTED_EDGE('',*,*,#1157,.F.);
#657=ORIENTED_EDGE('',*,*,#1158,.F.);
#658=ORIENTED_EDGE('',*,*,#1097,.F.);
#659=ORIENTED_EDGE('',*,*,#1101,.F.);
#660=ORIENTED_EDGE('',*,*,#1159,.F.);
#661=ORIENTED_EDGE('',*,*,#1103,.F.);
#662=ORIENTED_EDGE('',*,*,#1160,.T.);
#663=ORIENTED_EDGE('',*,*,#1161,.T.);
#664=ORIENTED_EDGE('',*,*,#1162,.T.);
#665=ORIENTED_EDGE('',*,*,#1163,.T.);
#666=ORIENTED_EDGE('',*,*,#1164,.T.);
#667=ORIENTED_EDGE('',*,*,#1165,.T.);
#668=ORIENTED_EDGE('',*,*,#1166,.T.);
#669=ORIENTED_EDGE('',*,*,#1167,.T.);
#670=ORIENTED_EDGE('',*,*,#1168,.T.);
#671=ORIENTED_EDGE('',*,*,#1169,.T.);
#672=ORIENTED_EDGE('',*,*,#1170,.T.);
#673=ORIENTED_EDGE('',*,*,#1171,.T.);
#674=ORIENTED_EDGE('',*,*,#1172,.T.);
#675=ORIENTED_EDGE('',*,*,#1173,.T.);
#676=ORIENTED_EDGE('',*,*,#1174,.T.);
#677=ORIENTED_EDGE('',*,*,#1175,.T.);
#678=ORIENTED_EDGE('',*,*,#1176,.T.);
#679=ORIENTED_EDGE('',*,*,#1177,.T.);
#680=ORIENTED_EDGE('',*,*,#1178,.T.);
#681=ORIENTED_EDGE('',*,*,#1179,.T.);
#682=ORIENTED_EDGE('',*,*,#1180,.T.);
#683=ORIENTED_EDGE('',*,*,#1181,.T.);
#684=ORIENTED_EDGE('',*,*,#1182,.T.);
#685=ORIENTED_EDGE('',*,*,#1183,.T.);
#686=ORIENTED_EDGE('',*,*,#1184,.T.);
#687=ORIENTED_EDGE('',*,*,#1185,.T.);
#688=ORIENTED_EDGE('',*,*,#1186,.T.);
#689=ORIENTED_EDGE('',*,*,#1187,.T.);
#690=ORIENTED_EDGE('',*,*,#1188,.T.);
#691=ORIENTED_EDGE('',*,*,#1189,.T.);
#692=ORIENTED_EDGE('',*,*,#1190,.T.);
#693=ORIENTED_EDGE('',*,*,#1191,.T.);
#694=ORIENTED_EDGE('',*,*,#1192,.T.);
#695=ORIENTED_EDGE('',*,*,#1193,.T.);
#696=ORIENTED_EDGE('',*,*,#1194,.T.);
#697=ORIENTED_EDGE('',*,*,#1195,.T.);
#698=ORIENTED_EDGE('',*,*,#1196,.T.);
#699=ORIENTED_EDGE('',*,*,#1197,.T.);
#700=ORIENTED_EDGE('',*,*,#1198,.T.);
#701=ORIENTED_EDGE('',*,*,#1199,.T.);
#702=ORIENTED_EDGE('',*,*,#1200,.T.);
#703=ORIENTED_EDGE('',*,*,#1201,.T.);
#704=ORIENTED_EDGE('',*,*,#1202,.T.);
#705=ORIENTED_EDGE('',*,*,#1203,.T.);
#706=ORIENTED_EDGE('',*,*,#1204,.T.);
#707=ORIENTED_EDGE('',*,*,#1205,.T.);
#708=ORIENTED_EDGE('',*,*,#1206,.T.);
#709=ORIENTED_EDGE('',*,*,#1207,.T.);
#710=ORIENTED_EDGE('',*,*,#1208,.T.);
#711=ORIENTED_EDGE('',*,*,#1209,.T.);
#712=ORIENTED_EDGE('',*,*,#1210,.T.);
#713=ORIENTED_EDGE('',*,*,#1211,.T.);
#714=ORIENTED_EDGE('',*,*,#1104,.T.);
#715=ORIENTED_EDGE('',*,*,#1159,.T.);
#716=ORIENTED_EDGE('',*,*,#1100,.F.);
#717=ORIENTED_EDGE('',*,*,#1106,.F.);
#718=ORIENTED_EDGE('',*,*,#1160,.F.);
#719=ORIENTED_EDGE('',*,*,#1107,.T.);
#720=ORIENTED_EDGE('',*,*,#1161,.F.);
#721=ORIENTED_EDGE('',*,*,#1108,.T.);
#722=ORIENTED_EDGE('',*,*,#1162,.F.);
#723=ORIENTED_EDGE('',*,*,#1109,.T.);
#724=ORIENTED_EDGE('',*,*,#1163,.F.);
#725=ORIENTED_EDGE('',*,*,#1110,.T.);
#726=ORIENTED_EDGE('',*,*,#1164,.F.);
#727=ORIENTED_EDGE('',*,*,#1111,.T.);
#728=ORIENTED_EDGE('',*,*,#1165,.F.);
#729=ORIENTED_EDGE('',*,*,#1112,.T.);
#730=ORIENTED_EDGE('',*,*,#1166,.F.);
#731=ORIENTED_EDGE('',*,*,#1113,.T.);
#732=ORIENTED_EDGE('',*,*,#1167,.F.);
#733=ORIENTED_EDGE('',*,*,#1114,.T.);
#734=ORIENTED_EDGE('',*,*,#1168,.F.);
#735=ORIENTED_EDGE('',*,*,#1115,.T.);
#736=ORIENTED_EDGE('',*,*,#1169,.F.);
#737=ORIENTED_EDGE('',*,*,#1116,.T.);
#738=ORIENTED_EDGE('',*,*,#1170,.F.);
#739=ORIENTED_EDGE('',*,*,#1117,.T.);
#740=ORIENTED_EDGE('',*,*,#1171,.F.);
#741=ORIENTED_EDGE('',*,*,#1118,.T.);
#742=ORIENTED_EDGE('',*,*,#1172,.F.);
#743=ORIENTED_EDGE('',*,*,#1119,.T.);
#744=ORIENTED_EDGE('',*,*,#1173,.F.);
#745=ORIENTED_EDGE('',*,*,#1120,.T.);
#746=ORIENTED_EDGE('',*,*,#1174,.F.);
#747=ORIENTED_EDGE('',*,*,#1121,.T.);
#748=ORIENTED_EDGE('',*,*,#1175,.F.);
#749=ORIENTED_EDGE('',*,*,#1122,.T.);
#750=ORIENTED_EDGE('',*,*,#1176,.F.);
#751=ORIENTED_EDGE('',*,*,#1123,.T.);
#752=ORIENTED_EDGE('',*,*,#1177,.F.);
#753=ORIENTED_EDGE('',*,*,#1124,.T.);
#754=ORIENTED_EDGE('',*,*,#1178,.F.);
#755=ORIENTED_EDGE('',*,*,#1125,.T.);
#756=ORIENTED_EDGE('',*,*,#1179,.F.);
#757=ORIENTED_EDGE('',*,*,#1126,.T.);
#758=ORIENTED_EDGE('',*,*,#1180,.F.);
#759=ORIENTED_EDGE('',*,*,#1127,.T.);
#760=ORIENTED_EDGE('',*,*,#1181,.F.);
#761=ORIENTED_EDGE('',*,*,#1128,.T.);
#762=ORIENTED_EDGE('',*,*,#1182,.F.);
#763=ORIENTED_EDGE('',*,*,#1129,.T.);
#764=ORIENTED_EDGE('',*,*,#1183,.F.);
#765=ORIENTED_EDGE('',*,*,#1130,.T.);
#766=ORIENTED_EDGE('',*,*,#1184,.F.);
#767=ORIENTED_EDGE('',*,*,#1131,.T.);
#768=ORIENTED_EDGE('',*,*,#1185,.F.);
#769=ORIENTED_EDGE('',*,*,#1132,.T.);
#770=ORIENTED_EDGE('',*,*,#1186,.F.);
#771=ORIENTED_EDGE('',*,*,#1133,.T.);
#772=ORIENTED_EDGE('',*,*,#1187,.F.);
#773=ORIENTED_EDGE('',*,*,#1134,.T.);
#774=ORIENTED_EDGE('',*,*,#1188,.F.);
#775=ORIENTED_EDGE('',*,*,#1135,.T.);
#776=ORIENTED_EDGE('',*,*,#1189,.F.);
#777=ORIENTED_EDGE('',*,*,#1136,.T.);
#778=ORIENTED_EDGE('',*,*,#1190,.F.);
#779=ORIENTED_EDGE('',*,*,#1137,.T.);
#780=ORIENTED_EDGE('',*,*,#1191,.F.);
#781=ORIENTED_EDGE('',*,*,#1138,.T.);
#782=ORIENTED_EDGE('',*,*,#1192,.F.);
#783=ORIENTED_EDGE('',*,*,#1139,.T.);
#784=ORIENTED_EDGE('',*,*,#1193,.F.);
#785=ORIENTED_EDGE('',*,*,#1140,.T.);
#786=ORIENTED_EDGE('',*,*,#1194,.F.);
#787=ORIENTED_EDGE('',*,*,#1141,.T.);
#788=ORIENTED_EDGE('',*,*,#1145,.T.);
#789=ORIENTED_EDGE('',*,*,#1212,.T.);
#790=ORIENTED_EDGE('',*,*,#1195,.F.);
#791=ORIENTED_EDGE('',*,*,#1213,.F.);
#792=ORIENTED_EDGE('',*,*,#1142,.T.);
#793=ORIENTED_EDGE('',*,*,#1213,.T.);
#794=ORIENTED_EDGE('',*,*,#1198,.F.);
#795=ORIENTED_EDGE('',*,*,#1214,.F.);
#796=ORIENTED_EDGE('',*,*,#1143,.T.);
#797=ORIENTED_EDGE('',*,*,#1214,.T.);
#798=ORIENTED_EDGE('',*,*,#1197,.F.);
#799=ORIENTED_EDGE('',*,*,#1215,.F.);
#800=ORIENTED_EDGE('',*,*,#1144,.T.);
#801=ORIENTED_EDGE('',*,*,#1215,.T.);
#802=ORIENTED_EDGE('',*,*,#1196,.F.);
#803=ORIENTED_EDGE('',*,*,#1212,.F.);
#804=ORIENTED_EDGE('',*,*,#1199,.F.);
#805=ORIENTED_EDGE('',*,*,#1146,.T.);
#806=ORIENTED_EDGE('',*,*,#1200,.F.);
#807=ORIENTED_EDGE('',*,*,#1147,.T.);
#808=ORIENTED_EDGE('',*,*,#1201,.F.);
#809=ORIENTED_EDGE('',*,*,#1148,.T.);
#810=ORIENTED_EDGE('',*,*,#1202,.F.);
#811=ORIENTED_EDGE('',*,*,#1149,.T.);
#812=ORIENTED_EDGE('',*,*,#1203,.F.);
#813=ORIENTED_EDGE('',*,*,#1150,.T.);
#814=ORIENTED_EDGE('',*,*,#1204,.F.);
#815=ORIENTED_EDGE('',*,*,#1151,.T.);
#816=ORIENTED_EDGE('',*,*,#1205,.F.);
#817=ORIENTED_EDGE('',*,*,#1152,.T.);
#818=ORIENTED_EDGE('',*,*,#1206,.F.);
#819=ORIENTED_EDGE('',*,*,#1153,.T.);
#820=ORIENTED_EDGE('',*,*,#1207,.F.);
#821=ORIENTED_EDGE('',*,*,#1154,.T.);
#822=ORIENTED_EDGE('',*,*,#1158,.T.);
#823=ORIENTED_EDGE('',*,*,#1216,.T.);
#824=ORIENTED_EDGE('',*,*,#1208,.F.);
#825=ORIENTED_EDGE('',*,*,#1217,.F.);
#826=ORIENTED_EDGE('',*,*,#1155,.T.);
#827=ORIENTED_EDGE('',*,*,#1217,.T.);
#828=ORIENTED_EDGE('',*,*,#1211,.F.);
#829=ORIENTED_EDGE('',*,*,#1218,.F.);
#830=ORIENTED_EDGE('',*,*,#1156,.T.);
#831=ORIENTED_EDGE('',*,*,#1218,.T.);
#832=ORIENTED_EDGE('',*,*,#1210,.F.);
#833=ORIENTED_EDGE('',*,*,#1219,.F.);
#834=ORIENTED_EDGE('',*,*,#1157,.T.);
#835=ORIENTED_EDGE('',*,*,#1219,.T.);
#836=ORIENTED_EDGE('',*,*,#1209,.F.);
#837=ORIENTED_EDGE('',*,*,#1216,.F.);
#838=ORIENTED_EDGE('',*,*,#1220,.F.);
#839=ORIENTED_EDGE('',*,*,#1221,.F.);
#840=ORIENTED_EDGE('',*,*,#1222,.T.);
#841=ORIENTED_EDGE('',*,*,#1223,.F.);
#842=ORIENTED_EDGE('',*,*,#1224,.T.);
#843=ORIENTED_EDGE('',*,*,#1225,.T.);
#844=ORIENTED_EDGE('',*,*,#1226,.F.);
#845=ORIENTED_EDGE('',*,*,#1227,.F.);
#846=ORIENTED_EDGE('',*,*,#1228,.T.);
#847=ORIENTED_EDGE('',*,*,#1229,.T.);
#848=ORIENTED_EDGE('',*,*,#1224,.F.);
#849=ORIENTED_EDGE('',*,*,#1230,.F.);
#850=ORIENTED_EDGE('',*,*,#1231,.F.);
#851=ORIENTED_EDGE('',*,*,#1232,.T.);
#852=ORIENTED_EDGE('',*,*,#1233,.T.);
#853=ORIENTED_EDGE('',*,*,#1226,.T.);
#854=ORIENTED_EDGE('',*,*,#1234,.F.);
#855=ORIENTED_EDGE('',*,*,#1235,.T.);
#856=ORIENTED_EDGE('',*,*,#1236,.T.);
#857=ORIENTED_EDGE('',*,*,#1237,.F.);
#858=ORIENTED_EDGE('',*,*,#1238,.F.);
#859=ORIENTED_EDGE('',*,*,#1239,.F.);
#860=ORIENTED_EDGE('',*,*,#1240,.T.);
#861=ORIENTED_EDGE('',*,*,#1241,.F.);
#862=ORIENTED_EDGE('',*,*,#1242,.T.);
#863=ORIENTED_EDGE('',*,*,#1243,.T.);
#864=ORIENTED_EDGE('',*,*,#1236,.F.);
#865=ORIENTED_EDGE('',*,*,#1244,.F.);
#866=ORIENTED_EDGE('',*,*,#1242,.F.);
#867=ORIENTED_EDGE('',*,*,#1245,.F.);
#868=ORIENTED_EDGE('',*,*,#1246,.T.);
#869=ORIENTED_EDGE('',*,*,#1247,.T.);
#870=ORIENTED_EDGE('',*,*,#1248,.T.);
#871=ORIENTED_EDGE('',*,*,#1234,.T.);
#872=ORIENTED_EDGE('',*,*,#1249,.F.);
#873=ORIENTED_EDGE('',*,*,#1246,.F.);
#874=ORIENTED_EDGE('',*,*,#1250,.F.);
#875=ORIENTED_EDGE('',*,*,#1228,.F.);
#876=ORIENTED_EDGE('',*,*,#1251,.T.);
#877=ORIENTED_EDGE('',*,*,#1221,.T.);
#878=ORIENTED_EDGE('',*,*,#1252,.F.);
#879=ORIENTED_EDGE('',*,*,#1253,.F.);
#880=ORIENTED_EDGE('',*,*,#1254,.F.);
#881=ORIENTED_EDGE('',*,*,#1255,.F.);
#882=ORIENTED_EDGE('',*,*,#1247,.F.);
#883=ORIENTED_EDGE('',*,*,#1249,.T.);
#884=ORIENTED_EDGE('',*,*,#1237,.T.);
#885=ORIENTED_EDGE('',*,*,#1243,.F.);
#886=ORIENTED_EDGE('',*,*,#1256,.T.);
#887=ORIENTED_EDGE('',*,*,#1257,.T.);
#888=ORIENTED_EDGE('',*,*,#1258,.T.);
#889=ORIENTED_EDGE('',*,*,#1259,.T.);
#890=ORIENTED_EDGE('',*,*,#1241,.T.);
#891=ORIENTED_EDGE('',*,*,#1260,.T.);
#892=ORIENTED_EDGE('',*,*,#1222,.F.);
#893=ORIENTED_EDGE('',*,*,#1251,.F.);
#894=ORIENTED_EDGE('',*,*,#1230,.T.);
#895=ORIENTED_EDGE('',*,*,#1227,.T.);
#896=ORIENTED_EDGE('',*,*,#1233,.F.);
#897=ORIENTED_EDGE('',*,*,#1261,.F.);
#898=ORIENTED_EDGE('',*,*,#1244,.T.);
#899=ORIENTED_EDGE('',*,*,#1235,.F.);
#900=ORIENTED_EDGE('',*,*,#1248,.F.);
#901=ORIENTED_EDGE('',*,*,#1245,.T.);
#902=ORIENTED_EDGE('',*,*,#1238,.T.);
#903=ORIENTED_EDGE('',*,*,#1261,.T.);
#904=ORIENTED_EDGE('',*,*,#1232,.F.);
#905=ORIENTED_EDGE('',*,*,#1262,.F.);
#906=ORIENTED_EDGE('',*,*,#1223,.T.);
#907=ORIENTED_EDGE('',*,*,#1260,.F.);
#908=ORIENTED_EDGE('',*,*,#1240,.F.);
#909=ORIENTED_EDGE('',*,*,#1263,.T.);
#910=ORIENTED_EDGE('',*,*,#1263,.F.);
#911=ORIENTED_EDGE('',*,*,#1239,.T.);
#912=ORIENTED_EDGE('',*,*,#1262,.T.);
#913=ORIENTED_EDGE('',*,*,#1231,.T.);
#914=ORIENTED_EDGE('',*,*,#1225,.F.);
#915=ORIENTED_EDGE('',*,*,#1229,.F.);
#916=ORIENTED_EDGE('',*,*,#1250,.T.);
#917=ORIENTED_EDGE('',*,*,#1220,.T.);
#918=ORIENTED_EDGE('',*,*,#1255,.T.);
#919=ORIENTED_EDGE('',*,*,#1259,.F.);
#920=ORIENTED_EDGE('',*,*,#1254,.T.);
#921=ORIENTED_EDGE('',*,*,#1258,.F.);
#922=ORIENTED_EDGE('',*,*,#1253,.T.);
#923=ORIENTED_EDGE('',*,*,#1257,.F.);
#924=ORIENTED_EDGE('',*,*,#1252,.T.);
#925=ORIENTED_EDGE('',*,*,#1256,.F.);
#926=EDGE_CURVE('',#1264,#1265,#1524,.T.);
#927=EDGE_CURVE('',#1265,#1266,#1525,.T.);
#928=EDGE_CURVE('',#1266,#1267,#1526,.F.);
#929=EDGE_CURVE('',#1264,#1267,#1527,.T.);
#930=EDGE_CURVE('',#1268,#1269,#1528,.T.);
#931=EDGE_CURVE('',#1268,#1270,#1529,.T.);
#932=EDGE_CURVE('',#1270,#1271,#1530,.T.);
#933=EDGE_CURVE('',#1269,#1271,#1531,.F.);
#934=EDGE_CURVE('',#1272,#1272,#94,.T.);
#935=EDGE_CURVE('',#1273,#1273,#95,.T.);
#936=EDGE_CURVE('',#1274,#1274,#96,.T.);
#937=EDGE_CURVE('',#1275,#1275,#97,.T.);
#938=EDGE_CURVE('',#1276,#1277,#98,.T.);
#939=EDGE_CURVE('',#1277,#1278,#1532,.T.);
#940=EDGE_CURVE('',#1278,#1279,#99,.T.);
#941=EDGE_CURVE('',#1279,#1280,#1533,.T.);
#942=EDGE_CURVE('',#1280,#1281,#100,.T.);
#943=EDGE_CURVE('',#1281,#1282,#1534,.F.);
#944=EDGE_CURVE('',#1282,#1283,#101,.T.);
#945=EDGE_CURVE('',#1283,#1276,#1535,.F.);
#946=EDGE_CURVE('',#1284,#1285,#102,.T.);
#947=EDGE_CURVE('',#1285,#1286,#1536,.T.);
#948=EDGE_CURVE('',#1286,#1287,#103,.T.);
#949=EDGE_CURVE('',#1287,#1288,#1537,.T.);
#950=EDGE_CURVE('',#1288,#1289,#104,.T.);
#951=EDGE_CURVE('',#1289,#1290,#1538,.F.);
#952=EDGE_CURVE('',#1290,#1291,#105,.T.);
#953=EDGE_CURVE('',#1291,#1284,#1539,.F.);
#954=EDGE_CURVE('',#1292,#1293,#106,.T.);
#955=EDGE_CURVE('',#1293,#1294,#1540,.T.);
#956=EDGE_CURVE('',#1294,#1295,#107,.T.);
#957=EDGE_CURVE('',#1295,#1296,#1541,.T.);
#958=EDGE_CURVE('',#1296,#1297,#108,.T.);
#959=EDGE_CURVE('',#1297,#1298,#1542,.F.);
#960=EDGE_CURVE('',#1298,#1299,#109,.T.);
#961=EDGE_CURVE('',#1299,#1292,#1543,.F.);
#962=EDGE_CURVE('',#1300,#1301,#110,.T.);
#963=EDGE_CURVE('',#1301,#1302,#1544,.T.);
#964=EDGE_CURVE('',#1302,#1303,#111,.T.);
#965=EDGE_CURVE('',#1303,#1304,#1545,.T.);
#966=EDGE_CURVE('',#1304,#1305,#112,.T.);
#967=EDGE_CURVE('',#1305,#1306,#1546,.F.);
#968=EDGE_CURVE('',#1306,#1307,#113,.T.);
#969=EDGE_CURVE('',#1307,#1300,#1547,.F.);
#970=EDGE_CURVE('',#1308,#1309,#114,.T.);
#971=EDGE_CURVE('',#1309,#1310,#1548,.T.);
#972=EDGE_CURVE('',#1310,#1311,#115,.T.);
#973=EDGE_CURVE('',#1311,#1312,#1549,.T.);
#974=EDGE_CURVE('',#1312,#1313,#116,.T.);
#975=EDGE_CURVE('',#1313,#1314,#1550,.F.);
#976=EDGE_CURVE('',#1314,#1315,#117,.T.);
#977=EDGE_CURVE('',#1315,#1308,#1551,.F.);
#978=EDGE_CURVE('',#1316,#1317,#118,.T.);
#979=EDGE_CURVE('',#1317,#1265,#1552,.F.);
#980=EDGE_CURVE('',#1318,#1264,#1553,.T.);
#981=EDGE_CURVE('',#1319,#1318,#1554,.T.);
#982=EDGE_CURVE('',#1319,#1320,#1555,.T.);
#983=EDGE_CURVE('',#1320,#1321,#1556,.T.);
#984=EDGE_CURVE('',#1270,#1321,#1557,.T.);
#985=EDGE_CURVE('',#1268,#1322,#1558,.T.);
#986=EDGE_CURVE('',#1323,#1322,#1559,.T.);
#987=EDGE_CURVE('',#1323,#1324,#1560,.T.);
#988=EDGE_CURVE('',#1324,#1325,#119,.T.);
#989=EDGE_CURVE('',#1325,#1316,#1561,.T.);
#990=EDGE_CURVE('',#1321,#1326,#1562,.T.);
#991=EDGE_CURVE('',#1271,#1326,#1563,.F.);
#992=EDGE_CURVE('',#1320,#1327,#1564,.T.);
#993=EDGE_CURVE('',#1327,#1326,#1565,.F.);
#994=EDGE_CURVE('',#1319,#1328,#1566,.T.);
#995=EDGE_CURVE('',#1328,#1327,#1567,.F.);
#996=EDGE_CURVE('',#1329,#1318,#1568,.F.);
#997=EDGE_CURVE('',#1328,#1329,#1569,.F.);
#998=EDGE_CURVE('',#1330,#1330,#120,.T.);
#999=EDGE_CURVE('',#1331,#1331,#121,.T.);
#1000=EDGE_CURVE('',#1332,#1332,#122,.T.);
#1001=EDGE_CURVE('',#1333,#1333,#123,.T.);
#1002=EDGE_CURVE('',#1334,#1335,#1570,.T.);
#1003=EDGE_CURVE('',#1336,#1334,#1571,.F.);
#1004=EDGE_CURVE('',#1269,#1336,#1572,.T.);
#1005=EDGE_CURVE('',#1267,#1329,#1573,.F.);
#1006=EDGE_CURVE('',#1266,#1337,#1574,.T.);
#1007=EDGE_CURVE('',#1338,#1337,#124,.T.);
#1008=EDGE_CURVE('',#1339,#1338,#1575,.T.);
#1009=EDGE_CURVE('',#1335,#1339,#125,.T.);
#1010=EDGE_CURVE('',#1340,#1341,#1576,.T.);
#1011=EDGE_CURVE('',#1342,#1340,#126,.T.);
#1012=EDGE_CURVE('',#1342,#1343,#1577,.T.);
#1013=EDGE_CURVE('',#1344,#1343,#127,.T.);
#1014=EDGE_CURVE('',#1344,#1345,#1578,.T.);
#1015=EDGE_CURVE('',#1346,#1345,#128,.T.);
#1016=EDGE_CURVE('',#1347,#1346,#1579,.T.);
#1017=EDGE_CURVE('',#1341,#1347,#129,.T.);
#1018=EDGE_CURVE('',#1348,#1349,#1580,.T.);
#1019=EDGE_CURVE('',#1350,#1348,#130,.T.);
#1020=EDGE_CURVE('',#1350,#1351,#1581,.T.);
#1021=EDGE_CURVE('',#1352,#1351,#131,.T.);
#1022=EDGE_CURVE('',#1352,#1353,#1582,.T.);
#1023=EDGE_CURVE('',#1354,#1353,#132,.T.);
#1024=EDGE_CURVE('',#1355,#1354,#1583,.T.);
#1025=EDGE_CURVE('',#1349,#1355,#133,.T.);
#1026=EDGE_CURVE('',#1356,#1357,#1584,.T.);
#1027=EDGE_CURVE('',#1358,#1356,#134,.T.);
#1028=EDGE_CURVE('',#1358,#1359,#1585,.T.);
#1029=EDGE_CURVE('',#1360,#1359,#135,.T.);
#1030=EDGE_CURVE('',#1360,#1361,#1586,.T.);
#1031=EDGE_CURVE('',#1362,#1361,#136,.T.);
#1032=EDGE_CURVE('',#1363,#1362,#1587,.T.);
#1033=EDGE_CURVE('',#1357,#1363,#137,.T.);
#1034=EDGE_CURVE('',#1364,#1365,#1588,.T.);
#1035=EDGE_CURVE('',#1366,#1364,#138,.T.);
#1036=EDGE_CURVE('',#1366,#1367,#1589,.T.);
#1037=EDGE_CURVE('',#1368,#1367,#139,.T.);
#1038=EDGE_CURVE('',#1368,#1369,#1590,.T.);
#1039=EDGE_CURVE('',#1370,#1369,#140,.T.);
#1040=EDGE_CURVE('',#1371,#1370,#1591,.T.);
#1041=EDGE_CURVE('',#1365,#1371,#141,.T.);
#1042=EDGE_CURVE('',#1372,#1373,#1592,.T.);
#1043=EDGE_CURVE('',#1374,#1372,#142,.T.);
#1044=EDGE_CURVE('',#1374,#1375,#1593,.T.);
#1045=EDGE_CURVE('',#1376,#1375,#143,.T.);
#1046=EDGE_CURVE('',#1376,#1377,#1594,.T.);
#1047=EDGE_CURVE('',#1378,#1377,#144,.T.);
#1048=EDGE_CURVE('',#1379,#1378,#1595,.T.);
#1049=EDGE_CURVE('',#1373,#1379,#145,.T.);
#1050=EDGE_CURVE('',#1322,#1336,#1596,.T.);
#1051=EDGE_CURVE('',#1334,#1323,#1597,.F.);
#1052=EDGE_CURVE('',#1324,#1335,#1598,.T.);
#1053=EDGE_CURVE('',#1325,#1339,#1599,.T.);
#1054=EDGE_CURVE('',#1316,#1338,#1600,.T.);
#1055=EDGE_CURVE('',#1317,#1337,#1601,.T.);
#1056=EDGE_CURVE('',#1309,#1372,#1602,.T.);
#1057=EDGE_CURVE('',#1310,#1373,#1603,.T.);
#1058=EDGE_CURVE('',#1311,#1379,#1604,.T.);
#1059=EDGE_CURVE('',#1312,#1378,#1605,.T.);
#1060=EDGE_CURVE('',#1313,#1377,#1606,.T.);
#1061=EDGE_CURVE('',#1314,#1376,#1607,.T.);
#1062=EDGE_CURVE('',#1315,#1375,#1608,.T.);
#1063=EDGE_CURVE('',#1308,#1374,#1609,.T.);
#1064=EDGE_CURVE('',#1301,#1364,#1610,.T.);
#1065=EDGE_CURVE('',#1302,#1365,#1611,.T.);
#1066=EDGE_CURVE('',#1303,#1371,#1612,.T.);
#1067=EDGE_CURVE('',#1304,#1370,#1613,.T.);
#1068=EDGE_CURVE('',#1305,#1369,#1614,.T.);
#1069=EDGE_CURVE('',#1306,#1368,#1615,.T.);
#1070=EDGE_CURVE('',#1307,#1367,#1616,.T.);
#1071=EDGE_CURVE('',#1300,#1366,#1617,.T.);
#1072=EDGE_CURVE('',#1293,#1356,#1618,.T.);
#1073=EDGE_CURVE('',#1294,#1357,#1619,.T.);
#1074=EDGE_CURVE('',#1295,#1363,#1620,.T.);
#1075=EDGE_CURVE('',#1296,#1362,#1621,.T.);
#1076=EDGE_CURVE('',#1297,#1361,#1622,.T.);
#1077=EDGE_CURVE('',#1298,#1360,#1623,.T.);
#1078=EDGE_CURVE('',#1299,#1359,#1624,.T.);
#1079=EDGE_CURVE('',#1292,#1358,#1625,.T.);
#1080=EDGE_CURVE('',#1285,#1348,#1626,.T.);
#1081=EDGE_CURVE('',#1286,#1349,#1627,.T.);
#1082=EDGE_CURVE('',#1287,#1355,#1628,.T.);
#1083=EDGE_CURVE('',#1288,#1354,#1629,.T.);
#1084=EDGE_CURVE('',#1289,#1353,#1630,.T.);
#1085=EDGE_CURVE('',#1290,#1352,#1631,.T.);
#1086=EDGE_CURVE('',#1291,#1351,#1632,.T.);
#1087=EDGE_CURVE('',#1284,#1350,#1633,.T.);
#1088=EDGE_CURVE('',#1277,#1340,#1634,.T.);
#1089=EDGE_CURVE('',#1278,#1341,#1635,.T.);
#1090=EDGE_CURVE('',#1279,#1347,#1636,.T.);
#1091=EDGE_CURVE('',#1280,#1346,#1637,.T.);
#1092=EDGE_CURVE('',#1281,#1345,#1638,.T.);
#1093=EDGE_CURVE('',#1282,#1344,#1639,.T.);
#1094=EDGE_CURVE('',#1283,#1343,#1640,.T.);
#1095=EDGE_CURVE('',#1276,#1342,#1641,.T.);
#1096=EDGE_CURVE('',#1380,#1381,#1642,.F.);
#1097=EDGE_CURVE('',#1381,#1382,#1643,.T.);
#1098=EDGE_CURVE('',#1383,#1382,#1644,.F.);
#1099=EDGE_CURVE('',#1380,#1383,#1645,.F.);
#1100=EDGE_CURVE('',#1384,#1385,#1646,.F.);
#1101=EDGE_CURVE('',#1385,#1381,#1647,.T.);
#1102=EDGE_CURVE('',#1384,#1380,#1648,.F.);
#1103=EDGE_CURVE('',#1382,#1386,#1649,.T.);
#1104=EDGE_CURVE('',#1387,#1386,#1650,.F.);
#1105=EDGE_CURVE('',#1383,#1387,#1651,.T.);
#1106=EDGE_CURVE('',#1387,#1384,#1652,.T.);
#1107=EDGE_CURVE('',#1388,#1388,#146,.T.);
#1108=EDGE_CURVE('',#1389,#1389,#147,.T.);
#1109=EDGE_CURVE('',#1390,#1390,#148,.T.);
#1110=EDGE_CURVE('',#1391,#1391,#149,.T.);
#1111=EDGE_CURVE('',#1392,#1392,#150,.T.);
#1112=EDGE_CURVE('',#1393,#1393,#151,.T.);
#1113=EDGE_CURVE('',#1394,#1394,#152,.T.);
#1114=EDGE_CURVE('',#1395,#1395,#153,.T.);
#1115=EDGE_CURVE('',#1396,#1396,#154,.T.);
#1116=EDGE_CURVE('',#1397,#1397,#155,.T.);
#1117=EDGE_CURVE('',#1398,#1398,#156,.T.);
#1118=EDGE_CURVE('',#1399,#1399,#157,.T.);
#1119=EDGE_CURVE('',#1400,#1400,#158,.T.);
#1120=EDGE_CURVE('',#1401,#1401,#159,.T.);
#1121=EDGE_CURVE('',#1402,#1402,#160,.T.);
#1122=EDGE_CURVE('',#1403,#1403,#161,.T.);
#1123=EDGE_CURVE('',#1404,#1404,#162,.T.);
#1124=EDGE_CURVE('',#1405,#1405,#163,.T.);
#1125=EDGE_CURVE('',#1406,#1406,#164,.T.);
#1126=EDGE_CURVE('',#1407,#1407,#165,.T.);
#1127=EDGE_CURVE('',#1408,#1408,#166,.T.);
#1128=EDGE_CURVE('',#1409,#1409,#167,.T.);
#1129=EDGE_CURVE('',#1410,#1410,#168,.T.);
#1130=EDGE_CURVE('',#1411,#1411,#169,.T.);
#1131=EDGE_CURVE('',#1412,#1412,#170,.T.);
#1132=EDGE_CURVE('',#1413,#1413,#171,.T.);
#1133=EDGE_CURVE('',#1414,#1414,#172,.T.);
#1134=EDGE_CURVE('',#1415,#1415,#173,.T.);
#1135=EDGE_CURVE('',#1416,#1416,#174,.T.);
#1136=EDGE_CURVE('',#1417,#1417,#175,.T.);
#1137=EDGE_CURVE('',#1418,#1418,#176,.T.);
#1138=EDGE_CURVE('',#1419,#1419,#177,.T.);
#1139=EDGE_CURVE('',#1420,#1420,#178,.T.);
#1140=EDGE_CURVE('',#1421,#1421,#179,.T.);
#1141=EDGE_CURVE('',#1422,#1422,#180,.T.);
#1142=EDGE_CURVE('',#1423,#1424,#1653,.F.);
#1143=EDGE_CURVE('',#1425,#1423,#181,.T.);
#1144=EDGE_CURVE('',#1426,#1425,#1654,.F.);
#1145=EDGE_CURVE('',#1424,#1426,#182,.T.);
#1146=EDGE_CURVE('',#1427,#1427,#183,.T.);
#1147=EDGE_CURVE('',#1428,#1428,#184,.T.);
#1148=EDGE_CURVE('',#1429,#1429,#185,.T.);
#1149=EDGE_CURVE('',#1430,#1430,#186,.T.);
#1150=EDGE_CURVE('',#1431,#1431,#187,.T.);
#1151=EDGE_CURVE('',#1432,#1432,#188,.T.);
#1152=EDGE_CURVE('',#1433,#1433,#189,.T.);
#1153=EDGE_CURVE('',#1434,#1434,#190,.T.);
#1154=EDGE_CURVE('',#1435,#1435,#191,.T.);
#1155=EDGE_CURVE('',#1436,#1437,#1655,.F.);
#1156=EDGE_CURVE('',#1438,#1436,#192,.T.);
#1157=EDGE_CURVE('',#1439,#1438,#1656,.F.);
#1158=EDGE_CURVE('',#1437,#1439,#193,.T.);
#1159=EDGE_CURVE('',#1386,#1385,#1657,.T.);
#1160=EDGE_CURVE('',#1440,#1440,#194,.T.);
#1161=EDGE_CURVE('',#1441,#1441,#195,.T.);
#1162=EDGE_CURVE('',#1442,#1442,#196,.T.);
#1163=EDGE_CURVE('',#1443,#1443,#197,.T.);
#1164=EDGE_CURVE('',#1444,#1444,#198,.T.);
#1165=EDGE_CURVE('',#1445,#1445,#199,.T.);
#1166=EDGE_CURVE('',#1446,#1446,#200,.T.);
#1167=EDGE_CURVE('',#1447,#1447,#201,.T.);
#1168=EDGE_CURVE('',#1448,#1448,#202,.T.);
#1169=EDGE_CURVE('',#1449,#1449,#203,.T.);
#1170=EDGE_CURVE('',#1450,#1450,#204,.T.);
#1171=EDGE_CURVE('',#1451,#1451,#205,.T.);
#1172=EDGE_CURVE('',#1452,#1452,#206,.T.);
#1173=EDGE_CURVE('',#1453,#1453,#207,.T.);
#1174=EDGE_CURVE('',#1454,#1454,#208,.T.);
#1175=EDGE_CURVE('',#1455,#1455,#209,.T.);
#1176=EDGE_CURVE('',#1456,#1456,#210,.T.);
#1177=EDGE_CURVE('',#1457,#1457,#211,.T.);
#1178=EDGE_CURVE('',#1458,#1458,#212,.T.);
#1179=EDGE_CURVE('',#1459,#1459,#213,.T.);
#1180=EDGE_CURVE('',#1460,#1460,#214,.T.);
#1181=EDGE_CURVE('',#1461,#1461,#215,.T.);
#1182=EDGE_CURVE('',#1462,#1462,#216,.T.);
#1183=EDGE_CURVE('',#1463,#1463,#217,.T.);
#1184=EDGE_CURVE('',#1464,#1464,#218,.T.);
#1185=EDGE_CURVE('',#1465,#1465,#219,.T.);
#1186=EDGE_CURVE('',#1466,#1466,#220,.T.);
#1187=EDGE_CURVE('',#1467,#1467,#221,.T.);
#1188=EDGE_CURVE('',#1468,#1468,#222,.T.);
#1189=EDGE_CURVE('',#1469,#1469,#223,.T.);
#1190=EDGE_CURVE('',#1470,#1470,#224,.T.);
#1191=EDGE_CURVE('',#1471,#1471,#225,.T.);
#1192=EDGE_CURVE('',#1472,#1472,#226,.T.);
#1193=EDGE_CURVE('',#1473,#1473,#227,.T.);
#1194=EDGE_CURVE('',#1474,#1474,#228,.T.);
#1195=EDGE_CURVE('',#1475,#1476,#229,.T.);
#1196=EDGE_CURVE('',#1476,#1477,#1658,.F.);
#1197=EDGE_CURVE('',#1477,#1478,#230,.T.);
#1198=EDGE_CURVE('',#1478,#1475,#1659,.T.);
#1199=EDGE_CURVE('',#1479,#1479,#231,.T.);
#1200=EDGE_CURVE('',#1480,#1480,#232,.T.);
#1201=EDGE_CURVE('',#1481,#1481,#233,.T.);
#1202=EDGE_CURVE('',#1482,#1482,#234,.T.);
#1203=EDGE_CURVE('',#1483,#1483,#235,.T.);
#1204=EDGE_CURVE('',#1484,#1484,#236,.T.);
#1205=EDGE_CURVE('',#1485,#1485,#237,.T.);
#1206=EDGE_CURVE('',#1486,#1486,#238,.T.);
#1207=EDGE_CURVE('',#1487,#1487,#239,.T.);
#1208=EDGE_CURVE('',#1488,#1489,#240,.T.);
#1209=EDGE_CURVE('',#1489,#1490,#1660,.F.);
#1210=EDGE_CURVE('',#1490,#1491,#241,.T.);
#1211=EDGE_CURVE('',#1491,#1488,#1661,.T.);
#1212=EDGE_CURVE('',#1426,#1476,#1662,.F.);
#1213=EDGE_CURVE('',#1424,#1475,#1663,.F.);
#1214=EDGE_CURVE('',#1423,#1478,#1664,.F.);
#1215=EDGE_CURVE('',#1425,#1477,#1665,.F.);
#1216=EDGE_CURVE('',#1439,#1489,#1666,.F.);
#1217=EDGE_CURVE('',#1437,#1488,#1667,.F.);
#1218=EDGE_CURVE('',#1436,#1491,#1668,.F.);
#1219=EDGE_CURVE('',#1438,#1490,#1669,.F.);
#1220=EDGE_CURVE('',#1492,#1493,#1670,.F.);
#1221=EDGE_CURVE('',#1494,#1492,#1671,.T.);
#1222=EDGE_CURVE('',#1494,#1495,#1672,.F.);
#1223=EDGE_CURVE('',#1493,#1495,#1673,.T.);
#1224=EDGE_CURVE('',#1496,#1497,#1674,.T.);
#1225=EDGE_CURVE('',#1497,#1498,#1675,.T.);
#1226=EDGE_CURVE('',#1499,#1498,#1676,.T.);
#1227=EDGE_CURVE('',#1496,#1499,#1677,.F.);
#1228=EDGE_CURVE('',#1500,#1501,#1678,.T.);
#1229=EDGE_CURVE('',#1501,#1497,#1679,.F.);
#1230=EDGE_CURVE('',#1500,#1496,#1680,.F.);
#1231=EDGE_CURVE('',#1502,#1498,#1681,.F.);
#1232=EDGE_CURVE('',#1502,#1503,#1682,.T.);
#1233=EDGE_CURVE('',#1503,#1499,#1683,.F.);
#1234=EDGE_CURVE('',#1504,#1505,#1684,.T.);
#1235=EDGE_CURVE('',#1504,#1506,#1685,.F.);
#1236=EDGE_CURVE('',#1506,#1507,#1686,.T.);
#1237=EDGE_CURVE('',#1505,#1507,#1687,.T.);
#1238=EDGE_CURVE('',#1508,#1509,#1688,.T.);
#1239=EDGE_CURVE('',#1510,#1508,#1689,.F.);
#1240=EDGE_CURVE('',#1510,#1511,#1690,.T.);
#1241=EDGE_CURVE('',#1512,#1511,#1691,.F.);
#1242=EDGE_CURVE('',#1512,#1513,#1692,.T.);
#1243=EDGE_CURVE('',#1513,#1507,#1693,.T.);
#1244=EDGE_CURVE('',#1509,#1506,#1694,.F.);
#1245=EDGE_CURVE('',#1514,#1512,#1695,.F.);
#1246=EDGE_CURVE('',#1514,#1515,#1696,.T.);
#1247=EDGE_CURVE('',#1515,#1513,#1697,.T.);
#1248=EDGE_CURVE('',#1514,#1504,#1698,.F.);
#1249=EDGE_CURVE('',#1515,#1505,#1699,.T.);
#1250=EDGE_CURVE('',#1501,#1492,#1700,.T.);
#1251=EDGE_CURVE('',#1500,#1494,#1701,.F.);
#1252=EDGE_CURVE('',#1516,#1516,#242,.T.);
#1253=EDGE_CURVE('',#1517,#1517,#243,.T.);
#1254=EDGE_CURVE('',#1518,#1518,#244,.T.);
#1255=EDGE_CURVE('',#1519,#1519,#245,.T.);
#1256=EDGE_CURVE('',#1520,#1520,#246,.T.);
#1257=EDGE_CURVE('',#1521,#1521,#247,.T.);
#1258=EDGE_CURVE('',#1522,#1522,#248,.T.);
#1259=EDGE_CURVE('',#1523,#1523,#249,.T.);
#1260=EDGE_CURVE('',#1511,#1495,#1702,.T.);
#1261=EDGE_CURVE('',#1509,#1503,#1703,.T.);
#1262=EDGE_CURVE('',#1508,#1502,#1704,.F.);
#1263=EDGE_CURVE('',#1510,#1493,#1705,.F.);
#1264=VERTEX_POINT('',#3800);
#1265=VERTEX_POINT('',#3801);
#1266=VERTEX_POINT('',#3803);
#1267=VERTEX_POINT('',#3805);
#1268=VERTEX_POINT('',#3809);
#1269=VERTEX_POINT('',#3810);
#1270=VERTEX_POINT('',#3812);
#1271=VERTEX_POINT('',#3814);
#1272=VERTEX_POINT('',#3818);
#1273=VERTEX_POINT('',#3820);
#1274=VERTEX_POINT('',#3822);
#1275=VERTEX_POINT('',#3824);
#1276=VERTEX_POINT('',#3826);
#1277=VERTEX_POINT('',#3827);
#1278=VERTEX_POINT('',#3829);
#1279=VERTEX_POINT('',#3831);
#1280=VERTEX_POINT('',#3833);
#1281=VERTEX_POINT('',#3835);
#1282=VERTEX_POINT('',#3837);
#1283=VERTEX_POINT('',#3839);
#1284=VERTEX_POINT('',#3842);
#1285=VERTEX_POINT('',#3843);
#1286=VERTEX_POINT('',#3845);
#1287=VERTEX_POINT('',#3847);
#1288=VERTEX_POINT('',#3849);
#1289=VERTEX_POINT('',#3851);
#1290=VERTEX_POINT('',#3853);
#1291=VERTEX_POINT('',#3855);
#1292=VERTEX_POINT('',#3858);
#1293=VERTEX_POINT('',#3859);
#1294=VERTEX_POINT('',#3861);
#1295=VERTEX_POINT('',#3863);
#1296=VERTEX_POINT('',#3865);
#1297=VERTEX_POINT('',#3867);
#1298=VERTEX_POINT('',#3869);
#1299=VERTEX_POINT('',#3871);
#1300=VERTEX_POINT('',#3874);
#1301=VERTEX_POINT('',#3875);
#1302=VERTEX_POINT('',#3877);
#1303=VERTEX_POINT('',#3879);
#1304=VERTEX_POINT('',#3881);
#1305=VERTEX_POINT('',#3883);
#1306=VERTEX_POINT('',#3885);
#1307=VERTEX_POINT('',#3887);
#1308=VERTEX_POINT('',#3890);
#1309=VERTEX_POINT('',#3891);
#1310=VERTEX_POINT('',#3893);
#1311=VERTEX_POINT('',#3895);
#1312=VERTEX_POINT('',#3897);
#1313=VERTEX_POINT('',#3899);
#1314=VERTEX_POINT('',#3901);
#1315=VERTEX_POINT('',#3903);
#1316=VERTEX_POINT('',#3906);
#1317=VERTEX_POINT('',#3907);
#1318=VERTEX_POINT('',#3910);
#1319=VERTEX_POINT('',#3912);
#1320=VERTEX_POINT('',#3914);
#1321=VERTEX_POINT('',#3916);
#1322=VERTEX_POINT('',#3919);
#1323=VERTEX_POINT('',#3921);
#1324=VERTEX_POINT('',#3923);
#1325=VERTEX_POINT('',#3925);
#1326=VERTEX_POINT('',#3929);
#1327=VERTEX_POINT('',#3933);
#1328=VERTEX_POINT('',#3937);
#1329=VERTEX_POINT('',#3941);
#1330=VERTEX_POINT('',#3945);
#1331=VERTEX_POINT('',#3947);
#1332=VERTEX_POINT('',#3949);
#1333=VERTEX_POINT('',#3951);
#1334=VERTEX_POINT('',#3953);
#1335=VERTEX_POINT('',#3954);
#1336=VERTEX_POINT('',#3956);
#1337=VERTEX_POINT('',#3960);
#1338=VERTEX_POINT('',#3962);
#1339=VERTEX_POINT('',#3964);
#1340=VERTEX_POINT('',#3967);
#1341=VERTEX_POINT('',#3968);
#1342=VERTEX_POINT('',#3970);
#1343=VERTEX_POINT('',#3972);
#1344=VERTEX_POINT('',#3974);
#1345=VERTEX_POINT('',#3976);
#1346=VERTEX_POINT('',#3978);
#1347=VERTEX_POINT('',#3980);
#1348=VERTEX_POINT('',#3983);
#1349=VERTEX_POINT('',#3984);
#1350=VERTEX_POINT('',#3986);
#1351=VERTEX_POINT('',#3988);
#1352=VERTEX_POINT('',#3990);
#1353=VERTEX_POINT('',#3992);
#1354=VERTEX_POINT('',#3994);
#1355=VERTEX_POINT('',#3996);
#1356=VERTEX_POINT('',#3999);
#1357=VERTEX_POINT('',#4000);
#1358=VERTEX_POINT('',#4002);
#1359=VERTEX_POINT('',#4004);
#1360=VERTEX_POINT('',#4006);
#1361=VERTEX_POINT('',#4008);
#1362=VERTEX_POINT('',#4010);
#1363=VERTEX_POINT('',#4012);
#1364=VERTEX_POINT('',#4015);
#1365=VERTEX_POINT('',#4016);
#1366=VERTEX_POINT('',#4018);
#1367=VERTEX_POINT('',#4020);
#1368=VERTEX_POINT('',#4022);
#1369=VERTEX_POINT('',#4024);
#1370=VERTEX_POINT('',#4026);
#1371=VERTEX_POINT('',#4028);
#1372=VERTEX_POINT('',#4031);
#1373=VERTEX_POINT('',#4032);
#1374=VERTEX_POINT('',#4034);
#1375=VERTEX_POINT('',#4036);
#1376=VERTEX_POINT('',#4038);
#1377=VERTEX_POINT('',#4040);
#1378=VERTEX_POINT('',#4042);
#1379=VERTEX_POINT('',#4044);
#1380=VERTEX_POINT('',#4147);
#1381=VERTEX_POINT('',#4148);
#1382=VERTEX_POINT('',#4150);
#1383=VERTEX_POINT('',#4152);
#1384=VERTEX_POINT('',#4156);
#1385=VERTEX_POINT('',#4157);
#1386=VERTEX_POINT('',#4162);
#1387=VERTEX_POINT('',#4164);
#1388=VERTEX_POINT('',#4169);
#1389=VERTEX_POINT('',#4171);
#1390=VERTEX_POINT('',#4173);
#1391=VERTEX_POINT('',#4175);
#1392=VERTEX_POINT('',#4177);
#1393=VERTEX_POINT('',#4179);
#1394=VERTEX_POINT('',#4181);
#1395=VERTEX_POINT('',#4183);
#1396=VERTEX_POINT('',#4185);
#1397=VERTEX_POINT('',#4187);
#1398=VERTEX_POINT('',#4189);
#1399=VERTEX_POINT('',#4191);
#1400=VERTEX_POINT('',#4193);
#1401=VERTEX_POINT('',#4195);
#1402=VERTEX_POINT('',#4197);
#1403=VERTEX_POINT('',#4199);
#1404=VERTEX_POINT('',#4201);
#1405=VERTEX_POINT('',#4203);
#1406=VERTEX_POINT('',#4205);
#1407=VERTEX_POINT('',#4207);
#1408=VERTEX_POINT('',#4209);
#1409=VERTEX_POINT('',#4211);
#1410=VERTEX_POINT('',#4213);
#1411=VERTEX_POINT('',#4215);
#1412=VERTEX_POINT('',#4217);
#1413=VERTEX_POINT('',#4219);
#1414=VERTEX_POINT('',#4221);
#1415=VERTEX_POINT('',#4223);
#1416=VERTEX_POINT('',#4225);
#1417=VERTEX_POINT('',#4227);
#1418=VERTEX_POINT('',#4229);
#1419=VERTEX_POINT('',#4231);
#1420=VERTEX_POINT('',#4233);
#1421=VERTEX_POINT('',#4235);
#1422=VERTEX_POINT('',#4237);
#1423=VERTEX_POINT('',#4239);
#1424=VERTEX_POINT('',#4240);
#1425=VERTEX_POINT('',#4242);
#1426=VERTEX_POINT('',#4244);
#1427=VERTEX_POINT('',#4247);
#1428=VERTEX_POINT('',#4249);
#1429=VERTEX_POINT('',#4251);
#1430=VERTEX_POINT('',#4253);
#1431=VERTEX_POINT('',#4255);
#1432=VERTEX_POINT('',#4257);
#1433=VERTEX_POINT('',#4259);
#1434=VERTEX_POINT('',#4261);
#1435=VERTEX_POINT('',#4263);
#1436=VERTEX_POINT('',#4265);
#1437=VERTEX_POINT('',#4266);
#1438=VERTEX_POINT('',#4268);
#1439=VERTEX_POINT('',#4270);
#1440=VERTEX_POINT('',#4275);
#1441=VERTEX_POINT('',#4277);
#1442=VERTEX_POINT('',#4279);
#1443=VERTEX_POINT('',#4281);
#1444=VERTEX_POINT('',#4283);
#1445=VERTEX_POINT('',#4285);
#1446=VERTEX_POINT('',#4287);
#1447=VERTEX_POINT('',#4289);
#1448=VERTEX_POINT('',#4291);
#1449=VERTEX_POINT('',#4293);
#1450=VERTEX_POINT('',#4295);
#1451=VERTEX_POINT('',#4297);
#1452=VERTEX_POINT('',#4299);
#1453=VERTEX_POINT('',#4301);
#1454=VERTEX_POINT('',#4303);
#1455=VERTEX_POINT('',#4305);
#1456=VERTEX_POINT('',#4307);
#1457=VERTEX_POINT('',#4309);
#1458=VERTEX_POINT('',#4311);
#1459=VERTEX_POINT('',#4313);
#1460=VERTEX_POINT('',#4315);
#1461=VERTEX_POINT('',#4317);
#1462=VERTEX_POINT('',#4319);
#1463=VERTEX_POINT('',#4321);
#1464=VERTEX_POINT('',#4323);
#1465=VERTEX_POINT('',#4325);
#1466=VERTEX_POINT('',#4327);
#1467=VERTEX_POINT('',#4329);
#1468=VERTEX_POINT('',#4331);
#1469=VERTEX_POINT('',#4333);
#1470=VERTEX_POINT('',#4335);
#1471=VERTEX_POINT('',#4337);
#1472=VERTEX_POINT('',#4339);
#1473=VERTEX_POINT('',#4341);
#1474=VERTEX_POINT('',#4343);
#1475=VERTEX_POINT('',#4345);
#1476=VERTEX_POINT('',#4346);
#1477=VERTEX_POINT('',#4348);
#1478=VERTEX_POINT('',#4350);
#1479=VERTEX_POINT('',#4353);
#1480=VERTEX_POINT('',#4355);
#1481=VERTEX_POINT('',#4357);
#1482=VERTEX_POINT('',#4359);
#1483=VERTEX_POINT('',#4361);
#1484=VERTEX_POINT('',#4363);
#1485=VERTEX_POINT('',#4365);
#1486=VERTEX_POINT('',#4367);
#1487=VERTEX_POINT('',#4369);
#1488=VERTEX_POINT('',#4371);
#1489=VERTEX_POINT('',#4372);
#1490=VERTEX_POINT('',#4374);
#1491=VERTEX_POINT('',#4376);
#1492=VERTEX_POINT('',#4442);
#1493=VERTEX_POINT('',#4443);
#1494=VERTEX_POINT('',#4445);
#1495=VERTEX_POINT('',#4447);
#1496=VERTEX_POINT('',#4451);
#1497=VERTEX_POINT('',#4452);
#1498=VERTEX_POINT('',#4454);
#1499=VERTEX_POINT('',#4456);
#1500=VERTEX_POINT('',#4460);
#1501=VERTEX_POINT('',#4461);
#1502=VERTEX_POINT('',#4466);
#1503=VERTEX_POINT('',#4468);
#1504=VERTEX_POINT('',#4472);
#1505=VERTEX_POINT('',#4473);
#1506=VERTEX_POINT('',#4475);
#1507=VERTEX_POINT('',#4477);
#1508=VERTEX_POINT('',#4481);
#1509=VERTEX_POINT('',#4482);
#1510=VERTEX_POINT('',#4484);
#1511=VERTEX_POINT('',#4486);
#1512=VERTEX_POINT('',#4488);
#1513=VERTEX_POINT('',#4490);
#1514=VERTEX_POINT('',#4495);
#1515=VERTEX_POINT('',#4497);
#1516=VERTEX_POINT('',#4507);
#1517=VERTEX_POINT('',#4509);
#1518=VERTEX_POINT('',#4511);
#1519=VERTEX_POINT('',#4513);
#1520=VERTEX_POINT('',#4516);
#1521=VERTEX_POINT('',#4518);
#1522=VERTEX_POINT('',#4520);
#1523=VERTEX_POINT('',#4522);
#1524=LINE('',#3799,#1706);
#1525=LINE('',#3802,#1707);
#1526=LINE('',#3804,#1708);
#1527=LINE('',#3806,#1709);
#1528=LINE('',#3808,#1710);
#1529=LINE('',#3811,#1711);
#1530=LINE('',#3813,#1712);
#1531=LINE('',#3815,#1713);
#1532=LINE('',#3828,#1714);
#1533=LINE('',#3832,#1715);
#1534=LINE('',#3836,#1716);
#1535=LINE('',#3840,#1717);
#1536=LINE('',#3844,#1718);
#1537=LINE('',#3848,#1719);
#1538=LINE('',#3852,#1720);
#1539=LINE('',#3856,#1721);
#1540=LINE('',#3860,#1722);
#1541=LINE('',#3864,#1723);
#1542=LINE('',#3868,#1724);
#1543=LINE('',#3872,#1725);
#1544=LINE('',#3876,#1726);
#1545=LINE('',#3880,#1727);
#1546=LINE('',#3884,#1728);
#1547=LINE('',#3888,#1729);
#1548=LINE('',#3892,#1730);
#1549=LINE('',#3896,#1731);
#1550=LINE('',#3900,#1732);
#1551=LINE('',#3904,#1733);
#1552=LINE('',#3908,#1734);
#1553=LINE('',#3909,#1735);
#1554=LINE('',#3911,#1736);
#1555=LINE('',#3913,#1737);
#1556=LINE('',#3915,#1738);
#1557=LINE('',#3917,#1739);
#1558=LINE('',#3918,#1740);
#1559=LINE('',#3920,#1741);
#1560=LINE('',#3922,#1742);
#1561=LINE('',#3926,#1743);
#1562=LINE('',#3928,#1744);
#1563=LINE('',#3930,#1745);
#1564=LINE('',#3932,#1746);
#1565=LINE('',#3934,#1747);
#1566=LINE('',#3936,#1748);
#1567=LINE('',#3938,#1749);
#1568=LINE('',#3940,#1750);
#1569=LINE('',#3942,#1751);
#1570=LINE('',#3952,#1752);
#1571=LINE('',#3955,#1753);
#1572=LINE('',#3957,#1754);
#1573=LINE('',#3958,#1755);
#1574=LINE('',#3959,#1756);
#1575=LINE('',#3963,#1757);
#1576=LINE('',#3966,#1758);
#1577=LINE('',#3971,#1759);
#1578=LINE('',#3975,#1760);
#1579=LINE('',#3979,#1761);
#1580=LINE('',#3982,#1762);
#1581=LINE('',#3987,#1763);
#1582=LINE('',#3991,#1764);
#1583=LINE('',#3995,#1765);
#1584=LINE('',#3998,#1766);
#1585=LINE('',#4003,#1767);
#1586=LINE('',#4007,#1768);
#1587=LINE('',#4011,#1769);
#1588=LINE('',#4014,#1770);
#1589=LINE('',#4019,#1771);
#1590=LINE('',#4023,#1772);
#1591=LINE('',#4027,#1773);
#1592=LINE('',#4030,#1774);
#1593=LINE('',#4035,#1775);
#1594=LINE('',#4039,#1776);
#1595=LINE('',#4043,#1777);
#1596=LINE('',#4047,#1778);
#1597=LINE('',#4049,#1779);
#1598=LINE('',#4052,#1780);
#1599=LINE('',#4053,#1781);
#1600=LINE('',#4055,#1782);
#1601=LINE('',#4057,#1783);
#1602=LINE('',#4061,#1784);
#1603=LINE('',#4062,#1785);
#1604=LINE('',#4064,#1786);
#1605=LINE('',#4066,#1787);
#1606=LINE('',#4068,#1788);
#1607=LINE('',#4070,#1789);
#1608=LINE('',#4072,#1790);
#1609=LINE('',#4074,#1791);
#1610=LINE('',#4077,#1792);
#1611=LINE('',#4078,#1793);
#1612=LINE('',#4080,#1794);
#1613=LINE('',#4082,#1795);
#1614=LINE('',#4084,#1796);
#1615=LINE('',#4086,#1797);
#1616=LINE('',#4088,#1798);
#1617=LINE('',#4090,#1799);
#1618=LINE('',#4093,#1800);
#1619=LINE('',#4094,#1801);
#1620=LINE('',#4096,#1802);
#1621=LINE('',#4098,#1803);
#1622=LINE('',#4100,#1804);
#1623=LINE('',#4102,#1805);
#1624=LINE('',#4104,#1806);
#1625=LINE('',#4106,#1807);
#1626=LINE('',#4109,#1808);
#1627=LINE('',#4110,#1809);
#1628=LINE('',#4112,#1810);
#1629=LINE('',#4114,#1811);
#1630=LINE('',#4116,#1812);
#1631=LINE('',#4118,#1813);
#1632=LINE('',#4120,#1814);
#1633=LINE('',#4122,#1815);
#1634=LINE('',#4125,#1816);
#1635=LINE('',#4126,#1817);
#1636=LINE('',#4128,#1818);
#1637=LINE('',#4130,#1819);
#1638=LINE('',#4132,#1820);
#1639=LINE('',#4134,#1821);
#1640=LINE('',#4136,#1822);
#1641=LINE('',#4138,#1823);
#1642=LINE('',#4146,#1824);
#1643=LINE('',#4149,#1825);
#1644=LINE('',#4151,#1826);
#1645=LINE('',#4153,#1827);
#1646=LINE('',#4155,#1828);
#1647=LINE('',#4158,#1829);
#1648=LINE('',#4159,#1830);
#1649=LINE('',#4161,#1831);
#1650=LINE('',#4163,#1832);
#1651=LINE('',#4165,#1833);
#1652=LINE('',#4167,#1834);
#1653=LINE('',#4238,#1835);
#1654=LINE('',#4243,#1836);
#1655=LINE('',#4264,#1837);
#1656=LINE('',#4269,#1838);
#1657=LINE('',#4273,#1839);
#1658=LINE('',#4347,#1840);
#1659=LINE('',#4351,#1841);
#1660=LINE('',#4373,#1842);
#1661=LINE('',#4377,#1843);
#1662=LINE('',#4415,#1844);
#1663=LINE('',#4416,#1845);
#1664=LINE('',#4418,#1846);
#1665=LINE('',#4420,#1847);
#1666=LINE('',#4432,#1848);
#1667=LINE('',#4433,#1849);
#1668=LINE('',#4435,#1850);
#1669=LINE('',#4437,#1851);
#1670=LINE('',#4441,#1852);
#1671=LINE('',#4444,#1853);
#1672=LINE('',#4446,#1854);
#1673=LINE('',#4448,#1855);
#1674=LINE('',#4450,#1856);
#1675=LINE('',#4453,#1857);
#1676=LINE('',#4455,#1858);
#1677=LINE('',#4457,#1859);
#1678=LINE('',#4459,#1860);
#1679=LINE('',#4462,#1861);
#1680=LINE('',#4463,#1862);
#1681=LINE('',#4465,#1863);
#1682=LINE('',#4467,#1864);
#1683=LINE('',#4469,#1865);
#1684=LINE('',#4471,#1866);
#1685=LINE('',#4474,#1867);
#1686=LINE('',#4476,#1868);
#1687=LINE('',#4478,#1869);
#1688=LINE('',#4480,#1870);
#1689=LINE('',#4483,#1871);
#1690=LINE('',#4485,#1872);
#1691=LINE('',#4487,#1873);
#1692=LINE('',#4489,#1874);
#1693=LINE('',#4491,#1875);
#1694=LINE('',#4492,#1876);
#1695=LINE('',#4494,#1877);
#1696=LINE('',#4496,#1878);
#1697=LINE('',#4498,#1879);
#1698=LINE('',#4500,#1880);
#1699=LINE('',#4501,#1881);
#1700=LINE('',#4503,#1882);
#1701=LINE('',#4504,#1883);
#1702=LINE('',#4523,#1884);
#1703=LINE('',#4524,#1885);
#1704=LINE('',#4526,#1886);
#1705=LINE('',#4528,#1887);
#1706=VECTOR('',#3029,1.);
#1707=VECTOR('',#3030,1.);
#1708=VECTOR('',#3031,1.);
#1709=VECTOR('',#3032,1.);
#1710=VECTOR('',#3035,1.);
#1711=VECTOR('',#3036,1.);
#1712=VECTOR('',#3037,1.);
#1713=VECTOR('',#3038,1.);
#1714=VECTOR('',#3051,1.);
#1715=VECTOR('',#3054,1.);
#1716=VECTOR('',#3057,1.);
#1717=VECTOR('',#3060,1.);
#1718=VECTOR('',#3063,1.);
#1719=VECTOR('',#3066,1.);
#1720=VECTOR('',#3069,1.);
#1721=VECTOR('',#3072,1.);
#1722=VECTOR('',#3075,1.);
#1723=VECTOR('',#3078,1.);
#1724=VECTOR('',#3081,1.);
#1725=VECTOR('',#3084,1.);
#1726=VECTOR('',#3087,1.);
#1727=VECTOR('',#3090,1.);
#1728=VECTOR('',#3093,1.);
#1729=VECTOR('',#3096,1.);
#1730=VECTOR('',#3099,1.);
#1731=VECTOR('',#3102,1.);
#1732=VECTOR('',#3105,1.);
#1733=VECTOR('',#3108,1.);
#1734=VECTOR('',#3111,1.);
#1735=VECTOR('',#3112,1.);
#1736=VECTOR('',#3113,1.);
#1737=VECTOR('',#3114,1.);
#1738=VECTOR('',#3115,1.);
#1739=VECTOR('',#3116,1.);
#1740=VECTOR('',#3117,1.);
#1741=VECTOR('',#3118,1.);
#1742=VECTOR('',#3119,1.);
#1743=VECTOR('',#3122,1.);
#1744=VECTOR('',#3125,1.);
#1745=VECTOR('',#3126,1.);
#1746=VECTOR('',#3129,1.);
#1747=VECTOR('',#3130,1.);
#1748=VECTOR('',#3133,1.);
#1749=VECTOR('',#3134,1.);
#1750=VECTOR('',#3137,1.);
#1751=VECTOR('',#3138,1.);
#1752=VECTOR('',#3149,1.);
#1753=VECTOR('',#3150,1.);
#1754=VECTOR('',#3151,1.);
#1755=VECTOR('',#3152,1.);
#1756=VECTOR('',#3153,1.);
#1757=VECTOR('',#3156,1.);
#1758=VECTOR('',#3159,1.);
#1759=VECTOR('',#3162,1.);
#1760=VECTOR('',#3165,1.);
#1761=VECTOR('',#3168,1.);
#1762=VECTOR('',#3171,1.);
#1763=VECTOR('',#3174,1.);
#1764=VECTOR('',#3177,1.);
#1765=VECTOR('',#3180,1.);
#1766=VECTOR('',#3183,1.);
#1767=VECTOR('',#3186,1.);
#1768=VECTOR('',#3189,1.);
#1769=VECTOR('',#3192,1.);
#1770=VECTOR('',#3195,1.);
#1771=VECTOR('',#3198,1.);
#1772=VECTOR('',#3201,1.);
#1773=VECTOR('',#3204,1.);
#1774=VECTOR('',#3207,1.);
#1775=VECTOR('',#3210,1.);
#1776=VECTOR('',#3213,1.);
#1777=VECTOR('',#3216,1.);
#1778=VECTOR('',#3221,1.);
#1779=VECTOR('',#3224,1.);
#1780=VECTOR('',#3229,1.);
#1781=VECTOR('',#3230,1.);
#1782=VECTOR('',#3233,1.);
#1783=VECTOR('',#3236,1.);
#1784=VECTOR('',#3243,1.);
#1785=VECTOR('',#3244,1.);
#1786=VECTOR('',#3247,1.);
#1787=VECTOR('',#3250,1.);
#1788=VECTOR('',#3253,1.);
#1789=VECTOR('',#3256,1.);
#1790=VECTOR('',#3259,1.);
#1791=VECTOR('',#3262,1.);
#1792=VECTOR('',#3267,1.);
#1793=VECTOR('',#3268,1.);
#1794=VECTOR('',#3271,1.);
#1795=VECTOR('',#3274,1.);
#1796=VECTOR('',#3277,1.);
#1797=VECTOR('',#3280,1.);
#1798=VECTOR('',#3283,1.);
#1799=VECTOR('',#3286,1.);
#1800=VECTOR('',#3291,1.);
#1801=VECTOR('',#3292,1.);
#1802=VECTOR('',#3295,1.);
#1803=VECTOR('',#3298,1.);
#1804=VECTOR('',#3301,1.);
#1805=VECTOR('',#3304,1.);
#1806=VECTOR('',#3307,1.);
#1807=VECTOR('',#3310,1.);
#1808=VECTOR('',#3315,1.);
#1809=VECTOR('',#3316,1.);
#1810=VECTOR('',#3319,1.);
#1811=VECTOR('',#3322,1.);
#1812=VECTOR('',#3325,1.);
#1813=VECTOR('',#3328,1.);
#1814=VECTOR('',#3331,1.);
#1815=VECTOR('',#3334,1.);
#1816=VECTOR('',#3339,1.);
#1817=VECTOR('',#3340,1.);
#1818=VECTOR('',#3343,1.);
#1819=VECTOR('',#3346,1.);
#1820=VECTOR('',#3349,1.);
#1821=VECTOR('',#3352,1.);
#1822=VECTOR('',#3355,1.);
#1823=VECTOR('',#3358,1.);
#1824=VECTOR('',#3373,1.);
#1825=VECTOR('',#3374,1.);
#1826=VECTOR('',#3375,1.);
#1827=VECTOR('',#3376,1.);
#1828=VECTOR('',#3379,1.);
#1829=VECTOR('',#3380,1.);
#1830=VECTOR('',#3381,1.);
#1831=VECTOR('',#3384,1.);
#1832=VECTOR('',#3385,1.);
#1833=VECTOR('',#3386,1.);
#1834=VECTOR('',#3389,1.);
#1835=VECTOR('',#3460,1.);
#1836=VECTOR('',#3463,1.);
#1837=VECTOR('',#3484,1.);
#1838=VECTOR('',#3487,1.);
#1839=VECTOR('',#3492,1.);
#1840=VECTOR('',#3565,1.);
#1841=VECTOR('',#3568,1.);
#1842=VECTOR('',#3589,1.);
#1843=VECTOR('',#3592,1.);
#1844=VECTOR('',#3667,1.);
#1845=VECTOR('',#3668,1.);
#1846=VECTOR('',#3671,1.);
#1847=VECTOR('',#3674,1.);
#1848=VECTOR('',#3697,1.);
#1849=VECTOR('',#3698,1.);
#1850=VECTOR('',#3701,1.);
#1851=VECTOR('',#3704,1.);
#1852=VECTOR('',#3711,1.);
#1853=VECTOR('',#3712,1.);
#1854=VECTOR('',#3713,1.);
#1855=VECTOR('',#3714,1.);
#1856=VECTOR('',#3717,1.);
#1857=VECTOR('',#3718,1.);
#1858=VECTOR('',#3719,1.);
#1859=VECTOR('',#3720,1.);
#1860=VECTOR('',#3723,1.);
#1861=VECTOR('',#3724,1.);
#1862=VECTOR('',#3725,1.);
#1863=VECTOR('',#3728,1.);
#1864=VECTOR('',#3729,1.);
#1865=VECTOR('',#3730,1.);
#1866=VECTOR('',#3733,1.);
#1867=VECTOR('',#3734,1.);
#1868=VECTOR('',#3735,1.);
#1869=VECTOR('',#3736,1.);
#1870=VECTOR('',#3739,1.);
#1871=VECTOR('',#3740,1.);
#1872=VECTOR('',#3741,1.);
#1873=VECTOR('',#3742,1.);
#1874=VECTOR('',#3743,1.);
#1875=VECTOR('',#3744,1.);
#1876=VECTOR('',#3745,1.);
#1877=VECTOR('',#3748,1.);
#1878=VECTOR('',#3749,1.);
#1879=VECTOR('',#3750,1.);
#1880=VECTOR('',#3753,1.);
#1881=VECTOR('',#3754,1.);
#1882=VECTOR('',#3757,1.);
#1883=VECTOR('',#3758,1.);
#1884=VECTOR('',#3779,1.);
#1885=VECTOR('',#3780,1.);
#1886=VECTOR('',#3783,1.);
#1887=VECTOR('',#3786,1.);
#1888=EDGE_LOOP('',(#250,#251,#252,#253));
#1889=EDGE_LOOP('',(#254,#255,#256,#257));
#1890=EDGE_LOOP('',(#258));
#1891=EDGE_LOOP('',(#259));
#1892=EDGE_LOOP('',(#260));
#1893=EDGE_LOOP('',(#261));
#1894=EDGE_LOOP('',(#262,#263,#264,#265,#266,#267,#268,#269));
#1895=EDGE_LOOP('',(#270,#271,#272,#273,#274,#275,#276,#277));
#1896=EDGE_LOOP('',(#278,#279,#280,#281,#282,#283,#284,#285));
#1897=EDGE_LOOP('',(#286,#287,#288,#289,#290,#291,#292,#293));
#1898=EDGE_LOOP('',(#294,#295,#296,#297,#298,#299,#300,#301));
#1899=EDGE_LOOP('',(#302,#303,#304,#305,#306,#307,#308,#309,#310,#311,#312,
#313,#314,#315));
#1900=EDGE_LOOP('',(#316,#317,#318,#319));
#1901=EDGE_LOOP('',(#320,#321,#322,#323));
#1902=EDGE_LOOP('',(#324,#325,#326,#327));
#1903=EDGE_LOOP('',(#328,#329,#330,#331));
#1904=EDGE_LOOP('',(#332));
#1905=EDGE_LOOP('',(#333));
#1906=EDGE_LOOP('',(#334));
#1907=EDGE_LOOP('',(#335));
#1908=EDGE_LOOP('',(#336,#337,#338,#339,#340,#341,#342,#343,#344,#345,#346,
#347,#348,#349));
#1909=EDGE_LOOP('',(#350,#351,#352,#353,#354,#355,#356,#357));
#1910=EDGE_LOOP('',(#358,#359,#360,#361,#362,#363,#364,#365));
#1911=EDGE_LOOP('',(#366,#367,#368,#369,#370,#371,#372,#373));
#1912=EDGE_LOOP('',(#374,#375,#376,#377,#378,#379,#380,#381));
#1913=EDGE_LOOP('',(#382,#383,#384,#385,#386,#387,#388,#389));
#1914=EDGE_LOOP('',(#390,#391,#392,#393));
#1915=EDGE_LOOP('',(#394,#395,#396,#397));
#1916=EDGE_LOOP('',(#398,#399,#400,#401));
#1917=EDGE_LOOP('',(#402,#403,#404,#405));
#1918=EDGE_LOOP('',(#406,#407,#408,#409));
#1919=EDGE_LOOP('',(#410,#411,#412,#413));
#1920=EDGE_LOOP('',(#414,#415,#416,#417));
#1921=EDGE_LOOP('',(#418,#419,#420,#421));
#1922=EDGE_LOOP('',(#422,#423,#424,#425));
#1923=EDGE_LOOP('',(#426,#427,#428,#429));
#1924=EDGE_LOOP('',(#430,#431,#432,#433));
#1925=EDGE_LOOP('',(#434,#435,#436,#437));
#1926=EDGE_LOOP('',(#438,#439,#440,#441));
#1927=EDGE_LOOP('',(#442,#443,#444,#445));
#1928=EDGE_LOOP('',(#446,#447,#448,#449));
#1929=EDGE_LOOP('',(#450,#451,#452,#453));
#1930=EDGE_LOOP('',(#454,#455,#456,#457));
#1931=EDGE_LOOP('',(#458,#459,#460,#461));
#1932=EDGE_LOOP('',(#462,#463,#464,#465));
#1933=EDGE_LOOP('',(#466,#467,#468,#469));
#1934=EDGE_LOOP('',(#470,#471,#472,#473));
#1935=EDGE_LOOP('',(#474,#475,#476,#477));
#1936=EDGE_LOOP('',(#478,#479,#480,#481));
#1937=EDGE_LOOP('',(#482,#483,#484,#485));
#1938=EDGE_LOOP('',(#486,#487,#488,#489));
#1939=EDGE_LOOP('',(#490,#491,#492,#493));
#1940=EDGE_LOOP('',(#494,#495,#496,#497));
#1941=EDGE_LOOP('',(#498,#499,#500,#501));
#1942=EDGE_LOOP('',(#502,#503,#504,#505));
#1943=EDGE_LOOP('',(#506,#507,#508,#509));
#1944=EDGE_LOOP('',(#510,#511,#512,#513));
#1945=EDGE_LOOP('',(#514,#515,#516,#517));
#1946=EDGE_LOOP('',(#518,#519,#520,#521));
#1947=EDGE_LOOP('',(#522,#523,#524,#525));
#1948=EDGE_LOOP('',(#526,#527,#528,#529));
#1949=EDGE_LOOP('',(#530,#531,#532,#533));
#1950=EDGE_LOOP('',(#534,#535,#536,#537));
#1951=EDGE_LOOP('',(#538,#539,#540,#541));
#1952=EDGE_LOOP('',(#542,#543,#544,#545));
#1953=EDGE_LOOP('',(#546,#547,#548,#549));
#1954=EDGE_LOOP('',(#550,#551,#552,#553));
#1955=EDGE_LOOP('',(#554,#555,#556,#557));
#1956=EDGE_LOOP('',(#558,#559,#560,#561));
#1957=EDGE_LOOP('',(#562,#563,#564,#565));
#1958=EDGE_LOOP('',(#566,#567,#568,#569));
#1959=EDGE_LOOP('',(#570,#571,#572,#573));
#1960=EDGE_LOOP('',(#574,#575,#576,#577));
#1961=EDGE_LOOP('',(#578,#579,#580,#581));
#1962=EDGE_LOOP('',(#582));
#1963=EDGE_LOOP('',(#583));
#1964=EDGE_LOOP('',(#584));
#1965=EDGE_LOOP('',(#585));
#1966=EDGE_LOOP('',(#586));
#1967=EDGE_LOOP('',(#587));
#1968=EDGE_LOOP('',(#588));
#1969=EDGE_LOOP('',(#589));
#1970=EDGE_LOOP('',(#590,#591,#592,#593));
#1971=EDGE_LOOP('',(#594,#595,#596,#597));
#1972=EDGE_LOOP('',(#598,#599,#600,#601));
#1973=EDGE_LOOP('',(#602,#603,#604,#605));
#1974=EDGE_LOOP('',(#606));
#1975=EDGE_LOOP('',(#607));
#1976=EDGE_LOOP('',(#608));
#1977=EDGE_LOOP('',(#609));
#1978=EDGE_LOOP('',(#610));
#1979=EDGE_LOOP('',(#611));
#1980=EDGE_LOOP('',(#612));
#1981=EDGE_LOOP('',(#613));
#1982=EDGE_LOOP('',(#614));
#1983=EDGE_LOOP('',(#615));
#1984=EDGE_LOOP('',(#616));
#1985=EDGE_LOOP('',(#617));
#1986=EDGE_LOOP('',(#618));
#1987=EDGE_LOOP('',(#619));
#1988=EDGE_LOOP('',(#620));
#1989=EDGE_LOOP('',(#621));
#1990=EDGE_LOOP('',(#622));
#1991=EDGE_LOOP('',(#623));
#1992=EDGE_LOOP('',(#624));
#1993=EDGE_LOOP('',(#625));
#1994=EDGE_LOOP('',(#626));
#1995=EDGE_LOOP('',(#627));
#1996=EDGE_LOOP('',(#628));
#1997=EDGE_LOOP('',(#629));
#1998=EDGE_LOOP('',(#630));
#1999=EDGE_LOOP('',(#631));
#2000=EDGE_LOOP('',(#632));
#2001=EDGE_LOOP('',(#633));
#2002=EDGE_LOOP('',(#634));
#2003=EDGE_LOOP('',(#635));
#2004=EDGE_LOOP('',(#636));
#2005=EDGE_LOOP('',(#637));
#2006=EDGE_LOOP('',(#638));
#2007=EDGE_LOOP('',(#639));
#2008=EDGE_LOOP('',(#640));
#2009=EDGE_LOOP('',(#641,#642,#643,#644));
#2010=EDGE_LOOP('',(#645));
#2011=EDGE_LOOP('',(#646));
#2012=EDGE_LOOP('',(#647));
#2013=EDGE_LOOP('',(#648));
#2014=EDGE_LOOP('',(#649));
#2015=EDGE_LOOP('',(#650));
#2016=EDGE_LOOP('',(#651));
#2017=EDGE_LOOP('',(#652));
#2018=EDGE_LOOP('',(#653));
#2019=EDGE_LOOP('',(#654,#655,#656,#657));
#2020=EDGE_LOOP('',(#658,#659,#660,#661));
#2021=EDGE_LOOP('',(#662));
#2022=EDGE_LOOP('',(#663));
#2023=EDGE_LOOP('',(#664));
#2024=EDGE_LOOP('',(#665));
#2025=EDGE_LOOP('',(#666));
#2026=EDGE_LOOP('',(#667));
#2027=EDGE_LOOP('',(#668));
#2028=EDGE_LOOP('',(#669));
#2029=EDGE_LOOP('',(#670));
#2030=EDGE_LOOP('',(#671));
#2031=EDGE_LOOP('',(#672));
#2032=EDGE_LOOP('',(#673));
#2033=EDGE_LOOP('',(#674));
#2034=EDGE_LOOP('',(#675));
#2035=EDGE_LOOP('',(#676));
#2036=EDGE_LOOP('',(#677));
#2037=EDGE_LOOP('',(#678));
#2038=EDGE_LOOP('',(#679));
#2039=EDGE_LOOP('',(#680));
#2040=EDGE_LOOP('',(#681));
#2041=EDGE_LOOP('',(#682));
#2042=EDGE_LOOP('',(#683));
#2043=EDGE_LOOP('',(#684));
#2044=EDGE_LOOP('',(#685));
#2045=EDGE_LOOP('',(#686));
#2046=EDGE_LOOP('',(#687));
#2047=EDGE_LOOP('',(#688));
#2048=EDGE_LOOP('',(#689));
#2049=EDGE_LOOP('',(#690));
#2050=EDGE_LOOP('',(#691));
#2051=EDGE_LOOP('',(#692));
#2052=EDGE_LOOP('',(#693));
#2053=EDGE_LOOP('',(#694));
#2054=EDGE_LOOP('',(#695));
#2055=EDGE_LOOP('',(#696));
#2056=EDGE_LOOP('',(#697,#698,#699,#700));
#2057=EDGE_LOOP('',(#701));
#2058=EDGE_LOOP('',(#702));
#2059=EDGE_LOOP('',(#703));
#2060=EDGE_LOOP('',(#704));
#2061=EDGE_LOOP('',(#705));
#2062=EDGE_LOOP('',(#706));
#2063=EDGE_LOOP('',(#707));
#2064=EDGE_LOOP('',(#708));
#2065=EDGE_LOOP('',(#709));
#2066=EDGE_LOOP('',(#710,#711,#712,#713));
#2067=EDGE_LOOP('',(#714,#715,#716,#717));
#2068=EDGE_LOOP('',(#718));
#2069=EDGE_LOOP('',(#719));
#2070=EDGE_LOOP('',(#720));
#2071=EDGE_LOOP('',(#721));
#2072=EDGE_LOOP('',(#722));
#2073=EDGE_LOOP('',(#723));
#2074=EDGE_LOOP('',(#724));
#2075=EDGE_LOOP('',(#725));
#2076=EDGE_LOOP('',(#726));
#2077=EDGE_LOOP('',(#727));
#2078=EDGE_LOOP('',(#728));
#2079=EDGE_LOOP('',(#729));
#2080=EDGE_LOOP('',(#730));
#2081=EDGE_LOOP('',(#731));
#2082=EDGE_LOOP('',(#732));
#2083=EDGE_LOOP('',(#733));
#2084=EDGE_LOOP('',(#734));
#2085=EDGE_LOOP('',(#735));
#2086=EDGE_LOOP('',(#736));
#2087=EDGE_LOOP('',(#737));
#2088=EDGE_LOOP('',(#738));
#2089=EDGE_LOOP('',(#739));
#2090=EDGE_LOOP('',(#740));
#2091=EDGE_LOOP('',(#741));
#2092=EDGE_LOOP('',(#742));
#2093=EDGE_LOOP('',(#743));
#2094=EDGE_LOOP('',(#744));
#2095=EDGE_LOOP('',(#745));
#2096=EDGE_LOOP('',(#746));
#2097=EDGE_LOOP('',(#747));
#2098=EDGE_LOOP('',(#748));
#2099=EDGE_LOOP('',(#749));
#2100=EDGE_LOOP('',(#750));
#2101=EDGE_LOOP('',(#751));
#2102=EDGE_LOOP('',(#752));
#2103=EDGE_LOOP('',(#753));
#2104=EDGE_LOOP('',(#754));
#2105=EDGE_LOOP('',(#755));
#2106=EDGE_LOOP('',(#756));
#2107=EDGE_LOOP('',(#757));
#2108=EDGE_LOOP('',(#758));
#2109=EDGE_LOOP('',(#759));
#2110=EDGE_LOOP('',(#760));
#2111=EDGE_LOOP('',(#761));
#2112=EDGE_LOOP('',(#762));
#2113=EDGE_LOOP('',(#763));
#2114=EDGE_LOOP('',(#764));
#2115=EDGE_LOOP('',(#765));
#2116=EDGE_LOOP('',(#766));
#2117=EDGE_LOOP('',(#767));
#2118=EDGE_LOOP('',(#768));
#2119=EDGE_LOOP('',(#769));
#2120=EDGE_LOOP('',(#770));
#2121=EDGE_LOOP('',(#771));
#2122=EDGE_LOOP('',(#772));
#2123=EDGE_LOOP('',(#773));
#2124=EDGE_LOOP('',(#774));
#2125=EDGE_LOOP('',(#775));
#2126=EDGE_LOOP('',(#776));
#2127=EDGE_LOOP('',(#777));
#2128=EDGE_LOOP('',(#778));
#2129=EDGE_LOOP('',(#779));
#2130=EDGE_LOOP('',(#780));
#2131=EDGE_LOOP('',(#781));
#2132=EDGE_LOOP('',(#782));
#2133=EDGE_LOOP('',(#783));
#2134=EDGE_LOOP('',(#784));
#2135=EDGE_LOOP('',(#785));
#2136=EDGE_LOOP('',(#786));
#2137=EDGE_LOOP('',(#787));
#2138=EDGE_LOOP('',(#788,#789,#790,#791));
#2139=EDGE_LOOP('',(#792,#793,#794,#795));
#2140=EDGE_LOOP('',(#796,#797,#798,#799));
#2141=EDGE_LOOP('',(#800,#801,#802,#803));
#2142=EDGE_LOOP('',(#804));
#2143=EDGE_LOOP('',(#805));
#2144=EDGE_LOOP('',(#806));
#2145=EDGE_LOOP('',(#807));
#2146=EDGE_LOOP('',(#808));
#2147=EDGE_LOOP('',(#809));
#2148=EDGE_LOOP('',(#810));
#2149=EDGE_LOOP('',(#811));
#2150=EDGE_LOOP('',(#812));
#2151=EDGE_LOOP('',(#813));
#2152=EDGE_LOOP('',(#814));
#2153=EDGE_LOOP('',(#815));
#2154=EDGE_LOOP('',(#816));
#2155=EDGE_LOOP('',(#817));
#2156=EDGE_LOOP('',(#818));
#2157=EDGE_LOOP('',(#819));
#2158=EDGE_LOOP('',(#820));
#2159=EDGE_LOOP('',(#821));
#2160=EDGE_LOOP('',(#822,#823,#824,#825));
#2161=EDGE_LOOP('',(#826,#827,#828,#829));
#2162=EDGE_LOOP('',(#830,#831,#832,#833));
#2163=EDGE_LOOP('',(#834,#835,#836,#837));
#2164=EDGE_LOOP('',(#838,#839,#840,#841));
#2165=EDGE_LOOP('',(#842,#843,#844,#845));
#2166=EDGE_LOOP('',(#846,#847,#848,#849));
#2167=EDGE_LOOP('',(#850,#851,#852,#853));
#2168=EDGE_LOOP('',(#854,#855,#856,#857));
#2169=EDGE_LOOP('',(#858,#859,#860,#861,#862,#863,#864,#865));
#2170=EDGE_LOOP('',(#866,#867,#868,#869));
#2171=EDGE_LOOP('',(#870,#871,#872,#873));
#2172=EDGE_LOOP('',(#874,#875,#876,#877));
#2173=EDGE_LOOP('',(#878));
#2174=EDGE_LOOP('',(#879));
#2175=EDGE_LOOP('',(#880));
#2176=EDGE_LOOP('',(#881));
#2177=EDGE_LOOP('',(#882,#883,#884,#885));
#2178=EDGE_LOOP('',(#886));
#2179=EDGE_LOOP('',(#887));
#2180=EDGE_LOOP('',(#888));
#2181=EDGE_LOOP('',(#889));
#2182=EDGE_LOOP('',(#890,#891,#892,#893,#894,#895,#896,#897,#898,#899,#900,
#901));
#2183=EDGE_LOOP('',(#902,#903,#904,#905));
#2184=EDGE_LOOP('',(#906,#907,#908,#909));
#2185=EDGE_LOOP('',(#910,#911,#912,#913,#914,#915,#916,#917));
#2186=EDGE_LOOP('',(#918));
#2187=EDGE_LOOP('',(#919));
#2188=EDGE_LOOP('',(#920));
#2189=EDGE_LOOP('',(#921));
#2190=EDGE_LOOP('',(#922));
#2191=EDGE_LOOP('',(#923));
#2192=EDGE_LOOP('',(#924));
#2193=EDGE_LOOP('',(#925));
#2194=FACE_BOUND('',#1888,.T.);
#2195=FACE_BOUND('',#1889,.T.);
#2196=FACE_BOUND('',#1890,.T.);
#2197=FACE_BOUND('',#1891,.T.);
#2198=FACE_BOUND('',#1892,.T.);
#2199=FACE_BOUND('',#1893,.T.);
#2200=FACE_BOUND('',#1894,.T.);
#2201=FACE_BOUND('',#1895,.T.);
#2202=FACE_BOUND('',#1896,.T.);
#2203=FACE_BOUND('',#1897,.T.);
#2204=FACE_BOUND('',#1898,.T.);
#2205=FACE_BOUND('',#1899,.T.);
#2206=FACE_BOUND('',#1900,.T.);
#2207=FACE_BOUND('',#1901,.T.);
#2208=FACE_BOUND('',#1902,.T.);
#2209=FACE_BOUND('',#1903,.T.);
#2210=FACE_BOUND('',#1904,.T.);
#2211=FACE_BOUND('',#1905,.T.);
#2212=FACE_BOUND('',#1906,.T.);
#2213=FACE_BOUND('',#1907,.T.);
#2214=FACE_BOUND('',#1908,.T.);
#2215=FACE_BOUND('',#1909,.T.);
#2216=FACE_BOUND('',#1910,.T.);
#2217=FACE_BOUND('',#1911,.T.);
#2218=FACE_BOUND('',#1912,.T.);
#2219=FACE_BOUND('',#1913,.T.);
#2220=FACE_BOUND('',#1914,.T.);
#2221=FACE_BOUND('',#1915,.T.);
#2222=FACE_BOUND('',#1916,.T.);
#2223=FACE_BOUND('',#1917,.T.);
#2224=FACE_BOUND('',#1918,.T.);
#2225=FACE_BOUND('',#1919,.T.);
#2226=FACE_BOUND('',#1920,.T.);
#2227=FACE_BOUND('',#1921,.T.);
#2228=FACE_BOUND('',#1922,.T.);
#2229=FACE_BOUND('',#1923,.T.);
#2230=FACE_BOUND('',#1924,.T.);
#2231=FACE_BOUND('',#1925,.T.);
#2232=FACE_BOUND('',#1926,.T.);
#2233=FACE_BOUND('',#1927,.T.);
#2234=FACE_BOUND('',#1928,.T.);
#2235=FACE_BOUND('',#1929,.T.);
#2236=FACE_BOUND('',#1930,.T.);
#2237=FACE_BOUND('',#1931,.T.);
#2238=FACE_BOUND('',#1932,.T.);
#2239=FACE_BOUND('',#1933,.T.);
#2240=FACE_BOUND('',#1934,.T.);
#2241=FACE_BOUND('',#1935,.T.);
#2242=FACE_BOUND('',#1936,.T.);
#2243=FACE_BOUND('',#1937,.T.);
#2244=FACE_BOUND('',#1938,.T.);
#2245=FACE_BOUND('',#1939,.T.);
#2246=FACE_BOUND('',#1940,.T.);
#2247=FACE_BOUND('',#1941,.T.);
#2248=FACE_BOUND('',#1942,.T.);
#2249=FACE_BOUND('',#1943,.T.);
#2250=FACE_BOUND('',#1944,.T.);
#2251=FACE_BOUND('',#1945,.T.);
#2252=FACE_BOUND('',#1946,.T.);
#2253=FACE_BOUND('',#1947,.T.);
#2254=FACE_BOUND('',#1948,.T.);
#2255=FACE_BOUND('',#1949,.T.);
#2256=FACE_BOUND('',#1950,.T.);
#2257=FACE_BOUND('',#1951,.T.);
#2258=FACE_BOUND('',#1952,.T.);
#2259=FACE_BOUND('',#1953,.T.);
#2260=FACE_BOUND('',#1954,.T.);
#2261=FACE_BOUND('',#1955,.T.);
#2262=FACE_BOUND('',#1956,.T.);
#2263=FACE_BOUND('',#1957,.T.);
#2264=FACE_BOUND('',#1958,.T.);
#2265=FACE_BOUND('',#1959,.T.);
#2266=FACE_BOUND('',#1960,.T.);
#2267=FACE_BOUND('',#1961,.T.);
#2268=FACE_BOUND('',#1962,.T.);
#2269=FACE_BOUND('',#1963,.T.);
#2270=FACE_BOUND('',#1964,.T.);
#2271=FACE_BOUND('',#1965,.T.);
#2272=FACE_BOUND('',#1966,.T.);
#2273=FACE_BOUND('',#1967,.T.);
#2274=FACE_BOUND('',#1968,.T.);
#2275=FACE_BOUND('',#1969,.T.);
#2276=FACE_BOUND('',#1970,.T.);
#2277=FACE_BOUND('',#1971,.T.);
#2278=FACE_BOUND('',#1972,.T.);
#2279=FACE_BOUND('',#1973,.T.);
#2280=FACE_BOUND('',#1974,.T.);
#2281=FACE_BOUND('',#1975,.T.);
#2282=FACE_BOUND('',#1976,.T.);
#2283=FACE_BOUND('',#1977,.T.);
#2284=FACE_BOUND('',#1978,.T.);
#2285=FACE_BOUND('',#1979,.T.);
#2286=FACE_BOUND('',#1980,.T.);
#2287=FACE_BOUND('',#1981,.T.);
#2288=FACE_BOUND('',#1982,.T.);
#2289=FACE_BOUND('',#1983,.T.);
#2290=FACE_BOUND('',#1984,.T.);
#2291=FACE_BOUND('',#1985,.T.);
#2292=FACE_BOUND('',#1986,.T.);
#2293=FACE_BOUND('',#1987,.T.);
#2294=FACE_BOUND('',#1988,.T.);
#2295=FACE_BOUND('',#1989,.T.);
#2296=FACE_BOUND('',#1990,.T.);
#2297=FACE_BOUND('',#1991,.T.);
#2298=FACE_BOUND('',#1992,.T.);
#2299=FACE_BOUND('',#1993,.T.);
#2300=FACE_BOUND('',#1994,.T.);
#2301=FACE_BOUND('',#1995,.T.);
#2302=FACE_BOUND('',#1996,.T.);
#2303=FACE_BOUND('',#1997,.T.);
#2304=FACE_BOUND('',#1998,.T.);
#2305=FACE_BOUND('',#1999,.T.);
#2306=FACE_BOUND('',#2000,.T.);
#2307=FACE_BOUND('',#2001,.T.);
#2308=FACE_BOUND('',#2002,.T.);
#2309=FACE_BOUND('',#2003,.T.);
#2310=FACE_BOUND('',#2004,.T.);
#2311=FACE_BOUND('',#2005,.T.);
#2312=FACE_BOUND('',#2006,.T.);
#2313=FACE_BOUND('',#2007,.T.);
#2314=FACE_BOUND('',#2008,.T.);
#2315=FACE_BOUND('',#2009,.T.);
#2316=FACE_BOUND('',#2010,.T.);
#2317=FACE_BOUND('',#2011,.T.);
#2318=FACE_BOUND('',#2012,.T.);
#2319=FACE_BOUND('',#2013,.T.);
#2320=FACE_BOUND('',#2014,.T.);
#2321=FACE_BOUND('',#2015,.T.);
#2322=FACE_BOUND('',#2016,.T.);
#2323=FACE_BOUND('',#2017,.T.);
#2324=FACE_BOUND('',#2018,.T.);
#2325=FACE_BOUND('',#2019,.T.);
#2326=FACE_BOUND('',#2020,.T.);
#2327=FACE_BOUND('',#2021,.T.);
#2328=FACE_BOUND('',#2022,.T.);
#2329=FACE_BOUND('',#2023,.T.);
#2330=FACE_BOUND('',#2024,.T.);
#2331=FACE_BOUND('',#2025,.T.);
#2332=FACE_BOUND('',#2026,.T.);
#2333=FACE_BOUND('',#2027,.T.);
#2334=FACE_BOUND('',#2028,.T.);
#2335=FACE_BOUND('',#2029,.T.);
#2336=FACE_BOUND('',#2030,.T.);
#2337=FACE_BOUND('',#2031,.T.);
#2338=FACE_BOUND('',#2032,.T.);
#2339=FACE_BOUND('',#2033,.T.);
#2340=FACE_BOUND('',#2034,.T.);
#2341=FACE_BOUND('',#2035,.T.);
#2342=FACE_BOUND('',#2036,.T.);
#2343=FACE_BOUND('',#2037,.T.);
#2344=FACE_BOUND('',#2038,.T.);
#2345=FACE_BOUND('',#2039,.T.);
#2346=FACE_BOUND('',#2040,.T.);
#2347=FACE_BOUND('',#2041,.T.);
#2348=FACE_BOUND('',#2042,.T.);
#2349=FACE_BOUND('',#2043,.T.);
#2350=FACE_BOUND('',#2044,.T.);
#2351=FACE_BOUND('',#2045,.T.);
#2352=FACE_BOUND('',#2046,.T.);
#2353=FACE_BOUND('',#2047,.T.);
#2354=FACE_BOUND('',#2048,.T.);
#2355=FACE_BOUND('',#2049,.T.);
#2356=FACE_BOUND('',#2050,.T.);
#2357=FACE_BOUND('',#2051,.T.);
#2358=FACE_BOUND('',#2052,.T.);
#2359=FACE_BOUND('',#2053,.T.);
#2360=FACE_BOUND('',#2054,.T.);
#2361=FACE_BOUND('',#2055,.T.);
#2362=FACE_BOUND('',#2056,.T.);
#2363=FACE_BOUND('',#2057,.T.);
#2364=FACE_BOUND('',#2058,.T.);
#2365=FACE_BOUND('',#2059,.T.);
#2366=FACE_BOUND('',#2060,.T.);
#2367=FACE_BOUND('',#2061,.T.);
#2368=FACE_BOUND('',#2062,.T.);
#2369=FACE_BOUND('',#2063,.T.);
#2370=FACE_BOUND('',#2064,.T.);
#2371=FACE_BOUND('',#2065,.T.);
#2372=FACE_BOUND('',#2066,.T.);
#2373=FACE_BOUND('',#2067,.T.);
#2374=FACE_BOUND('',#2068,.T.);
#2375=FACE_BOUND('',#2069,.T.);
#2376=FACE_BOUND('',#2070,.T.);
#2377=FACE_BOUND('',#2071,.T.);
#2378=FACE_BOUND('',#2072,.T.);
#2379=FACE_BOUND('',#2073,.T.);
#2380=FACE_BOUND('',#2074,.T.);
#2381=FACE_BOUND('',#2075,.T.);
#2382=FACE_BOUND('',#2076,.T.);
#2383=FACE_BOUND('',#2077,.T.);
#2384=FACE_BOUND('',#2078,.T.);
#2385=FACE_BOUND('',#2079,.T.);
#2386=FACE_BOUND('',#2080,.T.);
#2387=FACE_BOUND('',#2081,.T.);
#2388=FACE_BOUND('',#2082,.T.);
#2389=FACE_BOUND('',#2083,.T.);
#2390=FACE_BOUND('',#2084,.T.);
#2391=FACE_BOUND('',#2085,.T.);
#2392=FACE_BOUND('',#2086,.T.);
#2393=FACE_BOUND('',#2087,.T.);
#2394=FACE_BOUND('',#2088,.T.);
#2395=FACE_BOUND('',#2089,.T.);
#2396=FACE_BOUND('',#2090,.T.);
#2397=FACE_BOUND('',#2091,.T.);
#2398=FACE_BOUND('',#2092,.T.);
#2399=FACE_BOUND('',#2093,.T.);
#2400=FACE_BOUND('',#2094,.T.);
#2401=FACE_BOUND('',#2095,.T.);
#2402=FACE_BOUND('',#2096,.T.);
#2403=FACE_BOUND('',#2097,.T.);
#2404=FACE_BOUND('',#2098,.T.);
#2405=FACE_BOUND('',#2099,.T.);
#2406=FACE_BOUND('',#2100,.T.);
#2407=FACE_BOUND('',#2101,.T.);
#2408=FACE_BOUND('',#2102,.T.);
#2409=FACE_BOUND('',#2103,.T.);
#2410=FACE_BOUND('',#2104,.T.);
#2411=FACE_BOUND('',#2105,.T.);
#2412=FACE_BOUND('',#2106,.T.);
#2413=FACE_BOUND('',#2107,.T.);
#2414=FACE_BOUND('',#2108,.T.);
#2415=FACE_BOUND('',#2109,.T.);
#2416=FACE_BOUND('',#2110,.T.);
#2417=FACE_BOUND('',#2111,.T.);
#2418=FACE_BOUND('',#2112,.T.);
#2419=FACE_BOUND('',#2113,.T.);
#2420=FACE_BOUND('',#2114,.T.);
#2421=FACE_BOUND('',#2115,.T.);
#2422=FACE_BOUND('',#2116,.T.);
#2423=FACE_BOUND('',#2117,.T.);
#2424=FACE_BOUND('',#2118,.T.);
#2425=FACE_BOUND('',#2119,.T.);
#2426=FACE_BOUND('',#2120,.T.);
#2427=FACE_BOUND('',#2121,.T.);
#2428=FACE_BOUND('',#2122,.T.);
#2429=FACE_BOUND('',#2123,.T.);
#2430=FACE_BOUND('',#2124,.T.);
#2431=FACE_BOUND('',#2125,.T.);
#2432=FACE_BOUND('',#2126,.T.);
#2433=FACE_BOUND('',#2127,.T.);
#2434=FACE_BOUND('',#2128,.T.);
#2435=FACE_BOUND('',#2129,.T.);
#2436=FACE_BOUND('',#2130,.T.);
#2437=FACE_BOUND('',#2131,.T.);
#2438=FACE_BOUND('',#2132,.T.);
#2439=FACE_BOUND('',#2133,.T.);
#2440=FACE_BOUND('',#2134,.T.);
#2441=FACE_BOUND('',#2135,.T.);
#2442=FACE_BOUND('',#2136,.T.);
#2443=FACE_BOUND('',#2137,.T.);
#2444=FACE_BOUND('',#2138,.T.);
#2445=FACE_BOUND('',#2139,.T.);
#2446=FACE_BOUND('',#2140,.T.);
#2447=FACE_BOUND('',#2141,.T.);
#2448=FACE_BOUND('',#2142,.T.);
#2449=FACE_BOUND('',#2143,.T.);
#2450=FACE_BOUND('',#2144,.T.);
#2451=FACE_BOUND('',#2145,.T.);
#2452=FACE_BOUND('',#2146,.T.);
#2453=FACE_BOUND('',#2147,.T.);
#2454=FACE_BOUND('',#2148,.T.);
#2455=FACE_BOUND('',#2149,.T.);
#2456=FACE_BOUND('',#2150,.T.);
#2457=FACE_BOUND('',#2151,.T.);
#2458=FACE_BOUND('',#2152,.T.);
#2459=FACE_BOUND('',#2153,.T.);
#2460=FACE_BOUND('',#2154,.T.);
#2461=FACE_BOUND('',#2155,.T.);
#2462=FACE_BOUND('',#2156,.T.);
#2463=FACE_BOUND('',#2157,.T.);
#2464=FACE_BOUND('',#2158,.T.);
#2465=FACE_BOUND('',#2159,.T.);
#2466=FACE_BOUND('',#2160,.T.);
#2467=FACE_BOUND('',#2161,.T.);
#2468=FACE_BOUND('',#2162,.T.);
#2469=FACE_BOUND('',#2163,.T.);
#2470=FACE_BOUND('',#2164,.T.);
#2471=FACE_BOUND('',#2165,.T.);
#2472=FACE_BOUND('',#2166,.T.);
#2473=FACE_BOUND('',#2167,.T.);
#2474=FACE_BOUND('',#2168,.T.);
#2475=FACE_BOUND('',#2169,.T.);
#2476=FACE_BOUND('',#2170,.T.);
#2477=FACE_BOUND('',#2171,.T.);
#2478=FACE_BOUND('',#2172,.T.);
#2479=FACE_BOUND('',#2173,.T.);
#2480=FACE_BOUND('',#2174,.T.);
#2481=FACE_BOUND('',#2175,.T.);
#2482=FACE_BOUND('',#2176,.T.);
#2483=FACE_BOUND('',#2177,.T.);
#2484=FACE_BOUND('',#2178,.T.);
#2485=FACE_BOUND('',#2179,.T.);
#2486=FACE_BOUND('',#2180,.T.);
#2487=FACE_BOUND('',#2181,.T.);
#2488=FACE_BOUND('',#2182,.T.);
#2489=FACE_BOUND('',#2183,.T.);
#2490=FACE_BOUND('',#2184,.T.);
#2491=FACE_BOUND('',#2185,.T.);
#2492=FACE_BOUND('',#2186,.T.);
#2493=FACE_BOUND('',#2187,.T.);
#2494=FACE_BOUND('',#2188,.T.);
#2495=FACE_BOUND('',#2189,.T.);
#2496=FACE_BOUND('',#2190,.T.);
#2497=FACE_BOUND('',#2191,.T.);
#2498=FACE_BOUND('',#2192,.T.);
#2499=FACE_BOUND('',#2193,.T.);
#2500=PLANE('',#2731);
#2501=PLANE('',#2732);
#2502=PLANE('',#2733);
#2503=PLANE('',#2760);
#2504=PLANE('',#2761);
#2505=PLANE('',#2762);
#2506=PLANE('',#2763);
#2507=PLANE('',#2764);
#2508=PLANE('',#2791);
#2509=PLANE('',#2792);
#2510=PLANE('',#2793);
#2511=PLANE('',#2795);
#2512=PLANE('',#2797);
#2513=PLANE('',#2798);
#2514=PLANE('',#2799);
#2515=PLANE('',#2801);
#2516=PLANE('',#2803);
#2517=PLANE('',#2805);
#2518=PLANE('',#2807);
#2519=PLANE('',#2809);
#2520=PLANE('',#2811);
#2521=PLANE('',#2813);
#2522=PLANE('',#2815);
#2523=PLANE('',#2817);
#2524=PLANE('',#2819);
#2525=PLANE('',#2821);
#2526=PLANE('',#2823);
#2527=PLANE('',#2825);
#2528=PLANE('',#2827);
#2529=PLANE('',#2829);
#2530=PLANE('',#2831);
#2531=PLANE('',#2833);
#2532=PLANE('',#2835);
#2533=PLANE('',#2837);
#2534=PLANE('',#2844);
#2535=PLANE('',#2845);
#2536=PLANE('',#2846);
#2537=PLANE('',#2847);
#2538=PLANE('',#2896);
#2539=PLANE('',#2945);
#2540=PLANE('',#2982);
#2541=PLANE('',#2984);
#2542=PLANE('',#2995);
#2543=PLANE('',#2997);
#2544=PLANE('',#2999);
#2545=PLANE('',#3000);
#2546=PLANE('',#3001);
#2547=PLANE('',#3002);
#2548=PLANE('',#3003);
#2549=PLANE('',#3004);
#2550=PLANE('',#3005);
#2551=PLANE('',#3006);
#2552=PLANE('',#3007);
#2553=PLANE('',#3008);
#2554=PLANE('',#3013);
#2555=PLANE('',#3018);
#2556=PLANE('',#3019);
#2557=PLANE('',#3020);
#2558=ADVANCED_FACE('',(#2194),#2500,.T.);
#2559=ADVANCED_FACE('',(#2195),#2501,.T.);
#2560=ADVANCED_FACE('',(#2196,#2197,#2198,#2199,#2200,#2201,#2202,#2203,
#2204,#2205),#2502,.F.);
#2561=ADVANCED_FACE('',(#2206),#2503,.T.);
#2562=ADVANCED_FACE('',(#2207),#2504,.F.);
#2563=ADVANCED_FACE('',(#2208),#2505,.F.);
#2564=ADVANCED_FACE('',(#2209),#2506,.T.);
#2565=ADVANCED_FACE('',(#2210,#2211,#2212,#2213,#2214,#2215,#2216,#2217,
#2218,#2219),#2507,.T.);
#2566=ADVANCED_FACE('',(#2220),#2508,.F.);
#2567=ADVANCED_FACE('',(#2221),#2509,.T.);
#2568=ADVANCED_FACE('',(#2222),#2510,.T.);
#2569=ADVANCED_FACE('',(#2223),#16,.F.);
#2570=ADVANCED_FACE('',(#2224),#2511,.F.);
#2571=ADVANCED_FACE('',(#2225),#17,.F.);
#2572=ADVANCED_FACE('',(#2226),#2512,.T.);
#2573=ADVANCED_FACE('',(#2227),#2513,.F.);
#2574=ADVANCED_FACE('',(#2228),#2514,.F.);
#2575=ADVANCED_FACE('',(#2229),#18,.F.);
#2576=ADVANCED_FACE('',(#2230),#2515,.F.);
#2577=ADVANCED_FACE('',(#2231),#19,.F.);
#2578=ADVANCED_FACE('',(#2232),#2516,.T.);
#2579=ADVANCED_FACE('',(#2233),#20,.F.);
#2580=ADVANCED_FACE('',(#2234),#2517,.T.);
#2581=ADVANCED_FACE('',(#2235),#21,.F.);
#2582=ADVANCED_FACE('',(#2236),#2518,.F.);
#2583=ADVANCED_FACE('',(#2237),#22,.F.);
#2584=ADVANCED_FACE('',(#2238),#2519,.F.);
#2585=ADVANCED_FACE('',(#2239),#23,.F.);
#2586=ADVANCED_FACE('',(#2240),#2520,.T.);
#2587=ADVANCED_FACE('',(#2241),#24,.F.);
#2588=ADVANCED_FACE('',(#2242),#2521,.T.);
#2589=ADVANCED_FACE('',(#2243),#25,.F.);
#2590=ADVANCED_FACE('',(#2244),#2522,.F.);
#2591=ADVANCED_FACE('',(#2245),#26,.F.);
#2592=ADVANCED_FACE('',(#2246),#2523,.F.);
#2593=ADVANCED_FACE('',(#2247),#27,.F.);
#2594=ADVANCED_FACE('',(#2248),#2524,.T.);
#2595=ADVANCED_FACE('',(#2249),#28,.F.);
#2596=ADVANCED_FACE('',(#2250),#2525,.T.);
#2597=ADVANCED_FACE('',(#2251),#29,.F.);
#2598=ADVANCED_FACE('',(#2252),#2526,.F.);
#2599=ADVANCED_FACE('',(#2253),#30,.F.);
#2600=ADVANCED_FACE('',(#2254),#2527,.F.);
#2601=ADVANCED_FACE('',(#2255),#31,.F.);
#2602=ADVANCED_FACE('',(#2256),#2528,.T.);
#2603=ADVANCED_FACE('',(#2257),#32,.F.);
#2604=ADVANCED_FACE('',(#2258),#2529,.T.);
#2605=ADVANCED_FACE('',(#2259),#33,.F.);
#2606=ADVANCED_FACE('',(#2260),#2530,.F.);
#2607=ADVANCED_FACE('',(#2261),#34,.F.);
#2608=ADVANCED_FACE('',(#2262),#2531,.F.);
#2609=ADVANCED_FACE('',(#2263),#35,.F.);
#2610=ADVANCED_FACE('',(#2264),#2532,.T.);
#2611=ADVANCED_FACE('',(#2265),#36,.F.);
#2612=ADVANCED_FACE('',(#2266),#2533,.T.);
#2613=ADVANCED_FACE('',(#2267),#37,.F.);
#2614=ADVANCED_FACE('',(#2268,#2269),#38,.F.);
#2615=ADVANCED_FACE('',(#2270,#2271),#39,.F.);
#2616=ADVANCED_FACE('',(#2272,#2273),#40,.F.);
#2617=ADVANCED_FACE('',(#2274,#2275),#41,.F.);
#2618=ADVANCED_FACE('',(#2276),#2534,.T.);
#2619=ADVANCED_FACE('',(#2277),#2535,.T.);
#2620=ADVANCED_FACE('',(#2278),#2536,.T.);
#2621=ADVANCED_FACE('',(#2279,#2280,#2281,#2282,#2283,#2284,#2285,#2286,
#2287,#2288,#2289,#2290,#2291,#2292,#2293,#2294,#2295,#2296,#2297,#2298,
#2299,#2300,#2301,#2302,#2303,#2304,#2305,#2306,#2307,#2308,#2309,#2310,
#2311,#2312,#2313,#2314,#2315,#2316,#2317,#2318,#2319,#2320,#2321,#2322,
#2323,#2324,#2325),#2537,.F.);
#2622=ADVANCED_FACE('',(#2326,#2327,#2328,#2329,#2330,#2331,#2332,#2333,
#2334,#2335,#2336,#2337,#2338,#2339,#2340,#2341,#2342,#2343,#2344,#2345,
#2346,#2347,#2348,#2349,#2350,#2351,#2352,#2353,#2354,#2355,#2356,#2357,
#2358,#2359,#2360,#2361,#2362,#2363,#2364,#2365,#2366,#2367,#2368,#2369,
#2370,#2371,#2372),#2538,.T.);
#2623=ADVANCED_FACE('',(#2373),#2539,.T.);
#2624=ADVANCED_FACE('',(#2374,#2375),#42,.F.);
#2625=ADVANCED_FACE('',(#2376,#2377),#43,.F.);
#2626=ADVANCED_FACE('',(#2378,#2379),#44,.F.);
#2627=ADVANCED_FACE('',(#2380,#2381),#45,.F.);
#2628=ADVANCED_FACE('',(#2382,#2383),#46,.F.);
#2629=ADVANCED_FACE('',(#2384,#2385),#47,.F.);
#2630=ADVANCED_FACE('',(#2386,#2387),#48,.F.);
#2631=ADVANCED_FACE('',(#2388,#2389),#49,.F.);
#2632=ADVANCED_FACE('',(#2390,#2391),#50,.F.);
#2633=ADVANCED_FACE('',(#2392,#2393),#51,.F.);
#2634=ADVANCED_FACE('',(#2394,#2395),#52,.F.);
#2635=ADVANCED_FACE('',(#2396,#2397),#53,.F.);
#2636=ADVANCED_FACE('',(#2398,#2399),#54,.F.);
#2637=ADVANCED_FACE('',(#2400,#2401),#55,.F.);
#2638=ADVANCED_FACE('',(#2402,#2403),#56,.F.);
#2639=ADVANCED_FACE('',(#2404,#2405),#57,.F.);
#2640=ADVANCED_FACE('',(#2406,#2407),#58,.F.);
#2641=ADVANCED_FACE('',(#2408,#2409),#59,.F.);
#2642=ADVANCED_FACE('',(#2410,#2411),#60,.F.);
#2643=ADVANCED_FACE('',(#2412,#2413),#61,.F.);
#2644=ADVANCED_FACE('',(#2414,#2415),#62,.F.);
#2645=ADVANCED_FACE('',(#2416,#2417),#63,.F.);
#2646=ADVANCED_FACE('',(#2418,#2419),#64,.F.);
#2647=ADVANCED_FACE('',(#2420,#2421),#65,.F.);
#2648=ADVANCED_FACE('',(#2422,#2423),#66,.F.);
#2649=ADVANCED_FACE('',(#2424,#2425),#67,.F.);
#2650=ADVANCED_FACE('',(#2426,#2427),#68,.F.);
#2651=ADVANCED_FACE('',(#2428,#2429),#69,.F.);
#2652=ADVANCED_FACE('',(#2430,#2431),#70,.F.);
#2653=ADVANCED_FACE('',(#2432,#2433),#71,.F.);
#2654=ADVANCED_FACE('',(#2434,#2435),#72,.F.);
#2655=ADVANCED_FACE('',(#2436,#2437),#73,.F.);
#2656=ADVANCED_FACE('',(#2438,#2439),#74,.F.);
#2657=ADVANCED_FACE('',(#2440,#2441),#75,.F.);
#2658=ADVANCED_FACE('',(#2442,#2443),#76,.F.);
#2659=ADVANCED_FACE('',(#2444),#77,.F.);
#2660=ADVANCED_FACE('',(#2445),#2540,.T.);
#2661=ADVANCED_FACE('',(#2446),#78,.F.);
#2662=ADVANCED_FACE('',(#2447),#2541,.T.);
#2663=ADVANCED_FACE('',(#2448,#2449),#79,.F.);
#2664=ADVANCED_FACE('',(#2450,#2451),#80,.F.);
#2665=ADVANCED_FACE('',(#2452,#2453),#81,.F.);
#2666=ADVANCED_FACE('',(#2454,#2455),#82,.F.);
#2667=ADVANCED_FACE('',(#2456,#2457),#83,.F.);
#2668=ADVANCED_FACE('',(#2458,#2459),#84,.F.);
#2669=ADVANCED_FACE('',(#2460,#2461),#85,.F.);
#2670=ADVANCED_FACE('',(#2462,#2463),#86,.F.);
#2671=ADVANCED_FACE('',(#2464,#2465),#87,.F.);
#2672=ADVANCED_FACE('',(#2466),#88,.F.);
#2673=ADVANCED_FACE('',(#2467),#2542,.T.);
#2674=ADVANCED_FACE('',(#2468),#89,.F.);
#2675=ADVANCED_FACE('',(#2469),#2543,.T.);
#2676=ADVANCED_FACE('',(#2470),#2544,.T.);
#2677=ADVANCED_FACE('',(#2471),#2545,.F.);
#2678=ADVANCED_FACE('',(#2472),#2546,.F.);
#2679=ADVANCED_FACE('',(#2473),#2547,.T.);
#2680=ADVANCED_FACE('',(#2474),#2548,.T.);
#2681=ADVANCED_FACE('',(#2475),#2549,.F.);
#2682=ADVANCED_FACE('',(#2476),#2550,.F.);
#2683=ADVANCED_FACE('',(#2477),#2551,.T.);
#2684=ADVANCED_FACE('',(#2478),#2552,.T.);
#2685=ADVANCED_FACE('',(#2479,#2480,#2481,#2482,#2483),#2553,.T.);
#2686=ADVANCED_FACE('',(#2484,#2485,#2486,#2487,#2488),#2554,.F.);
#2687=ADVANCED_FACE('',(#2489),#2555,.F.);
#2688=ADVANCED_FACE('',(#2490),#2556,.T.);
#2689=ADVANCED_FACE('',(#2491),#2557,.T.);
#2690=ADVANCED_FACE('',(#2492,#2493),#90,.F.);
#2691=ADVANCED_FACE('',(#2494,#2495),#91,.F.);
#2692=ADVANCED_FACE('',(#2496,#2497),#92,.F.);
#2693=ADVANCED_FACE('',(#2498,#2499),#93,.F.);
#2694=CLOSED_SHELL('',(#2558,#2559,#2560,#2561,#2562,#2563,#2564,#2565,
#2566,#2567,#2568,#2569,#2570,#2571,#2572,#2573,#2574,#2575,#2576,#2577,
#2578,#2579,#2580,#2581,#2582,#2583,#2584,#2585,#2586,#2587,#2588,#2589,
#2590,#2591,#2592,#2593,#2594,#2595,#2596,#2597,#2598,#2599,#2600,#2601,
#2602,#2603,#2604,#2605,#2606,#2607,#2608,#2609,#2610,#2611,#2612,#2613,
#2614,#2615,#2616,#2617));
#2695=CLOSED_SHELL('',(#2618,#2619,#2620,#2621,#2622,#2623,#2624,#2625,
#2626,#2627,#2628,#2629,#2630,#2631,#2632,#2633,#2634,#2635,#2636,#2637,
#2638,#2639,#2640,#2641,#2642,#2643,#2644,#2645,#2646,#2647,#2648,#2649,
#2650,#2651,#2652,#2653,#2654,#2655,#2656,#2657,#2658,#2659,#2660,#2661,
#2662,#2663,#2664,#2665,#2666,#2667,#2668,#2669,#2670,#2671,#2672,#2673,
#2674,#2675));
#2696=CLOSED_SHELL('',(#2676,#2677,#2678,#2679,#2680,#2681,#2682,#2683,
#2684,#2685,#2686,#2687,#2688,#2689,#2690,#2691,#2692,#2693));
#2697=STYLED_ITEM('',(#2700),#2721);
#2698=STYLED_ITEM('',(#2701),#2722);
#2699=STYLED_ITEM('',(#2702),#2723);
#2700=PRESENTATION_STYLE_ASSIGNMENT((#2703));
#2701=PRESENTATION_STYLE_ASSIGNMENT((#2704));
#2702=PRESENTATION_STYLE_ASSIGNMENT((#2705));
#2703=SURFACE_STYLE_USAGE(.BOTH.,#2706);
#2704=SURFACE_STYLE_USAGE(.BOTH.,#2707);
#2705=SURFACE_STYLE_USAGE(.BOTH.,#2708);
#2706=SURFACE_SIDE_STYLE('',(#2709));
#2707=SURFACE_SIDE_STYLE('',(#2710));
#2708=SURFACE_SIDE_STYLE('',(#2711));
#2709=SURFACE_STYLE_FILL_AREA(#2712);
#2710=SURFACE_STYLE_FILL_AREA(#2713);
#2711=SURFACE_STYLE_FILL_AREA(#2714);
#2712=FILL_AREA_STYLE('',(#2715));
#2713=FILL_AREA_STYLE('',(#2716));
#2714=FILL_AREA_STYLE('',(#2717));
#2715=FILL_AREA_STYLE_COLOUR('',#2718);
#2716=FILL_AREA_STYLE_COLOUR('',#2719);
#2717=FILL_AREA_STYLE_COLOUR('',#2720);
#2718=COLOUR_RGB('',0.917647058823529,0.917647058823529,0.917647058823529);
#2719=COLOUR_RGB('',0.313725490196078,0.486274509803922,0.411764705882353);
#2720=COLOUR_RGB('',0.647058823529412,0.647058823529412,0.647058823529412);
#2721=MANIFOLD_SOLID_BREP('Lid',#2694);
#2722=MANIFOLD_SOLID_BREP('PCB',#2695);
#2723=MANIFOLD_SOLID_BREP('Base',#2696);
#2724=SHAPE_DEFINITION_REPRESENTATION(#4552,#2727);
#2725=SHAPE_DEFINITION_REPRESENTATION(#4553,#2728);
#2726=SHAPE_DEFINITION_REPRESENTATION(#4554,#2729);
#2727=SHAPE_REPRESENTATION('Lid',(#2730),#4537);
#2728=SHAPE_REPRESENTATION('PCB',(#2843),#4538);
#2729=SHAPE_REPRESENTATION('Base',(#2998),#4539);
#2730=AXIS2_PLACEMENT_3D('',#3797,#3025,#3026);
#2731=AXIS2_PLACEMENT_3D('',#3798,#3027,#3028);
#2732=AXIS2_PLACEMENT_3D('',#3807,#3033,#3034);
#2733=AXIS2_PLACEMENT_3D('',#3816,#3039,#3040);
#2734=AXIS2_PLACEMENT_3D('',#3817,#3041,#3042);
#2735=AXIS2_PLACEMENT_3D('',#3819,#3043,#3044);
#2736=AXIS2_PLACEMENT_3D('',#3821,#3045,#3046);
#2737=AXIS2_PLACEMENT_3D('',#3823,#3047,#3048);
#2738=AXIS2_PLACEMENT_3D('',#3825,#3049,#3050);
#2739=AXIS2_PLACEMENT_3D('',#3830,#3052,#3053);
#2740=AXIS2_PLACEMENT_3D('',#3834,#3055,#3056);
#2741=AXIS2_PLACEMENT_3D('',#3838,#3058,#3059);
#2742=AXIS2_PLACEMENT_3D('',#3841,#3061,#3062);
#2743=AXIS2_PLACEMENT_3D('',#3846,#3064,#3065);
#2744=AXIS2_PLACEMENT_3D('',#3850,#3067,#3068);
#2745=AXIS2_PLACEMENT_3D('',#3854,#3070,#3071);
#2746=AXIS2_PLACEMENT_3D('',#3857,#3073,#3074);
#2747=AXIS2_PLACEMENT_3D('',#3862,#3076,#3077);
#2748=AXIS2_PLACEMENT_3D('',#3866,#3079,#3080);
#2749=AXIS2_PLACEMENT_3D('',#3870,#3082,#3083);
#2750=AXIS2_PLACEMENT_3D('',#3873,#3085,#3086);
#2751=AXIS2_PLACEMENT_3D('',#3878,#3088,#3089);
#2752=AXIS2_PLACEMENT_3D('',#3882,#3091,#3092);
#2753=AXIS2_PLACEMENT_3D('',#3886,#3094,#3095);
#2754=AXIS2_PLACEMENT_3D('',#3889,#3097,#3098);
#2755=AXIS2_PLACEMENT_3D('',#3894,#3100,#3101);
#2756=AXIS2_PLACEMENT_3D('',#3898,#3103,#3104);
#2757=AXIS2_PLACEMENT_3D('',#3902,#3106,#3107);
#2758=AXIS2_PLACEMENT_3D('',#3905,#3109,#3110);
#2759=AXIS2_PLACEMENT_3D('',#3924,#3120,#3121);
#2760=AXIS2_PLACEMENT_3D('',#3927,#3123,#3124);
#2761=AXIS2_PLACEMENT_3D('',#3931,#3127,#3128);
#2762=AXIS2_PLACEMENT_3D('',#3935,#3131,#3132);
#2763=AXIS2_PLACEMENT_3D('',#3939,#3135,#3136);
#2764=AXIS2_PLACEMENT_3D('',#3943,#3139,#3140);
#2765=AXIS2_PLACEMENT_3D('',#3944,#3141,#3142);
#2766=AXIS2_PLACEMENT_3D('',#3946,#3143,#3144);
#2767=AXIS2_PLACEMENT_3D('',#3948,#3145,#3146);
#2768=AXIS2_PLACEMENT_3D('',#3950,#3147,#3148);
#2769=AXIS2_PLACEMENT_3D('',#3961,#3154,#3155);
#2770=AXIS2_PLACEMENT_3D('',#3965,#3157,#3158);
#2771=AXIS2_PLACEMENT_3D('',#3969,#3160,#3161);
#2772=AXIS2_PLACEMENT_3D('',#3973,#3163,#3164);
#2773=AXIS2_PLACEMENT_3D('',#3977,#3166,#3167);
#2774=AXIS2_PLACEMENT_3D('',#3981,#3169,#3170);
#2775=AXIS2_PLACEMENT_3D('',#3985,#3172,#3173);
#2776=AXIS2_PLACEMENT_3D('',#3989,#3175,#3176);
#2777=AXIS2_PLACEMENT_3D('',#3993,#3178,#3179);
#2778=AXIS2_PLACEMENT_3D('',#3997,#3181,#3182);
#2779=AXIS2_PLACEMENT_3D('',#4001,#3184,#3185);
#2780=AXIS2_PLACEMENT_3D('',#4005,#3187,#3188);
#2781=AXIS2_PLACEMENT_3D('',#4009,#3190,#3191);
#2782=AXIS2_PLACEMENT_3D('',#4013,#3193,#3194);
#2783=AXIS2_PLACEMENT_3D('',#4017,#3196,#3197);
#2784=AXIS2_PLACEMENT_3D('',#4021,#3199,#3200);
#2785=AXIS2_PLACEMENT_3D('',#4025,#3202,#3203);
#2786=AXIS2_PLACEMENT_3D('',#4029,#3205,#3206);
#2787=AXIS2_PLACEMENT_3D('',#4033,#3208,#3209);
#2788=AXIS2_PLACEMENT_3D('',#4037,#3211,#3212);
#2789=AXIS2_PLACEMENT_3D('',#4041,#3214,#3215);
#2790=AXIS2_PLACEMENT_3D('',#4045,#3217,#3218);
#2791=AXIS2_PLACEMENT_3D('',#4046,#3219,#3220);
#2792=AXIS2_PLACEMENT_3D('',#4048,#3222,#3223);
#2793=AXIS2_PLACEMENT_3D('',#4050,#3225,#3226);
#2794=AXIS2_PLACEMENT_3D('',#4051,#3227,#3228);
#2795=AXIS2_PLACEMENT_3D('',#4054,#3231,#3232);
#2796=AXIS2_PLACEMENT_3D('',#4056,#3234,#3235);
#2797=AXIS2_PLACEMENT_3D('',#4058,#3237,#3238);
#2798=AXIS2_PLACEMENT_3D('',#4059,#3239,#3240);
#2799=AXIS2_PLACEMENT_3D('',#4060,#3241,#3242);
#2800=AXIS2_PLACEMENT_3D('',#4063,#3245,#3246);
#2801=AXIS2_PLACEMENT_3D('',#4065,#3248,#3249);
#2802=AXIS2_PLACEMENT_3D('',#4067,#3251,#3252);
#2803=AXIS2_PLACEMENT_3D('',#4069,#3254,#3255);
#2804=AXIS2_PLACEMENT_3D('',#4071,#3257,#3258);
#2805=AXIS2_PLACEMENT_3D('',#4073,#3260,#3261);
#2806=AXIS2_PLACEMENT_3D('',#4075,#3263,#3264);
#2807=AXIS2_PLACEMENT_3D('',#4076,#3265,#3266);
#2808=AXIS2_PLACEMENT_3D('',#4079,#3269,#3270);
#2809=AXIS2_PLACEMENT_3D('',#4081,#3272,#3273);
#2810=AXIS2_PLACEMENT_3D('',#4083,#3275,#3276);
#2811=AXIS2_PLACEMENT_3D('',#4085,#3278,#3279);
#2812=AXIS2_PLACEMENT_3D('',#4087,#3281,#3282);
#2813=AXIS2_PLACEMENT_3D('',#4089,#3284,#3285);
#2814=AXIS2_PLACEMENT_3D('',#4091,#3287,#3288);
#2815=AXIS2_PLACEMENT_3D('',#4092,#3289,#3290);
#2816=AXIS2_PLACEMENT_3D('',#4095,#3293,#3294);
#2817=AXIS2_PLACEMENT_3D('',#4097,#3296,#3297);
#2818=AXIS2_PLACEMENT_3D('',#4099,#3299,#3300);
#2819=AXIS2_PLACEMENT_3D('',#4101,#3302,#3303);
#2820=AXIS2_PLACEMENT_3D('',#4103,#3305,#3306);
#2821=AXIS2_PLACEMENT_3D('',#4105,#3308,#3309);
#2822=AXIS2_PLACEMENT_3D('',#4107,#3311,#3312);
#2823=AXIS2_PLACEMENT_3D('',#4108,#3313,#3314);
#2824=AXIS2_PLACEMENT_3D('',#4111,#3317,#3318);
#2825=AXIS2_PLACEMENT_3D('',#4113,#3320,#3321);
#2826=AXIS2_PLACEMENT_3D('',#4115,#3323,#3324);
#2827=AXIS2_PLACEMENT_3D('',#4117,#3326,#3327);
#2828=AXIS2_PLACEMENT_3D('',#4119,#3329,#3330);
#2829=AXIS2_PLACEMENT_3D('',#4121,#3332,#3333);
#2830=AXIS2_PLACEMENT_3D('',#4123,#3335,#3336);
#2831=AXIS2_PLACEMENT_3D('',#4124,#3337,#3338);
#2832=AXIS2_PLACEMENT_3D('',#4127,#3341,#3342);
#2833=AXIS2_PLACEMENT_3D('',#4129,#3344,#3345);
#2834=AXIS2_PLACEMENT_3D('',#4131,#3347,#3348);
#2835=AXIS2_PLACEMENT_3D('',#4133,#3350,#3351);
#2836=AXIS2_PLACEMENT_3D('',#4135,#3353,#3354);
#2837=AXIS2_PLACEMENT_3D('',#4137,#3356,#3357);
#2838=AXIS2_PLACEMENT_3D('',#4139,#3359,#3360);
#2839=AXIS2_PLACEMENT_3D('',#4140,#3361,#3362);
#2840=AXIS2_PLACEMENT_3D('',#4141,#3363,#3364);
#2841=AXIS2_PLACEMENT_3D('',#4142,#3365,#3366);
#2842=AXIS2_PLACEMENT_3D('',#4143,#3367,#3368);
#2843=AXIS2_PLACEMENT_3D('',#4144,#3369,#3370);
#2844=AXIS2_PLACEMENT_3D('',#4145,#3371,#3372);
#2845=AXIS2_PLACEMENT_3D('',#4154,#3377,#3378);
#2846=AXIS2_PLACEMENT_3D('',#4160,#3382,#3383);
#2847=AXIS2_PLACEMENT_3D('',#4166,#3387,#3388);
#2848=AXIS2_PLACEMENT_3D('',#4168,#3390,#3391);
#2849=AXIS2_PLACEMENT_3D('',#4170,#3392,#3393);
#2850=AXIS2_PLACEMENT_3D('',#4172,#3394,#3395);
#2851=AXIS2_PLACEMENT_3D('',#4174,#3396,#3397);
#2852=AXIS2_PLACEMENT_3D('',#4176,#3398,#3399);
#2853=AXIS2_PLACEMENT_3D('',#4178,#3400,#3401);
#2854=AXIS2_PLACEMENT_3D('',#4180,#3402,#3403);
#2855=AXIS2_PLACEMENT_3D('',#4182,#3404,#3405);
#2856=AXIS2_PLACEMENT_3D('',#4184,#3406,#3407);
#2857=AXIS2_PLACEMENT_3D('',#4186,#3408,#3409);
#2858=AXIS2_PLACEMENT_3D('',#4188,#3410,#3411);
#2859=AXIS2_PLACEMENT_3D('',#4190,#3412,#3413);
#2860=AXIS2_PLACEMENT_3D('',#4192,#3414,#3415);
#2861=AXIS2_PLACEMENT_3D('',#4194,#3416,#3417);
#2862=AXIS2_PLACEMENT_3D('',#4196,#3418,#3419);
#2863=AXIS2_PLACEMENT_3D('',#4198,#3420,#3421);
#2864=AXIS2_PLACEMENT_3D('',#4200,#3422,#3423);
#2865=AXIS2_PLACEMENT_3D('',#4202,#3424,#3425);
#2866=AXIS2_PLACEMENT_3D('',#4204,#3426,#3427);
#2867=AXIS2_PLACEMENT_3D('',#4206,#3428,#3429);
#2868=AXIS2_PLACEMENT_3D('',#4208,#3430,#3431);
#2869=AXIS2_PLACEMENT_3D('',#4210,#3432,#3433);
#2870=AXIS2_PLACEMENT_3D('',#4212,#3434,#3435);
#2871=AXIS2_PLACEMENT_3D('',#4214,#3436,#3437);
#2872=AXIS2_PLACEMENT_3D('',#4216,#3438,#3439);
#2873=AXIS2_PLACEMENT_3D('',#4218,#3440,#3441);
#2874=AXIS2_PLACEMENT_3D('',#4220,#3442,#3443);
#2875=AXIS2_PLACEMENT_3D('',#4222,#3444,#3445);
#2876=AXIS2_PLACEMENT_3D('',#4224,#3446,#3447);
#2877=AXIS2_PLACEMENT_3D('',#4226,#3448,#3449);
#2878=AXIS2_PLACEMENT_3D('',#4228,#3450,#3451);
#2879=AXIS2_PLACEMENT_3D('',#4230,#3452,#3453);
#2880=AXIS2_PLACEMENT_3D('',#4232,#3454,#3455);
#2881=AXIS2_PLACEMENT_3D('',#4234,#3456,#3457);
#2882=AXIS2_PLACEMENT_3D('',#4236,#3458,#3459);
#2883=AXIS2_PLACEMENT_3D('',#4241,#3461,#3462);
#2884=AXIS2_PLACEMENT_3D('',#4245,#3464,#3465);
#2885=AXIS2_PLACEMENT_3D('',#4246,#3466,#3467);
#2886=AXIS2_PLACEMENT_3D('',#4248,#3468,#3469);
#2887=AXIS2_PLACEMENT_3D('',#4250,#3470,#3471);
#2888=AXIS2_PLACEMENT_3D('',#4252,#3472,#3473);
#2889=AXIS2_PLACEMENT_3D('',#4254,#3474,#3475);
#2890=AXIS2_PLACEMENT_3D('',#4256,#3476,#3477);
#2891=AXIS2_PLACEMENT_3D('',#4258,#3478,#3479);
#2892=AXIS2_PLACEMENT_3D('',#4260,#3480,#3481);
#2893=AXIS2_PLACEMENT_3D('',#4262,#3482,#3483);
#2894=AXIS2_PLACEMENT_3D('',#4267,#3485,#3486);
#2895=AXIS2_PLACEMENT_3D('',#4271,#3488,#3489);
#2896=AXIS2_PLACEMENT_3D('',#4272,#3490,#3491);
#2897=AXIS2_PLACEMENT_3D('',#4274,#3493,#3494);
#2898=AXIS2_PLACEMENT_3D('',#4276,#3495,#3496);
#2899=AXIS2_PLACEMENT_3D('',#4278,#3497,#3498);
#2900=AXIS2_PLACEMENT_3D('',#4280,#3499,#3500);
#2901=AXIS2_PLACEMENT_3D('',#4282,#3501,#3502);
#2902=AXIS2_PLACEMENT_3D('',#4284,#3503,#3504);
#2903=AXIS2_PLACEMENT_3D('',#4286,#3505,#3506);
#2904=AXIS2_PLACEMENT_3D('',#4288,#3507,#3508);
#2905=AXIS2_PLACEMENT_3D('',#4290,#3509,#3510);
#2906=AXIS2_PLACEMENT_3D('',#4292,#3511,#3512);
#2907=AXIS2_PLACEMENT_3D('',#4294,#3513,#3514);
#2908=AXIS2_PLACEMENT_3D('',#4296,#3515,#3516);
#2909=AXIS2_PLACEMENT_3D('',#4298,#3517,#3518);
#2910=AXIS2_PLACEMENT_3D('',#4300,#3519,#3520);
#2911=AXIS2_PLACEMENT_3D('',#4302,#3521,#3522);
#2912=AXIS2_PLACEMENT_3D('',#4304,#3523,#3524);
#2913=AXIS2_PLACEMENT_3D('',#4306,#3525,#3526);
#2914=AXIS2_PLACEMENT_3D('',#4308,#3527,#3528);
#2915=AXIS2_PLACEMENT_3D('',#4310,#3529,#3530);
#2916=AXIS2_PLACEMENT_3D('',#4312,#3531,#3532);
#2917=AXIS2_PLACEMENT_3D('',#4314,#3533,#3534);
#2918=AXIS2_PLACEMENT_3D('',#4316,#3535,#3536);
#2919=AXIS2_PLACEMENT_3D('',#4318,#3537,#3538);
#2920=AXIS2_PLACEMENT_3D('',#4320,#3539,#3540);
#2921=AXIS2_PLACEMENT_3D('',#4322,#3541,#3542);
#2922=AXIS2_PLACEMENT_3D('',#4324,#3543,#3544);
#2923=AXIS2_PLACEMENT_3D('',#4326,#3545,#3546);
#2924=AXIS2_PLACEMENT_3D('',#4328,#3547,#3548);
#2925=AXIS2_PLACEMENT_3D('',#4330,#3549,#3550);
#2926=AXIS2_PLACEMENT_3D('',#4332,#3551,#3552);
#2927=AXIS2_PLACEMENT_3D('',#4334,#3553,#3554);
#2928=AXIS2_PLACEMENT_3D('',#4336,#3555,#3556);
#2929=AXIS2_PLACEMENT_3D('',#4338,#3557,#3558);
#2930=AXIS2_PLACEMENT_3D('',#4340,#3559,#3560);
#2931=AXIS2_PLACEMENT_3D('',#4342,#3561,#3562);
#2932=AXIS2_PLACEMENT_3D('',#4344,#3563,#3564);
#2933=AXIS2_PLACEMENT_3D('',#4349,#3566,#3567);
#2934=AXIS2_PLACEMENT_3D('',#4352,#3569,#3570);
#2935=AXIS2_PLACEMENT_3D('',#4354,#3571,#3572);
#2936=AXIS2_PLACEMENT_3D('',#4356,#3573,#3574);
#2937=AXIS2_PLACEMENT_3D('',#4358,#3575,#3576);
#2938=AXIS2_PLACEMENT_3D('',#4360,#3577,#3578);
#2939=AXIS2_PLACEMENT_3D('',#4362,#3579,#3580);
#2940=AXIS2_PLACEMENT_3D('',#4364,#3581,#3582);
#2941=AXIS2_PLACEMENT_3D('',#4366,#3583,#3584);
#2942=AXIS2_PLACEMENT_3D('',#4368,#3585,#3586);
#2943=AXIS2_PLACEMENT_3D('',#4370,#3587,#3588);
#2944=AXIS2_PLACEMENT_3D('',#4375,#3590,#3591);
#2945=AXIS2_PLACEMENT_3D('',#4378,#3593,#3594);
#2946=AXIS2_PLACEMENT_3D('',#4379,#3595,#3596);
#2947=AXIS2_PLACEMENT_3D('',#4380,#3597,#3598);
#2948=AXIS2_PLACEMENT_3D('',#4381,#3599,#3600);
#2949=AXIS2_PLACEMENT_3D('',#4382,#3601,#3602);
#2950=AXIS2_PLACEMENT_3D('',#4383,#3603,#3604);
#2951=AXIS2_PLACEMENT_3D('',#4384,#3605,#3606);
#2952=AXIS2_PLACEMENT_3D('',#4385,#3607,#3608);
#2953=AXIS2_PLACEMENT_3D('',#4386,#3609,#3610);
#2954=AXIS2_PLACEMENT_3D('',#4387,#3611,#3612);
#2955=AXIS2_PLACEMENT_3D('',#4388,#3613,#3614);
#2956=AXIS2_PLACEMENT_3D('',#4389,#3615,#3616);
#2957=AXIS2_PLACEMENT_3D('',#4390,#3617,#3618);
#2958=AXIS2_PLACEMENT_3D('',#4391,#3619,#3620);
#2959=AXIS2_PLACEMENT_3D('',#4392,#3621,#3622);
#2960=AXIS2_PLACEMENT_3D('',#4393,#3623,#3624);
#2961=AXIS2_PLACEMENT_3D('',#4394,#3625,#3626);
#2962=AXIS2_PLACEMENT_3D('',#4395,#3627,#3628);
#2963=AXIS2_PLACEMENT_3D('',#4396,#3629,#3630);
#2964=AXIS2_PLACEMENT_3D('',#4397,#3631,#3632);
#2965=AXIS2_PLACEMENT_3D('',#4398,#3633,#3634);
#2966=AXIS2_PLACEMENT_3D('',#4399,#3635,#3636);
#2967=AXIS2_PLACEMENT_3D('',#4400,#3637,#3638);
#2968=AXIS2_PLACEMENT_3D('',#4401,#3639,#3640);
#2969=AXIS2_PLACEMENT_3D('',#4402,#3641,#3642);
#2970=AXIS2_PLACEMENT_3D('',#4403,#3643,#3644);
#2971=AXIS2_PLACEMENT_3D('',#4404,#3645,#3646);
#2972=AXIS2_PLACEMENT_3D('',#4405,#3647,#3648);
#2973=AXIS2_PLACEMENT_3D('',#4406,#3649,#3650);
#2974=AXIS2_PLACEMENT_3D('',#4407,#3651,#3652);
#2975=AXIS2_PLACEMENT_3D('',#4408,#3653,#3654);
#2976=AXIS2_PLACEMENT_3D('',#4409,#3655,#3656);
#2977=AXIS2_PLACEMENT_3D('',#4410,#3657,#3658);
#2978=AXIS2_PLACEMENT_3D('',#4411,#3659,#3660);
#2979=AXIS2_PLACEMENT_3D('',#4412,#3661,#3662);
#2980=AXIS2_PLACEMENT_3D('',#4413,#3663,#3664);
#2981=AXIS2_PLACEMENT_3D('',#4414,#3665,#3666);
#2982=AXIS2_PLACEMENT_3D('',#4417,#3669,#3670);
#2983=AXIS2_PLACEMENT_3D('',#4419,#3672,#3673);
#2984=AXIS2_PLACEMENT_3D('',#4421,#3675,#3676);
#2985=AXIS2_PLACEMENT_3D('',#4422,#3677,#3678);
#2986=AXIS2_PLACEMENT_3D('',#4423,#3679,#3680);
#2987=AXIS2_PLACEMENT_3D('',#4424,#3681,#3682);
#2988=AXIS2_PLACEMENT_3D('',#4425,#3683,#3684);
#2989=AXIS2_PLACEMENT_3D('',#4426,#3685,#3686);
#2990=AXIS2_PLACEMENT_3D('',#4427,#3687,#3688);
#2991=AXIS2_PLACEMENT_3D('',#4428,#3689,#3690);
#2992=AXIS2_PLACEMENT_3D('',#4429,#3691,#3692);
#2993=AXIS2_PLACEMENT_3D('',#4430,#3693,#3694);
#2994=AXIS2_PLACEMENT_3D('',#4431,#3695,#3696);
#2995=AXIS2_PLACEMENT_3D('',#4434,#3699,#3700);
#2996=AXIS2_PLACEMENT_3D('',#4436,#3702,#3703);
#2997=AXIS2_PLACEMENT_3D('',#4438,#3705,#3706);
#2998=AXIS2_PLACEMENT_3D('',#4439,#3707,#3708);
#2999=AXIS2_PLACEMENT_3D('',#4440,#3709,#3710);
#3000=AXIS2_PLACEMENT_3D('',#4449,#3715,#3716);
#3001=AXIS2_PLACEMENT_3D('',#4458,#3721,#3722);
#3002=AXIS2_PLACEMENT_3D('',#4464,#3726,#3727);
#3003=AXIS2_PLACEMENT_3D('',#4470,#3731,#3732);
#3004=AXIS2_PLACEMENT_3D('',#4479,#3737,#3738);
#3005=AXIS2_PLACEMENT_3D('',#4493,#3746,#3747);
#3006=AXIS2_PLACEMENT_3D('',#4499,#3751,#3752);
#3007=AXIS2_PLACEMENT_3D('',#4502,#3755,#3756);
#3008=AXIS2_PLACEMENT_3D('',#4505,#3759,#3760);
#3009=AXIS2_PLACEMENT_3D('',#4506,#3761,#3762);
#3010=AXIS2_PLACEMENT_3D('',#4508,#3763,#3764);
#3011=AXIS2_PLACEMENT_3D('',#4510,#3765,#3766);
#3012=AXIS2_PLACEMENT_3D('',#4512,#3767,#3768);
#3013=AXIS2_PLACEMENT_3D('',#4514,#3769,#3770);
#3014=AXIS2_PLACEMENT_3D('',#4515,#3771,#3772);
#3015=AXIS2_PLACEMENT_3D('',#4517,#3773,#3774);
#3016=AXIS2_PLACEMENT_3D('',#4519,#3775,#3776);
#3017=AXIS2_PLACEMENT_3D('',#4521,#3777,#3778);
#3018=AXIS2_PLACEMENT_3D('',#4525,#3781,#3782);
#3019=AXIS2_PLACEMENT_3D('',#4527,#3784,#3785);
#3020=AXIS2_PLACEMENT_3D('',#4529,#3787,#3788);
#3021=AXIS2_PLACEMENT_3D('',#4530,#3789,#3790);
#3022=AXIS2_PLACEMENT_3D('',#4531,#3791,#3792);
#3023=AXIS2_PLACEMENT_3D('',#4532,#3793,#3794);
#3024=AXIS2_PLACEMENT_3D('',#4533,#3795,#3796);
#3025=DIRECTION('',(0.,0.,1.));
#3026=DIRECTION('',(1.,0.,0.));
#3027=DIRECTION('',(0.,1.,0.));
#3028=DIRECTION('',(-1.,0.,0.));
#3029=DIRECTION('',(-1.,0.,0.));
#3030=DIRECTION('',(0.,0.,1.));
#3031=DIRECTION('',(-1.,0.,0.));
#3032=DIRECTION('',(0.,0.,1.));
#3033=DIRECTION('',(0.,1.,0.));
#3034=DIRECTION('',(-1.,0.,0.));
#3035=DIRECTION('',(0.,0.,1.));
#3036=DIRECTION('',(-1.,0.,0.));
#3037=DIRECTION('',(0.,0.,1.));
#3038=DIRECTION('',(1.,0.,0.));
#3039=DIRECTION('',(0.,0.,1.));
#3040=DIRECTION('',(1.,0.,0.));
#3041=DIRECTION('',(0.,0.,1.));
#3042=DIRECTION('',(1.,0.,0.));
#3043=DIRECTION('',(0.,0.,1.));
#3044=DIRECTION('',(1.,0.,0.));
#3045=DIRECTION('',(0.,0.,1.));
#3046=DIRECTION('',(1.,0.,0.));
#3047=DIRECTION('',(0.,0.,1.));
#3048=DIRECTION('',(1.,0.,0.));
#3049=DIRECTION('',(0.,0.,1.));
#3050=DIRECTION('',(1.,0.,0.));
#3051=DIRECTION('',(0.,-1.,0.));
#3052=DIRECTION('',(0.,0.,1.));
#3053=DIRECTION('',(1.,0.,0.));
#3054=DIRECTION('',(1.,0.,0.));
#3055=DIRECTION('',(0.,0.,1.));
#3056=DIRECTION('',(1.,0.,0.));
#3057=DIRECTION('',(0.,-1.,0.));
#3058=DIRECTION('',(0.,0.,1.));
#3059=DIRECTION('',(1.,0.,0.));
#3060=DIRECTION('',(1.,0.,0.));
#3061=DIRECTION('',(0.,0.,1.));
#3062=DIRECTION('',(1.,0.,0.));
#3063=DIRECTION('',(0.,-1.,0.));
#3064=DIRECTION('',(0.,0.,1.));
#3065=DIRECTION('',(1.,0.,0.));
#3066=DIRECTION('',(1.,0.,0.));
#3067=DIRECTION('',(0.,0.,1.));
#3068=DIRECTION('',(1.,0.,0.));
#3069=DIRECTION('',(0.,-1.,0.));
#3070=DIRECTION('',(0.,0.,1.));
#3071=DIRECTION('',(1.,0.,0.));
#3072=DIRECTION('',(1.,0.,0.));
#3073=DIRECTION('',(0.,0.,1.));
#3074=DIRECTION('',(1.,0.,0.));
#3075=DIRECTION('',(0.,-1.,0.));
#3076=DIRECTION('',(0.,0.,1.));
#3077=DIRECTION('',(1.,0.,0.));
#3078=DIRECTION('',(1.,0.,0.));
#3079=DIRECTION('',(0.,0.,1.));
#3080=DIRECTION('',(1.,0.,0.));
#3081=DIRECTION('',(0.,-1.,0.));
#3082=DIRECTION('',(0.,0.,1.));
#3083=DIRECTION('',(1.,0.,0.));
#3084=DIRECTION('',(1.,0.,0.));
#3085=DIRECTION('',(0.,0.,1.));
#3086=DIRECTION('',(1.,0.,0.));
#3087=DIRECTION('',(0.,-1.,0.));
#3088=DIRECTION('',(0.,0.,1.));
#3089=DIRECTION('',(1.,0.,0.));
#3090=DIRECTION('',(1.,0.,0.));
#3091=DIRECTION('',(0.,0.,1.));
#3092=DIRECTION('',(1.,0.,0.));
#3093=DIRECTION('',(0.,-1.,0.));
#3094=DIRECTION('',(0.,0.,1.));
#3095=DIRECTION('',(1.,0.,0.));
#3096=DIRECTION('',(1.,0.,0.));
#3097=DIRECTION('',(0.,0.,1.));
#3098=DIRECTION('',(1.,0.,0.));
#3099=DIRECTION('',(0.,-1.,0.));
#3100=DIRECTION('',(0.,0.,1.));
#3101=DIRECTION('',(1.,0.,0.));
#3102=DIRECTION('',(1.,0.,0.));
#3103=DIRECTION('',(0.,0.,1.));
#3104=DIRECTION('',(1.,0.,0.));
#3105=DIRECTION('',(0.,-1.,0.));
#3106=DIRECTION('',(0.,0.,1.));
#3107=DIRECTION('',(1.,0.,0.));
#3108=DIRECTION('',(1.,0.,0.));
#3109=DIRECTION('',(0.,0.,1.));
#3110=DIRECTION('',(1.,0.,0.));
#3111=DIRECTION('',(0.,-1.,0.));
#3112=DIRECTION('',(0.,-1.,0.));
#3113=DIRECTION('',(-1.,0.,0.));
#3114=DIRECTION('',(0.,-1.,0.));
#3115=DIRECTION('',(-1.,0.,0.));
#3116=DIRECTION('',(0.,-1.,0.));
#3117=DIRECTION('',(0.,-1.,0.));
#3118=DIRECTION('',(-1.,0.,0.));
#3119=DIRECTION('',(0.,-1.,0.));
#3120=DIRECTION('',(0.,0.,1.));
#3121=DIRECTION('',(1.,0.,0.));
#3122=DIRECTION('',(1.,0.,0.));
#3123=DIRECTION('',(-1.,0.,0.));
#3124=DIRECTION('',(0.,-1.,0.));
#3125=DIRECTION('',(0.,0.,1.));
#3126=DIRECTION('',(0.,1.,0.));
#3127=DIRECTION('',(0.,1.,0.));
#3128=DIRECTION('',(-1.,0.,0.));
#3129=DIRECTION('',(0.,0.,1.));
#3130=DIRECTION('',(1.,0.,0.));
#3131=DIRECTION('',(-1.,0.,0.));
#3132=DIRECTION('',(0.,-1.,0.));
#3133=DIRECTION('',(0.,0.,1.));
#3134=DIRECTION('',(0.,1.,0.));
#3135=DIRECTION('',(0.,1.,0.));
#3136=DIRECTION('',(-1.,0.,0.));
#3137=DIRECTION('',(0.,0.,1.));
#3138=DIRECTION('',(1.,0.,0.));
#3139=DIRECTION('',(0.,0.,1.));
#3140=DIRECTION('',(1.,0.,0.));
#3141=DIRECTION('',(0.,0.,1.));
#3142=DIRECTION('',(1.,0.,0.));
#3143=DIRECTION('',(0.,0.,1.));
#3144=DIRECTION('',(1.,0.,0.));
#3145=DIRECTION('',(0.,0.,-1.));
#3146=DIRECTION('',(1.,0.,0.));
#3147=DIRECTION('',(0.,0.,-1.));
#3148=DIRECTION('',(1.,0.,0.));
#3149=DIRECTION('',(0.,-1.,0.));
#3150=DIRECTION('',(-1.,0.,0.));
#3151=DIRECTION('',(0.,-1.,0.));
#3152=DIRECTION('',(0.,-1.,0.));
#3153=DIRECTION('',(0.,-1.,0.));
#3154=DIRECTION('',(0.,0.,1.));
#3155=DIRECTION('',(1.,0.,0.));
#3156=DIRECTION('',(1.,0.,0.));
#3157=DIRECTION('',(0.,0.,1.));
#3158=DIRECTION('',(1.,0.,0.));
#3159=DIRECTION('',(0.,-1.,0.));
#3160=DIRECTION('',(0.,0.,1.));
#3161=DIRECTION('',(1.,0.,0.));
#3162=DIRECTION('',(1.,0.,0.));
#3163=DIRECTION('',(0.,0.,1.));
#3164=DIRECTION('',(1.,0.,0.));
#3165=DIRECTION('',(0.,-1.,0.));
#3166=DIRECTION('',(0.,0.,1.));
#3167=DIRECTION('',(1.,0.,0.));
#3168=DIRECTION('',(1.,0.,0.));
#3169=DIRECTION('',(0.,0.,1.));
#3170=DIRECTION('',(1.,0.,0.));
#3171=DIRECTION('',(0.,-1.,0.));
#3172=DIRECTION('',(0.,0.,1.));
#3173=DIRECTION('',(1.,0.,0.));
#3174=DIRECTION('',(1.,0.,0.));
#3175=DIRECTION('',(0.,0.,1.));
#3176=DIRECTION('',(1.,0.,0.));
#3177=DIRECTION('',(0.,-1.,0.));
#3178=DIRECTION('',(0.,0.,1.));
#3179=DIRECTION('',(1.,0.,0.));
#3180=DIRECTION('',(1.,0.,0.));
#3181=DIRECTION('',(0.,0.,1.));
#3182=DIRECTION('',(1.,0.,0.));
#3183=DIRECTION('',(0.,-1.,0.));
#3184=DIRECTION('',(0.,0.,1.));
#3185=DIRECTION('',(1.,0.,0.));
#3186=DIRECTION('',(1.,0.,0.));
#3187=DIRECTION('',(0.,0.,1.));
#3188=DIRECTION('',(1.,0.,0.));
#3189=DIRECTION('',(0.,-1.,0.));
#3190=DIRECTION('',(0.,0.,1.));
#3191=DIRECTION('',(1.,0.,0.));
#3192=DIRECTION('',(1.,0.,0.));
#3193=DIRECTION('',(0.,0.,1.));
#3194=DIRECTION('',(1.,0.,0.));
#3195=DIRECTION('',(0.,-1.,0.));
#3196=DIRECTION('',(0.,0.,1.));
#3197=DIRECTION('',(1.,0.,0.));
#3198=DIRECTION('',(1.,0.,0.));
#3199=DIRECTION('',(0.,0.,1.));
#3200=DIRECTION('',(1.,0.,0.));
#3201=DIRECTION('',(0.,-1.,0.));
#3202=DIRECTION('',(0.,0.,1.));
#3203=DIRECTION('',(1.,0.,0.));
#3204=DIRECTION('',(1.,0.,0.));
#3205=DIRECTION('',(0.,0.,1.));
#3206=DIRECTION('',(1.,0.,0.));
#3207=DIRECTION('',(0.,-1.,0.));
#3208=DIRECTION('',(0.,0.,1.));
#3209=DIRECTION('',(1.,0.,0.));
#3210=DIRECTION('',(1.,0.,0.));
#3211=DIRECTION('',(0.,0.,1.));
#3212=DIRECTION('',(1.,0.,0.));
#3213=DIRECTION('',(0.,-1.,0.));
#3214=DIRECTION('',(0.,0.,1.));
#3215=DIRECTION('',(1.,0.,0.));
#3216=DIRECTION('',(1.,0.,0.));
#3217=DIRECTION('',(0.,0.,1.));
#3218=DIRECTION('',(1.,0.,0.));
#3219=DIRECTION('',(-1.,0.,0.));
#3220=DIRECTION('',(0.,-1.,0.));
#3221=DIRECTION('',(0.,0.,1.));
#3222=DIRECTION('',(0.,1.,0.));
#3223=DIRECTION('',(-1.,0.,0.));
#3224=DIRECTION('',(0.,0.,1.));
#3225=DIRECTION('',(-1.,0.,0.));
#3226=DIRECTION('',(0.,-1.,0.));
#3227=DIRECTION('',(0.,0.,1.));
#3228=DIRECTION('',(1.,0.,0.));
#3229=DIRECTION('',(0.,0.,1.));
#3230=DIRECTION('',(0.,0.,1.));
#3231=DIRECTION('',(0.,-1.,0.));
#3232=DIRECTION('',(1.,0.,0.));
#3233=DIRECTION('',(0.,0.,1.));
#3234=DIRECTION('',(0.,0.,1.));
#3235=DIRECTION('',(1.,0.,0.));
#3236=DIRECTION('',(0.,0.,1.));
#3237=DIRECTION('',(-1.,0.,0.));
#3238=DIRECTION('',(0.,-1.,0.));
#3239=DIRECTION('',(-1.,0.,0.));
#3240=DIRECTION('',(0.,-1.,0.));
#3241=DIRECTION('',(-1.,0.,0.));
#3242=DIRECTION('',(0.,-1.,0.));
#3243=DIRECTION('',(0.,0.,1.));
#3244=DIRECTION('',(0.,0.,1.));
#3245=DIRECTION('',(0.,0.,1.));
#3246=DIRECTION('',(1.,0.,0.));
#3247=DIRECTION('',(0.,0.,1.));
#3248=DIRECTION('',(0.,-1.,0.));
#3249=DIRECTION('',(1.,0.,0.));
#3250=DIRECTION('',(0.,0.,1.));
#3251=DIRECTION('',(0.,0.,1.));
#3252=DIRECTION('',(1.,0.,0.));
#3253=DIRECTION('',(0.,0.,1.));
#3254=DIRECTION('',(-1.,0.,0.));
#3255=DIRECTION('',(0.,-1.,0.));
#3256=DIRECTION('',(0.,0.,1.));
#3257=DIRECTION('',(0.,0.,1.));
#3258=DIRECTION('',(1.,0.,0.));
#3259=DIRECTION('',(0.,0.,1.));
#3260=DIRECTION('',(0.,-1.,0.));
#3261=DIRECTION('',(1.,0.,0.));
#3262=DIRECTION('',(0.,0.,1.));
#3263=DIRECTION('',(0.,0.,1.));
#3264=DIRECTION('',(1.,0.,0.));
#3265=DIRECTION('',(-1.,0.,0.));
#3266=DIRECTION('',(0.,-1.,0.));
#3267=DIRECTION('',(0.,0.,1.));
#3268=DIRECTION('',(0.,0.,1.));
#3269=DIRECTION('',(0.,0.,1.));
#3270=DIRECTION('',(1.,0.,0.));
#3271=DIRECTION('',(0.,0.,1.));
#3272=DIRECTION('',(0.,-1.,0.));
#3273=DIRECTION('',(1.,0.,0.));
#3274=DIRECTION('',(0.,0.,1.));
#3275=DIRECTION('',(0.,0.,1.));
#3276=DIRECTION('',(1.,0.,0.));
#3277=DIRECTION('',(0.,0.,1.));
#3278=DIRECTION('',(-1.,0.,0.));
#3279=DIRECTION('',(0.,-1.,0.));
#3280=DIRECTION('',(0.,0.,1.));
#3281=DIRECTION('',(0.,0.,1.));
#3282=DIRECTION('',(1.,0.,0.));
#3283=DIRECTION('',(0.,0.,1.));
#3284=DIRECTION('',(0.,-1.,0.));
#3285=DIRECTION('',(1.,0.,0.));
#3286=DIRECTION('',(0.,0.,1.));
#3287=DIRECTION('',(0.,0.,1.));
#3288=DIRECTION('',(1.,0.,0.));
#3289=DIRECTION('',(-1.,0.,0.));
#3290=DIRECTION('',(0.,-1.,0.));
#3291=DIRECTION('',(0.,0.,1.));
#3292=DIRECTION('',(0.,0.,1.));
#3293=DIRECTION('',(0.,0.,1.));
#3294=DIRECTION('',(1.,0.,0.));
#3295=DIRECTION('',(0.,0.,1.));
#3296=DIRECTION('',(0.,-1.,0.));
#3297=DIRECTION('',(1.,0.,0.));
#3298=DIRECTION('',(0.,0.,1.));
#3299=DIRECTION('',(0.,0.,1.));
#3300=DIRECTION('',(1.,0.,0.));
#3301=DIRECTION('',(0.,0.,1.));
#3302=DIRECTION('',(-1.,0.,0.));
#3303=DIRECTION('',(0.,-1.,0.));
#3304=DIRECTION('',(0.,0.,1.));
#3305=DIRECTION('',(0.,0.,1.));
#3306=DIRECTION('',(1.,0.,0.));
#3307=DIRECTION('',(0.,0.,1.));
#3308=DIRECTION('',(0.,-1.,0.));
#3309=DIRECTION('',(1.,0.,0.));
#3310=DIRECTION('',(0.,0.,1.));
#3311=DIRECTION('',(0.,0.,1.));
#3312=DIRECTION('',(1.,0.,0.));
#3313=DIRECTION('',(-1.,0.,0.));
#3314=DIRECTION('',(0.,-1.,0.));
#3315=DIRECTION('',(0.,0.,1.));
#3316=DIRECTION('',(0.,0.,1.));
#3317=DIRECTION('',(0.,0.,1.));
#3318=DIRECTION('',(1.,0.,0.));
#3319=DIRECTION('',(0.,0.,1.));
#3320=DIRECTION('',(0.,-1.,0.));
#3321=DIRECTION('',(1.,0.,0.));
#3322=DIRECTION('',(0.,0.,1.));
#3323=DIRECTION('',(0.,0.,1.));
#3324=DIRECTION('',(1.,0.,0.));
#3325=DIRECTION('',(0.,0.,1.));
#3326=DIRECTION('',(-1.,0.,0.));
#3327=DIRECTION('',(0.,-1.,0.));
#3328=DIRECTION('',(0.,0.,1.));
#3329=DIRECTION('',(0.,0.,1.));
#3330=DIRECTION('',(1.,0.,0.));
#3331=DIRECTION('',(0.,0.,1.));
#3332=DIRECTION('',(0.,-1.,0.));
#3333=DIRECTION('',(1.,0.,0.));
#3334=DIRECTION('',(0.,0.,1.));
#3335=DIRECTION('',(0.,0.,1.));
#3336=DIRECTION('',(1.,0.,0.));
#3337=DIRECTION('',(-1.,0.,0.));
#3338=DIRECTION('',(0.,-1.,0.));
#3339=DIRECTION('',(0.,0.,1.));
#3340=DIRECTION('',(0.,0.,1.));
#3341=DIRECTION('',(0.,0.,1.));
#3342=DIRECTION('',(1.,0.,0.));
#3343=DIRECTION('',(0.,0.,1.));
#3344=DIRECTION('',(0.,-1.,0.));
#3345=DIRECTION('',(1.,0.,0.));
#3346=DIRECTION('',(0.,0.,1.));
#3347=DIRECTION('',(0.,0.,1.));
#3348=DIRECTION('',(1.,0.,0.));
#3349=DIRECTION('',(0.,0.,1.));
#3350=DIRECTION('',(-1.,0.,0.));
#3351=DIRECTION('',(0.,-1.,0.));
#3352=DIRECTION('',(0.,0.,1.));
#3353=DIRECTION('',(0.,0.,1.));
#3354=DIRECTION('',(1.,0.,0.));
#3355=DIRECTION('',(0.,0.,1.));
#3356=DIRECTION('',(0.,-1.,0.));
#3357=DIRECTION('',(1.,0.,0.));
#3358=DIRECTION('',(0.,0.,1.));
#3359=DIRECTION('',(0.,0.,1.));
#3360=DIRECTION('',(1.,0.,0.));
#3361=DIRECTION('',(0.,0.,1.));
#3362=DIRECTION('',(1.,0.,0.));
#3363=DIRECTION('',(0.,0.,1.));
#3364=DIRECTION('',(1.,0.,0.));
#3365=DIRECTION('',(0.,0.,1.));
#3366=DIRECTION('',(1.,0.,0.));
#3367=DIRECTION('',(0.,0.,1.));
#3368=DIRECTION('',(1.,0.,0.));
#3369=DIRECTION('',(0.,0.,1.));
#3370=DIRECTION('',(1.,0.,0.));
#3371=DIRECTION('',(0.,-1.,0.));
#3372=DIRECTION('',(-1.,0.,0.));
#3373=DIRECTION('',(0.,0.,-1.));
#3374=DIRECTION('',(-1.,0.,0.));
#3375=DIRECTION('',(0.,0.,-1.));
#3376=DIRECTION('',(1.,0.,0.));
#3377=DIRECTION('',(1.,0.,0.));
#3378=DIRECTION('',(0.,-1.,0.));
#3379=DIRECTION('',(0.,0.,-1.));
#3380=DIRECTION('',(0.,-1.,0.));
#3381=DIRECTION('',(0.,1.,0.));
#3382=DIRECTION('',(-1.,0.,0.));
#3383=DIRECTION('',(0.,1.,0.));
#3384=DIRECTION('',(0.,1.,0.));
#3385=DIRECTION('',(0.,0.,-1.));
#3386=DIRECTION('',(0.,1.,0.));
#3387=DIRECTION('',(0.,0.,1.));
#3388=DIRECTION('',(1.,0.,0.));
#3389=DIRECTION('',(1.,0.,0.));
#3390=DIRECTION('',(0.,0.,-1.));
#3391=DIRECTION('',(-1.,0.,0.));
#3392=DIRECTION('',(0.,0.,-1.));
#3393=DIRECTION('',(-1.,0.,0.));
#3394=DIRECTION('',(0.,0.,-1.));
#3395=DIRECTION('',(-1.,0.,0.));
#3396=DIRECTION('',(0.,0.,-1.));
#3397=DIRECTION('',(-1.,0.,0.));
#3398=DIRECTION('',(0.,0.,-1.));
#3399=DIRECTION('',(-1.,0.,0.));
#3400=DIRECTION('',(0.,0.,-1.));
#3401=DIRECTION('',(-1.,0.,0.));
#3402=DIRECTION('',(0.,0.,-1.));
#3403=DIRECTION('',(-1.,0.,0.));
#3404=DIRECTION('',(0.,0.,-1.));
#3405=DIRECTION('',(-1.,0.,0.));
#3406=DIRECTION('',(0.,0.,-1.));
#3407=DIRECTION('',(-1.,0.,0.));
#3408=DIRECTION('',(0.,0.,-1.));
#3409=DIRECTION('',(-1.,0.,0.));
#3410=DIRECTION('',(0.,0.,-1.));
#3411=DIRECTION('',(-1.,0.,0.));
#3412=DIRECTION('',(0.,0.,-1.));
#3413=DIRECTION('',(-1.,0.,0.));
#3414=DIRECTION('',(0.,0.,-1.));
#3415=DIRECTION('',(-1.,0.,0.));
#3416=DIRECTION('',(0.,0.,-1.));
#3417=DIRECTION('',(-1.,0.,0.));
#3418=DIRECTION('',(0.,0.,-1.));
#3419=DIRECTION('',(-1.,0.,0.));
#3420=DIRECTION('',(0.,0.,-1.));
#3421=DIRECTION('',(-1.,0.,0.));
#3422=DIRECTION('',(0.,0.,-1.));
#3423=DIRECTION('',(-1.,0.,0.));
#3424=DIRECTION('',(0.,0.,-1.));
#3425=DIRECTION('',(-1.,0.,0.));
#3426=DIRECTION('',(0.,0.,-1.));
#3427=DIRECTION('',(-1.,0.,0.));
#3428=DIRECTION('',(0.,0.,-1.));
#3429=DIRECTION('',(-1.,0.,0.));
#3430=DIRECTION('',(0.,0.,-1.));
#3431=DIRECTION('',(-1.,0.,0.));
#3432=DIRECTION('',(0.,0.,-1.));
#3433=DIRECTION('',(-1.,0.,0.));
#3434=DIRECTION('',(0.,0.,-1.));
#3435=DIRECTION('',(-1.,0.,0.));
#3436=DIRECTION('',(0.,0.,-1.));
#3437=DIRECTION('',(-1.,0.,0.));
#3438=DIRECTION('',(0.,0.,-1.));
#3439=DIRECTION('',(-1.,0.,0.));
#3440=DIRECTION('',(0.,0.,-1.));
#3441=DIRECTION('',(-1.,0.,0.));
#3442=DIRECTION('',(0.,0.,-1.));
#3443=DIRECTION('',(-1.,0.,0.));
#3444=DIRECTION('',(0.,0.,-1.));
#3445=DIRECTION('',(-1.,0.,0.));
#3446=DIRECTION('',(0.,0.,-1.));
#3447=DIRECTION('',(-1.,0.,0.));
#3448=DIRECTION('',(0.,0.,-1.));
#3449=DIRECTION('',(-1.,0.,0.));
#3450=DIRECTION('',(0.,0.,-1.));
#3451=DIRECTION('',(-1.,0.,0.));
#3452=DIRECTION('',(0.,0.,-1.));
#3453=DIRECTION('',(-1.,0.,0.));
#3454=DIRECTION('',(0.,0.,-1.));
#3455=DIRECTION('',(-1.,0.,0.));
#3456=DIRECTION('',(0.,0.,-1.));
#3457=DIRECTION('',(-1.,0.,0.));
#3458=DIRECTION('',(0.,0.,-1.));
#3459=DIRECTION('',(-1.,0.,0.));
#3460=DIRECTION('',(-1.,0.,0.));
#3461=DIRECTION('',(0.,0.,-1.));
#3462=DIRECTION('',(-1.,0.,0.));
#3463=DIRECTION('',(1.,0.,0.));
#3464=DIRECTION('',(0.,0.,-1.));
#3465=DIRECTION('',(-1.,0.,0.));
#3466=DIRECTION('',(0.,0.,-1.));
#3467=DIRECTION('',(-1.,0.,0.));
#3468=DIRECTION('',(0.,0.,-1.));
#3469=DIRECTION('',(-1.,0.,0.));
#3470=DIRECTION('',(0.,0.,-1.));
#3471=DIRECTION('',(-1.,0.,0.));
#3472=DIRECTION('',(0.,0.,-1.));
#3473=DIRECTION('',(-1.,0.,0.));
#3474=DIRECTION('',(0.,0.,-1.));
#3475=DIRECTION('',(-1.,0.,0.));
#3476=DIRECTION('',(0.,0.,-1.));
#3477=DIRECTION('',(-1.,0.,0.));
#3478=DIRECTION('',(0.,0.,-1.));
#3479=DIRECTION('',(-1.,0.,0.));
#3480=DIRECTION('',(0.,0.,-1.));
#3481=DIRECTION('',(-1.,0.,0.));
#3482=DIRECTION('',(0.,0.,-1.));
#3483=DIRECTION('',(-1.,0.,0.));
#3484=DIRECTION('',(-1.,0.,0.));
#3485=DIRECTION('',(0.,0.,-1.));
#3486=DIRECTION('',(-1.,0.,0.));
#3487=DIRECTION('',(1.,0.,0.));
#3488=DIRECTION('',(0.,0.,-1.));
#3489=DIRECTION('',(-1.,0.,0.));
#3490=DIRECTION('',(0.,0.,1.));
#3491=DIRECTION('',(1.,0.,0.));
#3492=DIRECTION('',(1.,0.,0.));
#3493=DIRECTION('',(0.,0.,-1.));
#3494=DIRECTION('',(-1.,0.,0.));
#3495=DIRECTION('',(0.,0.,-1.));
#3496=DIRECTION('',(-1.,0.,0.));
#3497=DIRECTION('',(0.,0.,-1.));
#3498=DIRECTION('',(-1.,0.,0.));
#3499=DIRECTION('',(0.,0.,-1.));
#3500=DIRECTION('',(-1.,0.,0.));
#3501=DIRECTION('',(0.,0.,-1.));
#3502=DIRECTION('',(-1.,0.,0.));
#3503=DIRECTION('',(0.,0.,-1.));
#3504=DIRECTION('',(-1.,0.,0.));
#3505=DIRECTION('',(0.,0.,-1.));
#3506=DIRECTION('',(-1.,0.,0.));
#3507=DIRECTION('',(0.,0.,-1.));
#3508=DIRECTION('',(-1.,0.,0.));
#3509=DIRECTION('',(0.,0.,-1.));
#3510=DIRECTION('',(-1.,0.,0.));
#3511=DIRECTION('',(0.,0.,-1.));
#3512=DIRECTION('',(-1.,0.,0.));
#3513=DIRECTION('',(0.,0.,-1.));
#3514=DIRECTION('',(-1.,0.,0.));
#3515=DIRECTION('',(0.,0.,-1.));
#3516=DIRECTION('',(-1.,0.,0.));
#3517=DIRECTION('',(0.,0.,-1.));
#3518=DIRECTION('',(-1.,0.,0.));
#3519=DIRECTION('',(0.,0.,-1.));
#3520=DIRECTION('',(-1.,0.,0.));
#3521=DIRECTION('',(0.,0.,-1.));
#3522=DIRECTION('',(-1.,0.,0.));
#3523=DIRECTION('',(0.,0.,-1.));
#3524=DIRECTION('',(-1.,0.,0.));
#3525=DIRECTION('',(0.,0.,-1.));
#3526=DIRECTION('',(-1.,0.,0.));
#3527=DIRECTION('',(0.,0.,-1.));
#3528=DIRECTION('',(-1.,0.,0.));
#3529=DIRECTION('',(0.,0.,-1.));
#3530=DIRECTION('',(-1.,0.,0.));
#3531=DIRECTION('',(0.,0.,-1.));
#3532=DIRECTION('',(-1.,0.,0.));
#3533=DIRECTION('',(0.,0.,-1.));
#3534=DIRECTION('',(-1.,0.,0.));
#3535=DIRECTION('',(0.,0.,-1.));
#3536=DIRECTION('',(-1.,0.,0.));
#3537=DIRECTION('',(0.,0.,-1.));
#3538=DIRECTION('',(-1.,0.,0.));
#3539=DIRECTION('',(0.,0.,-1.));
#3540=DIRECTION('',(-1.,0.,0.));
#3541=DIRECTION('',(0.,0.,-1.));
#3542=DIRECTION('',(-1.,0.,0.));
#3543=DIRECTION('',(0.,0.,-1.));
#3544=DIRECTION('',(-1.,0.,0.));
#3545=DIRECTION('',(0.,0.,-1.));
#3546=DIRECTION('',(-1.,0.,0.));
#3547=DIRECTION('',(0.,0.,-1.));
#3548=DIRECTION('',(-1.,0.,0.));
#3549=DIRECTION('',(0.,0.,-1.));
#3550=DIRECTION('',(-1.,0.,0.));
#3551=DIRECTION('',(0.,0.,-1.));
#3552=DIRECTION('',(-1.,0.,0.));
#3553=DIRECTION('',(0.,0.,-1.));
#3554=DIRECTION('',(-1.,0.,0.));
#3555=DIRECTION('',(0.,0.,-1.));
#3556=DIRECTION('',(-1.,0.,0.));
#3557=DIRECTION('',(0.,0.,-1.));
#3558=DIRECTION('',(-1.,0.,0.));
#3559=DIRECTION('',(0.,0.,-1.));
#3560=DIRECTION('',(-1.,0.,0.));
#3561=DIRECTION('',(0.,0.,-1.));
#3562=DIRECTION('',(-1.,0.,0.));
#3563=DIRECTION('',(0.,0.,-1.));
#3564=DIRECTION('',(-1.,0.,0.));
#3565=DIRECTION('',(1.,0.,0.));
#3566=DIRECTION('',(0.,0.,-1.));
#3567=DIRECTION('',(-1.,0.,0.));
#3568=DIRECTION('',(1.,0.,0.));
#3569=DIRECTION('',(0.,0.,-1.));
#3570=DIRECTION('',(-1.,0.,0.));
#3571=DIRECTION('',(0.,0.,-1.));
#3572=DIRECTION('',(-1.,0.,0.));
#3573=DIRECTION('',(0.,0.,-1.));
#3574=DIRECTION('',(-1.,0.,0.));
#3575=DIRECTION('',(0.,0.,-1.));
#3576=DIRECTION('',(-1.,0.,0.));
#3577=DIRECTION('',(0.,0.,-1.));
#3578=DIRECTION('',(-1.,0.,0.));
#3579=DIRECTION('',(0.,0.,-1.));
#3580=DIRECTION('',(-1.,0.,0.));
#3581=DIRECTION('',(0.,0.,-1.));
#3582=DIRECTION('',(-1.,0.,0.));
#3583=DIRECTION('',(0.,0.,-1.));
#3584=DIRECTION('',(-1.,0.,0.));
#3585=DIRECTION('',(0.,0.,-1.));
#3586=DIRECTION('',(-1.,0.,0.));
#3587=DIRECTION('',(0.,0.,-1.));
#3588=DIRECTION('',(-1.,0.,0.));
#3589=DIRECTION('',(1.,0.,0.));
#3590=DIRECTION('',(0.,0.,-1.));
#3591=DIRECTION('',(-1.,0.,0.));
#3592=DIRECTION('',(1.,0.,0.));
#3593=DIRECTION('',(0.,1.,0.));
#3594=DIRECTION('',(1.,0.,0.));
#3595=DIRECTION('',(0.,0.,-1.));
#3596=DIRECTION('',(1.671865260612E-14,-1.,0.));
#3597=DIRECTION('',(0.,0.,-1.));
#3598=DIRECTION('',(0.,-1.,0.));
#3599=DIRECTION('',(0.,0.,-1.));
#3600=DIRECTION('',(-1.671865260612E-14,-1.,0.));
#3601=DIRECTION('',(0.,0.,-1.));
#3602=DIRECTION('',(0.,-1.,0.));
#3603=DIRECTION('',(0.,0.,-1.));
#3604=DIRECTION('',(0.,-1.,0.));
#3605=DIRECTION('',(0.,0.,-1.));
#3606=DIRECTION('',(0.,-1.,0.));
#3607=DIRECTION('',(0.,0.,-1.));
#3608=DIRECTION('',(0.,-1.,0.));
#3609=DIRECTION('',(0.,0.,-1.));
#3610=DIRECTION('',(0.,-1.,0.));
#3611=DIRECTION('',(0.,0.,-1.));
#3612=DIRECTION('',(0.,-1.,0.));
#3613=DIRECTION('',(0.,0.,-1.));
#3614=DIRECTION('',(0.,-1.,0.));
#3615=DIRECTION('',(0.,0.,-1.));
#3616=DIRECTION('',(3.343730521224E-14,-1.,0.));
#3617=DIRECTION('',(0.,0.,-1.));
#3618=DIRECTION('',(0.,-1.,0.));
#3619=DIRECTION('',(0.,0.,-1.));
#3620=DIRECTION('',(0.,-1.,0.));
#3621=DIRECTION('',(0.,0.,-1.));
#3622=DIRECTION('',(0.,-1.,0.));
#3623=DIRECTION('',(0.,0.,-1.));
#3624=DIRECTION('',(0.,-1.,0.));
#3625=DIRECTION('',(0.,0.,-1.));
#3626=DIRECTION('',(0.,-1.,0.));
#3627=DIRECTION('',(0.,0.,-1.));
#3628=DIRECTION('',(0.,-1.,0.));
#3629=DIRECTION('',(0.,0.,-1.));
#3630=DIRECTION('',(0.,-1.,0.));
#3631=DIRECTION('',(0.,0.,-1.));
#3632=DIRECTION('',(0.,-1.,0.));
#3633=DIRECTION('',(0.,0.,-1.));
#3634=DIRECTION('',(0.,-1.,0.));
#3635=DIRECTION('',(0.,0.,-1.));
#3636=DIRECTION('',(1.671865260612E-14,-1.,0.));
#3637=DIRECTION('',(0.,0.,-1.));
#3638=DIRECTION('',(0.,-1.,0.));
#3639=DIRECTION('',(0.,0.,-1.));
#3640=DIRECTION('',(0.,-1.,0.));
#3641=DIRECTION('',(0.,0.,-1.));
#3642=DIRECTION('',(-1.671865260612E-14,-1.,0.));
#3643=DIRECTION('',(0.,0.,-1.));
#3644=DIRECTION('',(0.,-1.,0.));
#3645=DIRECTION('',(0.,0.,-1.));
#3646=DIRECTION('',(0.,-1.,0.));
#3647=DIRECTION('',(0.,0.,-1.));
#3648=DIRECTION('',(0.,-1.,0.));
#3649=DIRECTION('',(0.,0.,-1.));
#3650=DIRECTION('',(0.,-1.,0.));
#3651=DIRECTION('',(0.,0.,-1.));
#3652=DIRECTION('',(0.,-1.,0.));
#3653=DIRECTION('',(0.,0.,-1.));
#3654=DIRECTION('',(0.,-1.,0.));
#3655=DIRECTION('',(0.,0.,-1.));
#3656=DIRECTION('',(0.,-1.,0.));
#3657=DIRECTION('',(0.,0.,-1.));
#3658=DIRECTION('',(0.,-1.,0.));
#3659=DIRECTION('',(0.,0.,-1.));
#3660=DIRECTION('',(0.,-1.,0.));
#3661=DIRECTION('',(0.,0.,-1.));
#3662=DIRECTION('',(0.,-1.,0.));
#3663=DIRECTION('',(0.,0.,-1.));
#3664=DIRECTION('',(0.,-1.,0.));
#3665=DIRECTION('',(0.,0.,-1.));
#3666=DIRECTION('',(0.,-1.,0.));
#3667=DIRECTION('',(0.,0.,-1.));
#3668=DIRECTION('',(0.,0.,-1.));
#3669=DIRECTION('',(0.,-1.,0.));
#3670=DIRECTION('',(-1.,0.,0.));
#3671=DIRECTION('',(0.,0.,-1.));
#3672=DIRECTION('',(0.,0.,-1.));
#3673=DIRECTION('',(0.,1.,0.));
#3674=DIRECTION('',(0.,0.,-1.));
#3675=DIRECTION('',(0.,1.,0.));
#3676=DIRECTION('',(1.,0.,0.));
#3677=DIRECTION('',(0.,0.,-1.));
#3678=DIRECTION('',(0.,-1.,0.));
#3679=DIRECTION('',(0.,0.,-1.));
#3680=DIRECTION('',(0.,-1.,0.));
#3681=DIRECTION('',(0.,0.,-1.));
#3682=DIRECTION('',(0.,-1.,0.));
#3683=DIRECTION('',(0.,0.,-1.));
#3684=DIRECTION('',(0.,-1.,0.));
#3685=DIRECTION('',(0.,0.,-1.));
#3686=DIRECTION('',(0.,-1.,0.));
#3687=DIRECTION('',(0.,0.,-1.));
#3688=DIRECTION('',(0.,-1.,0.));
#3689=DIRECTION('',(0.,0.,-1.));
#3690=DIRECTION('',(0.,-1.,0.));
#3691=DIRECTION('',(0.,0.,-1.));
#3692=DIRECTION('',(0.,-1.,0.));
#3693=DIRECTION('',(0.,0.,-1.));
#3694=DIRECTION('',(0.,-1.,0.));
#3695=DIRECTION('',(0.,0.,-1.));
#3696=DIRECTION('',(0.,-1.,0.));
#3697=DIRECTION('',(0.,0.,-1.));
#3698=DIRECTION('',(0.,0.,-1.));
#3699=DIRECTION('',(0.,-1.,0.));
#3700=DIRECTION('',(-1.,0.,0.));
#3701=DIRECTION('',(0.,0.,-1.));
#3702=DIRECTION('',(0.,0.,-1.));
#3703=DIRECTION('',(0.,1.,0.));
#3704=DIRECTION('',(0.,0.,-1.));
#3705=DIRECTION('',(0.,1.,0.));
#3706=DIRECTION('',(1.,0.,0.));
#3707=DIRECTION('',(0.,0.,1.));
#3708=DIRECTION('',(1.,0.,0.));
#3709=DIRECTION('',(1.19636101791504E-16,-1.,0.));
#3710=DIRECTION('',(-1.,-1.19636101791504E-16,0.));
#3711=DIRECTION('',(1.,0.,0.));
#3712=DIRECTION('',(0.,0.,-1.));
#3713=DIRECTION('',(1.,0.,0.));
#3714=DIRECTION('',(0.,0.,1.));
#3715=DIRECTION('',(-1.,0.,0.));
#3716=DIRECTION('',(0.,1.,0.));
#3717=DIRECTION('',(0.,0.,-1.));
#3718=DIRECTION('',(0.,1.,0.));
#3719=DIRECTION('',(0.,0.,-1.));
#3720=DIRECTION('',(0.,-1.,0.));
#3721=DIRECTION('',(1.19636101791504E-16,-1.,0.));
#3722=DIRECTION('',(-1.,-1.19636101791504E-16,0.));
#3723=DIRECTION('',(0.,0.,-1.));
#3724=DIRECTION('',(1.,0.,0.));
#3725=DIRECTION('',(1.,0.,0.));
#3726=DIRECTION('',(1.19636101791504E-16,-1.,0.));
#3727=DIRECTION('',(-1.,-1.19636101791504E-16,0.));
#3728=DIRECTION('',(1.,0.,0.));
#3729=DIRECTION('',(0.,0.,1.));
#3730=DIRECTION('',(1.,0.,0.));
#3731=DIRECTION('',(-1.,0.,0.));
#3732=DIRECTION('',(0.,1.,0.));
#3733=DIRECTION('',(0.,0.,-1.));
#3734=DIRECTION('',(0.,-1.,0.));
#3735=DIRECTION('',(0.,0.,-1.));
#3736=DIRECTION('',(0.,1.,0.));
#3737=DIRECTION('',(0.,-1.,0.));
#3738=DIRECTION('',(-1.,0.,0.));
#3739=DIRECTION('',(0.,0.,1.));
#3740=DIRECTION('',(1.,0.,0.));
#3741=DIRECTION('',(0.,0.,1.));
#3742=DIRECTION('',(1.,0.,0.));
#3743=DIRECTION('',(0.,0.,-1.));
#3744=DIRECTION('',(-1.,0.,0.));
#3745=DIRECTION('',(1.,0.,0.));
#3746=DIRECTION('',(-1.,0.,0.));
#3747=DIRECTION('',(0.,1.,0.));
#3748=DIRECTION('',(0.,-1.,0.));
#3749=DIRECTION('',(0.,0.,-1.));
#3750=DIRECTION('',(0.,1.,0.));
#3751=DIRECTION('',(0.,-1.,0.));
#3752=DIRECTION('',(-1.,0.,0.));
#3753=DIRECTION('',(1.,0.,0.));
#3754=DIRECTION('',(-1.,0.,0.));
#3755=DIRECTION('',(-1.,0.,0.));
#3756=DIRECTION('',(0.,1.,0.));
#3757=DIRECTION('',(0.,1.,0.));
#3758=DIRECTION('',(0.,-1.,0.));
#3759=DIRECTION('',(0.,0.,-1.));
#3760=DIRECTION('',(1.,0.,0.));
#3761=DIRECTION('',(0.,0.,-1.));
#3762=DIRECTION('',(-1.,0.,0.));
#3763=DIRECTION('',(0.,0.,-1.));
#3764=DIRECTION('',(-1.,0.,0.));
#3765=DIRECTION('',(0.,0.,-1.));
#3766=DIRECTION('',(-1.,0.,0.));
#3767=DIRECTION('',(0.,0.,-1.));
#3768=DIRECTION('',(-1.,0.,0.));
#3769=DIRECTION('',(0.,0.,-1.));
#3770=DIRECTION('',(1.,0.,0.));
#3771=DIRECTION('',(0.,0.,-1.));
#3772=DIRECTION('',(-1.,0.,0.));
#3773=DIRECTION('',(0.,0.,-1.));
#3774=DIRECTION('',(-1.,0.,0.));
#3775=DIRECTION('',(0.,0.,-1.));
#3776=DIRECTION('',(-1.,0.,0.));
#3777=DIRECTION('',(0.,0.,-1.));
#3778=DIRECTION('',(-1.,0.,0.));
#3779=DIRECTION('',(0.,-1.,0.));
#3780=DIRECTION('',(0.,-1.,0.));
#3781=DIRECTION('',(-1.,0.,0.));
#3782=DIRECTION('',(0.,-1.,0.));
#3783=DIRECTION('',(0.,1.,0.));
#3784=DIRECTION('',(-1.,0.,0.));
#3785=DIRECTION('',(0.,-1.,0.));
#3786=DIRECTION('',(0.,1.,0.));
#3787=DIRECTION('',(0.,0.,1.));
#3788=DIRECTION('',(1.,0.,0.));
#3789=DIRECTION('',(0.,0.,1.));
#3790=DIRECTION('',(1.,0.,0.));
#3791=DIRECTION('',(0.,0.,1.));
#3792=DIRECTION('',(1.,0.,0.));
#3793=DIRECTION('',(0.,0.,1.));
#3794=DIRECTION('',(1.,0.,0.));
#3795=DIRECTION('',(0.,0.,1.));
#3796=DIRECTION('',(1.,0.,0.));
#3797=CARTESIAN_POINT('',(0.,0.,0.));
#3798=CARTESIAN_POINT('',(0.,0.0107717774808407,0.013));
#3799=CARTESIAN_POINT('',(0.,0.0107717774808407,0.013));
#3800=CARTESIAN_POINT('',(0.00831567775458098,0.0107717774808407,0.013));
#3801=CARTESIAN_POINT('',(0.007,0.0107717774808407,0.013));
#3802=CARTESIAN_POINT('',(0.007,0.0107717774808407,0.013));
#3803=CARTESIAN_POINT('',(0.007,0.0107717774808407,0.0145));
#3804=CARTESIAN_POINT('',(0.,0.0107717774808407,0.0145));
#3805=CARTESIAN_POINT('',(0.00831567775458098,0.0107717774808407,0.0145));
#3806=CARTESIAN_POINT('',(0.00831567775458098,0.0107717774808407,0.013));
#3807=CARTESIAN_POINT('',(0.,0.0295,0.013));
#3808=CARTESIAN_POINT('',(-0.00831567775458098,0.0295,0.013));
#3809=CARTESIAN_POINT('',(-0.00831567775458098,0.0295,0.013));
#3810=CARTESIAN_POINT('',(-0.00831567775458098,0.0295,0.0145));
#3811=CARTESIAN_POINT('',(0.,0.0295,0.013));
#3812=CARTESIAN_POINT('',(-0.039,0.0295,0.013));
#3813=CARTESIAN_POINT('',(-0.039,0.0295,0.013));
#3814=CARTESIAN_POINT('',(-0.039,0.0295,0.0145));
#3815=CARTESIAN_POINT('',(0.,0.0295,0.0145));
#3816=CARTESIAN_POINT('',(0.,0.,0.013));
#3817=CARTESIAN_POINT('',(-0.0331168864023139,0.0241897818626596,0.013));
#3818=CARTESIAN_POINT('',(-0.0307668864023139,0.0241897818626596,0.013));
#3819=CARTESIAN_POINT('',(0.0331168864023139,-0.0241897818626596,0.013));
#3820=CARTESIAN_POINT('',(0.0354668864023139,-0.0241897818626596,0.013));
#3821=CARTESIAN_POINT('',(-0.0331168864023139,-0.0241897818626596,0.013));
#3822=CARTESIAN_POINT('',(-0.0307668864023139,-0.0241897818626596,0.013));
#3823=CARTESIAN_POINT('',(0.0331168864023139,0.0241897818626596,0.013));
#3824=CARTESIAN_POINT('',(0.0354668864023139,0.0241897818626596,0.013));
#3825=CARTESIAN_POINT('',(0.01255,-0.003025,0.013));
#3826=CARTESIAN_POINT('',(0.01255,-0.002525,0.013));
#3827=CARTESIAN_POINT('',(0.01205,-0.003025,0.013));
#3828=CARTESIAN_POINT('',(0.01205,0.,0.013));
#3829=CARTESIAN_POINT('',(0.01205,-0.016025,0.013));
#3830=CARTESIAN_POINT('',(0.01255,-0.016025,0.013));
#3831=CARTESIAN_POINT('',(0.01255,-0.016525,0.013));
#3832=CARTESIAN_POINT('',(0.,-0.016525,0.013));
#3833=CARTESIAN_POINT('',(0.02555,-0.016525,0.013));
#3834=CARTESIAN_POINT('',(0.02555,-0.016025,0.013));
#3835=CARTESIAN_POINT('',(0.02605,-0.016025,0.013));
#3836=CARTESIAN_POINT('',(0.02605,0.,0.013));
#3837=CARTESIAN_POINT('',(0.02605,-0.003025,0.013));
#3838=CARTESIAN_POINT('',(0.02555,-0.003025,0.013));
#3839=CARTESIAN_POINT('',(0.02555,-0.002525,0.013));
#3840=CARTESIAN_POINT('',(0.,-0.002525,0.013));
#3841=CARTESIAN_POINT('',(-0.0065,-0.003025,0.013));
#3842=CARTESIAN_POINT('',(-0.0065,-0.002525,0.013));
#3843=CARTESIAN_POINT('',(-0.007,-0.003025,0.013));
#3844=CARTESIAN_POINT('',(-0.007,0.,0.013));
#3845=CARTESIAN_POINT('',(-0.007,-0.016025,0.013));
#3846=CARTESIAN_POINT('',(-0.0065,-0.016025,0.013));
#3847=CARTESIAN_POINT('',(-0.0065,-0.016525,0.013));
#3848=CARTESIAN_POINT('',(0.,-0.016525,0.013));
#3849=CARTESIAN_POINT('',(0.0065,-0.016525,0.013));
#3850=CARTESIAN_POINT('',(0.0065,-0.016025,0.013));
#3851=CARTESIAN_POINT('',(0.007,-0.016025,0.013));
#3852=CARTESIAN_POINT('',(0.007,0.,0.013));
#3853=CARTESIAN_POINT('',(0.007,-0.003025,0.013));
#3854=CARTESIAN_POINT('',(0.0065,-0.003025,0.013));
#3855=CARTESIAN_POINT('',(0.0065,-0.002525,0.013));
#3856=CARTESIAN_POINT('',(0.,-0.002525,0.013));
#3857=CARTESIAN_POINT('',(-0.02555,-0.003025,0.013));
#3858=CARTESIAN_POINT('',(-0.02555,-0.002525,0.013));
#3859=CARTESIAN_POINT('',(-0.02605,-0.003025,0.013));
#3860=CARTESIAN_POINT('',(-0.02605,0.,0.013));
#3861=CARTESIAN_POINT('',(-0.02605,-0.016025,0.013));
#3862=CARTESIAN_POINT('',(-0.02555,-0.016025,0.013));
#3863=CARTESIAN_POINT('',(-0.02555,-0.016525,0.013));
#3864=CARTESIAN_POINT('',(0.,-0.016525,0.013));
#3865=CARTESIAN_POINT('',(-0.01255,-0.016525,0.013));
#3866=CARTESIAN_POINT('',(-0.01255,-0.016025,0.013));
#3867=CARTESIAN_POINT('',(-0.01205,-0.016025,0.013));
#3868=CARTESIAN_POINT('',(-0.01205,0.,0.013));
#3869=CARTESIAN_POINT('',(-0.01205,-0.003025,0.013));
#3870=CARTESIAN_POINT('',(-0.01255,-0.003025,0.013));
#3871=CARTESIAN_POINT('',(-0.01255,-0.002525,0.013));
#3872=CARTESIAN_POINT('',(0.,-0.002525,0.013));
#3873=CARTESIAN_POINT('',(-0.02555,0.016025,0.013));
#3874=CARTESIAN_POINT('',(-0.02555,0.016525,0.013));
#3875=CARTESIAN_POINT('',(-0.02605,0.016025,0.013));
#3876=CARTESIAN_POINT('',(-0.02605,0.,0.013));
#3877=CARTESIAN_POINT('',(-0.02605,0.003025,0.013));
#3878=CARTESIAN_POINT('',(-0.02555,0.003025,0.013));
#3879=CARTESIAN_POINT('',(-0.02555,0.002525,0.013));
#3880=CARTESIAN_POINT('',(0.,0.002525,0.013));
#3881=CARTESIAN_POINT('',(-0.01255,0.002525,0.013));
#3882=CARTESIAN_POINT('',(-0.01255,0.003025,0.013));
#3883=CARTESIAN_POINT('',(-0.01205,0.003025,0.013));
#3884=CARTESIAN_POINT('',(-0.01205,0.,0.013));
#3885=CARTESIAN_POINT('',(-0.01205,0.016025,0.013));
#3886=CARTESIAN_POINT('',(-0.01255,0.016025,0.013));
#3887=CARTESIAN_POINT('',(-0.01255,0.016525,0.013));
#3888=CARTESIAN_POINT('',(0.,0.016525,0.013));
#3889=CARTESIAN_POINT('',(0.01255,0.016025,0.013));
#3890=CARTESIAN_POINT('',(0.01255,0.016525,0.013));
#3891=CARTESIAN_POINT('',(0.01205,0.016025,0.013));
#3892=CARTESIAN_POINT('',(0.01205,0.,0.013));
#3893=CARTESIAN_POINT('',(0.01205,0.003025,0.013));
#3894=CARTESIAN_POINT('',(0.01255,0.003025,0.013));
#3895=CARTESIAN_POINT('',(0.01255,0.002525,0.013));
#3896=CARTESIAN_POINT('',(0.,0.002525,0.013));
#3897=CARTESIAN_POINT('',(0.02555,0.002525,0.013));
#3898=CARTESIAN_POINT('',(0.02555,0.003025,0.013));
#3899=CARTESIAN_POINT('',(0.02605,0.003025,0.013));
#3900=CARTESIAN_POINT('',(0.02605,0.,0.013));
#3901=CARTESIAN_POINT('',(0.02605,0.016025,0.013));
#3902=CARTESIAN_POINT('',(0.02555,0.016025,0.013));
#3903=CARTESIAN_POINT('',(0.02555,0.016525,0.013));
#3904=CARTESIAN_POINT('',(0.,0.016525,0.013));
#3905=CARTESIAN_POINT('',(0.0065,0.003025,0.013));
#3906=CARTESIAN_POINT('',(0.0065,0.002525,0.013));
#3907=CARTESIAN_POINT('',(0.007,0.003025,0.013));
#3908=CARTESIAN_POINT('',(0.007,0.,0.013));
#3909=CARTESIAN_POINT('',(0.00831567775458098,0.0222716275602579,0.013));
#3910=CARTESIAN_POINT('',(0.00831567775458098,0.0295,0.013));
#3911=CARTESIAN_POINT('',(0.,0.0295,0.013));
#3912=CARTESIAN_POINT('',(0.039,0.0295,0.013));
#3913=CARTESIAN_POINT('',(0.039,0.,0.013));
#3914=CARTESIAN_POINT('',(0.039,-0.0295,0.013));
#3915=CARTESIAN_POINT('',(0.,-0.0295,0.013));
#3916=CARTESIAN_POINT('',(-0.039,-0.0295,0.013));
#3917=CARTESIAN_POINT('',(-0.039,0.,0.013));
#3918=CARTESIAN_POINT('',(-0.00831567775458098,0.0222716275602579,0.013));
#3919=CARTESIAN_POINT('',(-0.00831567775458098,0.0107717774808407,0.013));
#3920=CARTESIAN_POINT('',(0.,0.0107717774808407,0.013));
#3921=CARTESIAN_POINT('',(-0.007,0.0107717774808407,0.013));
#3922=CARTESIAN_POINT('',(-0.007,0.,0.013));
#3923=CARTESIAN_POINT('',(-0.007,0.003025,0.013));
#3924=CARTESIAN_POINT('',(-0.0065,0.003025,0.013));
#3925=CARTESIAN_POINT('',(-0.0065,0.002525,0.013));
#3926=CARTESIAN_POINT('',(0.,0.002525,0.013));
#3927=CARTESIAN_POINT('',(-0.039,0.,0.013));
#3928=CARTESIAN_POINT('',(-0.039,-0.0295,0.013));
#3929=CARTESIAN_POINT('',(-0.039,-0.0295,0.0145));
#3930=CARTESIAN_POINT('',(-0.039,0.,0.0145));
#3931=CARTESIAN_POINT('',(0.,-0.0295,0.013));
#3932=CARTESIAN_POINT('',(0.039,-0.0295,0.013));
#3933=CARTESIAN_POINT('',(0.039,-0.0295,0.0145));
#3934=CARTESIAN_POINT('',(0.,-0.0295,0.0145));
#3935=CARTESIAN_POINT('',(0.039,0.,0.013));
#3936=CARTESIAN_POINT('',(0.039,0.0295,0.013));
#3937=CARTESIAN_POINT('',(0.039,0.0295,0.0145));
#3938=CARTESIAN_POINT('',(0.039,0.,0.0145));
#3939=CARTESIAN_POINT('',(0.,0.0295,0.013));
#3940=CARTESIAN_POINT('',(0.00831567775458098,0.0295,0.013));
#3941=CARTESIAN_POINT('',(0.00831567775458098,0.0295,0.0145));
#3942=CARTESIAN_POINT('',(0.,0.0295,0.0145));
#3943=CARTESIAN_POINT('',(0.,0.,0.0145));
#3944=CARTESIAN_POINT('',(-0.0331168864023139,0.0241897818626596,0.0145));
#3945=CARTESIAN_POINT('',(-0.0307668864023139,0.0241897818626596,0.0145));
#3946=CARTESIAN_POINT('',(0.0331168864023139,-0.0241897818626596,0.0145));
#3947=CARTESIAN_POINT('',(0.0354668864023139,-0.0241897818626596,0.0145));
#3948=CARTESIAN_POINT('',(-0.0331168864023139,-0.0241897818626596,0.0145));
#3949=CARTESIAN_POINT('',(-0.0307668864023139,-0.0241897818626596,0.0145));
#3950=CARTESIAN_POINT('',(0.0331168864023139,0.0241897818626596,0.0145));
#3951=CARTESIAN_POINT('',(0.0354668864023139,0.0241897818626596,0.0145));
#3952=CARTESIAN_POINT('',(-0.007,0.009525,0.0145));
#3953=CARTESIAN_POINT('',(-0.007,0.0107717774808407,0.0145));
#3954=CARTESIAN_POINT('',(-0.007,0.003025,0.0145));
#3955=CARTESIAN_POINT('',(0.,0.0107717774808407,0.0145));
#3956=CARTESIAN_POINT('',(-0.00831567775458098,0.0107717774808407,0.0145));
#3957=CARTESIAN_POINT('',(-0.00831567775458098,0.,0.0145));
#3958=CARTESIAN_POINT('',(0.00831567775458098,0.,0.0145));
#3959=CARTESIAN_POINT('',(0.007,0.009525,0.0145));
#3960=CARTESIAN_POINT('',(0.007,0.003025,0.0145));
#3961=CARTESIAN_POINT('',(0.0065,0.003025,0.0145));
#3962=CARTESIAN_POINT('',(0.0065,0.002525,0.0145));
#3963=CARTESIAN_POINT('',(1.7347234759768E-18,0.002525,0.0145));
#3964=CARTESIAN_POINT('',(-0.0065,0.002525,0.0145));
#3965=CARTESIAN_POINT('',(-0.0065,0.003025,0.0145));
#3966=CARTESIAN_POINT('',(0.01205,-0.009525,0.0145));
#3967=CARTESIAN_POINT('',(0.01205,-0.003025,0.0145));
#3968=CARTESIAN_POINT('',(0.01205,-0.016025,0.0145));
#3969=CARTESIAN_POINT('',(0.01255,-0.003025,0.0145));
#3970=CARTESIAN_POINT('',(0.01255,-0.002525,0.0145));
#3971=CARTESIAN_POINT('',(0.01905,-0.002525,0.0145));
#3972=CARTESIAN_POINT('',(0.02555,-0.002525,0.0145));
#3973=CARTESIAN_POINT('',(0.02555,-0.003025,0.0145));
#3974=CARTESIAN_POINT('',(0.02605,-0.003025,0.0145));
#3975=CARTESIAN_POINT('',(0.02605,-0.009525,0.0145));
#3976=CARTESIAN_POINT('',(0.02605,-0.016025,0.0145));
#3977=CARTESIAN_POINT('',(0.02555,-0.016025,0.0145));
#3978=CARTESIAN_POINT('',(0.02555,-0.016525,0.0145));
#3979=CARTESIAN_POINT('',(0.01905,-0.016525,0.0145));
#3980=CARTESIAN_POINT('',(0.01255,-0.016525,0.0145));
#3981=CARTESIAN_POINT('',(0.01255,-0.016025,0.0145));
#3982=CARTESIAN_POINT('',(-0.007,-0.009525,0.0145));
#3983=CARTESIAN_POINT('',(-0.007,-0.003025,0.0145));
#3984=CARTESIAN_POINT('',(-0.007,-0.016025,0.0145));
#3985=CARTESIAN_POINT('',(-0.0065,-0.003025,0.0145));
#3986=CARTESIAN_POINT('',(-0.0065,-0.002525,0.0145));
#3987=CARTESIAN_POINT('',(1.7347234759768E-18,-0.002525,0.0145));
#3988=CARTESIAN_POINT('',(0.0065,-0.002525,0.0145));
#3989=CARTESIAN_POINT('',(0.0065,-0.003025,0.0145));
#3990=CARTESIAN_POINT('',(0.007,-0.003025,0.0145));
#3991=CARTESIAN_POINT('',(0.007,-0.009525,0.0145));
#3992=CARTESIAN_POINT('',(0.007,-0.016025,0.0145));
#3993=CARTESIAN_POINT('',(0.0065,-0.016025,0.0145));
#3994=CARTESIAN_POINT('',(0.0065,-0.016525,0.0145));
#3995=CARTESIAN_POINT('',(1.7347234759768E-18,-0.016525,0.0145));
#3996=CARTESIAN_POINT('',(-0.0065,-0.016525,0.0145));
#3997=CARTESIAN_POINT('',(-0.0065,-0.016025,0.0145));
#3998=CARTESIAN_POINT('',(-0.02605,-0.009525,0.0145));
#3999=CARTESIAN_POINT('',(-0.02605,-0.003025,0.0145));
#4000=CARTESIAN_POINT('',(-0.02605,-0.016025,0.0145));
#4001=CARTESIAN_POINT('',(-0.02555,-0.003025,0.0145));
#4002=CARTESIAN_POINT('',(-0.02555,-0.002525,0.0145));
#4003=CARTESIAN_POINT('',(-0.01905,-0.002525,0.0145));
#4004=CARTESIAN_POINT('',(-0.01255,-0.002525,0.0145));
#4005=CARTESIAN_POINT('',(-0.01255,-0.003025,0.0145));
#4006=CARTESIAN_POINT('',(-0.01205,-0.003025,0.0145));
#4007=CARTESIAN_POINT('',(-0.01205,-0.009525,0.0145));
#4008=CARTESIAN_POINT('',(-0.01205,-0.016025,0.0145));
#4009=CARTESIAN_POINT('',(-0.01255,-0.016025,0.0145));
#4010=CARTESIAN_POINT('',(-0.01255,-0.016525,0.0145));
#4011=CARTESIAN_POINT('',(-0.01905,-0.016525,0.0145));
#4012=CARTESIAN_POINT('',(-0.02555,-0.016525,0.0145));
#4013=CARTESIAN_POINT('',(-0.02555,-0.016025,0.0145));
#4014=CARTESIAN_POINT('',(-0.02605,0.009525,0.0145));
#4015=CARTESIAN_POINT('',(-0.02605,0.016025,0.0145));
#4016=CARTESIAN_POINT('',(-0.02605,0.003025,0.0145));
#4017=CARTESIAN_POINT('',(-0.02555,0.016025,0.0145));
#4018=CARTESIAN_POINT('',(-0.02555,0.016525,0.0145));
#4019=CARTESIAN_POINT('',(-0.01905,0.016525,0.0145));
#4020=CARTESIAN_POINT('',(-0.01255,0.016525,0.0145));
#4021=CARTESIAN_POINT('',(-0.01255,0.016025,0.0145));
#4022=CARTESIAN_POINT('',(-0.01205,0.016025,0.0145));
#4023=CARTESIAN_POINT('',(-0.01205,0.009525,0.0145));
#4024=CARTESIAN_POINT('',(-0.01205,0.003025,0.0145));
#4025=CARTESIAN_POINT('',(-0.01255,0.003025,0.0145));
#4026=CARTESIAN_POINT('',(-0.01255,0.002525,0.0145));
#4027=CARTESIAN_POINT('',(-0.01905,0.002525,0.0145));
#4028=CARTESIAN_POINT('',(-0.02555,0.002525,0.0145));
#4029=CARTESIAN_POINT('',(-0.02555,0.003025,0.0145));
#4030=CARTESIAN_POINT('',(0.01205,0.009525,0.0145));
#4031=CARTESIAN_POINT('',(0.01205,0.016025,0.0145));
#4032=CARTESIAN_POINT('',(0.01205,0.003025,0.0145));
#4033=CARTESIAN_POINT('',(0.01255,0.016025,0.0145));
#4034=CARTESIAN_POINT('',(0.01255,0.016525,0.0145));
#4035=CARTESIAN_POINT('',(0.01905,0.016525,0.0145));
#4036=CARTESIAN_POINT('',(0.02555,0.016525,0.0145));
#4037=CARTESIAN_POINT('',(0.02555,0.016025,0.0145));
#4038=CARTESIAN_POINT('',(0.02605,0.016025,0.0145));
#4039=CARTESIAN_POINT('',(0.02605,0.009525,0.0145));
#4040=CARTESIAN_POINT('',(0.02605,0.003025,0.0145));
#4041=CARTESIAN_POINT('',(0.02555,0.003025,0.0145));
#4042=CARTESIAN_POINT('',(0.02555,0.002525,0.0145));
#4043=CARTESIAN_POINT('',(0.01905,0.002525,0.0145));
#4044=CARTESIAN_POINT('',(0.01255,0.002525,0.0145));
#4045=CARTESIAN_POINT('',(0.01255,0.003025,0.0145));
#4046=CARTESIAN_POINT('',(-0.00831567775458098,0.0222716275602579,0.013));
#4047=CARTESIAN_POINT('',(-0.00831567775458098,0.0107717774808407,0.013));
#4048=CARTESIAN_POINT('',(0.,0.0107717774808407,0.013));
#4049=CARTESIAN_POINT('',(-0.007,0.0107717774808407,0.013));
#4050=CARTESIAN_POINT('',(0.00831567775458098,0.0222716275602579,0.013));
#4051=CARTESIAN_POINT('',(-0.0065,0.003025,0.0145));
#4052=CARTESIAN_POINT('',(-0.007,0.003025,0.0145));
#4053=CARTESIAN_POINT('',(-0.0065,0.002525,0.0145));
#4054=CARTESIAN_POINT('',(1.7347234759768E-18,0.002525,0.0145));
#4055=CARTESIAN_POINT('',(0.0065,0.002525,0.0145));
#4056=CARTESIAN_POINT('',(0.0065,0.003025,0.0145));
#4057=CARTESIAN_POINT('',(0.007,0.003025,0.0145));
#4058=CARTESIAN_POINT('',(0.007,0.009525,0.0145));
#4059=CARTESIAN_POINT('',(-0.007,0.009525,0.0145));
#4060=CARTESIAN_POINT('',(0.01205,0.009525,0.0145));
#4061=CARTESIAN_POINT('',(0.01205,0.016025,0.0145));
#4062=CARTESIAN_POINT('',(0.01205,0.003025,0.0145));
#4063=CARTESIAN_POINT('',(0.01255,0.003025,0.0145));
#4064=CARTESIAN_POINT('',(0.01255,0.002525,0.0145));
#4065=CARTESIAN_POINT('',(0.01905,0.002525,0.0145));
#4066=CARTESIAN_POINT('',(0.02555,0.002525,0.0145));
#4067=CARTESIAN_POINT('',(0.02555,0.003025,0.0145));
#4068=CARTESIAN_POINT('',(0.02605,0.003025,0.0145));
#4069=CARTESIAN_POINT('',(0.02605,0.009525,0.0145));
#4070=CARTESIAN_POINT('',(0.02605,0.016025,0.0145));
#4071=CARTESIAN_POINT('',(0.02555,0.016025,0.0145));
#4072=CARTESIAN_POINT('',(0.02555,0.016525,0.0145));
#4073=CARTESIAN_POINT('',(0.01905,0.016525,0.0145));
#4074=CARTESIAN_POINT('',(0.01255,0.016525,0.0145));
#4075=CARTESIAN_POINT('',(0.01255,0.016025,0.0145));
#4076=CARTESIAN_POINT('',(-0.02605,0.009525,0.0145));
#4077=CARTESIAN_POINT('',(-0.02605,0.016025,0.0145));
#4078=CARTESIAN_POINT('',(-0.02605,0.003025,0.0145));
#4079=CARTESIAN_POINT('',(-0.02555,0.003025,0.0145));
#4080=CARTESIAN_POINT('',(-0.02555,0.002525,0.0145));
#4081=CARTESIAN_POINT('',(-0.01905,0.002525,0.0145));
#4082=CARTESIAN_POINT('',(-0.01255,0.002525,0.0145));
#4083=CARTESIAN_POINT('',(-0.01255,0.003025,0.0145));
#4084=CARTESIAN_POINT('',(-0.01205,0.003025,0.0145));
#4085=CARTESIAN_POINT('',(-0.01205,0.009525,0.0145));
#4086=CARTESIAN_POINT('',(-0.01205,0.016025,0.0145));
#4087=CARTESIAN_POINT('',(-0.01255,0.016025,0.0145));
#4088=CARTESIAN_POINT('',(-0.01255,0.016525,0.0145));
#4089=CARTESIAN_POINT('',(-0.01905,0.016525,0.0145));
#4090=CARTESIAN_POINT('',(-0.02555,0.016525,0.0145));
#4091=CARTESIAN_POINT('',(-0.02555,0.016025,0.0145));
#4092=CARTESIAN_POINT('',(-0.02605,-0.009525,0.0145));
#4093=CARTESIAN_POINT('',(-0.02605,-0.003025,0.0145));
#4094=CARTESIAN_POINT('',(-0.02605,-0.016025,0.0145));
#4095=CARTESIAN_POINT('',(-0.02555,-0.016025,0.0145));
#4096=CARTESIAN_POINT('',(-0.02555,-0.016525,0.0145));
#4097=CARTESIAN_POINT('',(-0.01905,-0.016525,0.0145));
#4098=CARTESIAN_POINT('',(-0.01255,-0.016525,0.0145));
#4099=CARTESIAN_POINT('',(-0.01255,-0.016025,0.0145));
#4100=CARTESIAN_POINT('',(-0.01205,-0.016025,0.0145));
#4101=CARTESIAN_POINT('',(-0.01205,-0.009525,0.0145));
#4102=CARTESIAN_POINT('',(-0.01205,-0.003025,0.0145));
#4103=CARTESIAN_POINT('',(-0.01255,-0.003025,0.0145));
#4104=CARTESIAN_POINT('',(-0.01255,-0.002525,0.0145));
#4105=CARTESIAN_POINT('',(-0.01905,-0.002525,0.0145));
#4106=CARTESIAN_POINT('',(-0.02555,-0.002525,0.0145));
#4107=CARTESIAN_POINT('',(-0.02555,-0.003025,0.0145));
#4108=CARTESIAN_POINT('',(-0.007,-0.009525,0.0145));
#4109=CARTESIAN_POINT('',(-0.007,-0.003025,0.0145));
#4110=CARTESIAN_POINT('',(-0.007,-0.016025,0.0145));
#4111=CARTESIAN_POINT('',(-0.0065,-0.016025,0.0145));
#4112=CARTESIAN_POINT('',(-0.0065,-0.016525,0.0145));
#4113=CARTESIAN_POINT('',(1.7347234759768E-18,-0.016525,0.0145));
#4114=CARTESIAN_POINT('',(0.0065,-0.016525,0.0145));
#4115=CARTESIAN_POINT('',(0.0065,-0.016025,0.0145));
#4116=CARTESIAN_POINT('',(0.007,-0.016025,0.0145));
#4117=CARTESIAN_POINT('',(0.007,-0.009525,0.0145));
#4118=CARTESIAN_POINT('',(0.007,-0.003025,0.0145));
#4119=CARTESIAN_POINT('',(0.0065,-0.003025,0.0145));
#4120=CARTESIAN_POINT('',(0.0065,-0.002525,0.0145));
#4121=CARTESIAN_POINT('',(1.7347234759768E-18,-0.002525,0.0145));
#4122=CARTESIAN_POINT('',(-0.0065,-0.002525,0.0145));
#4123=CARTESIAN_POINT('',(-0.0065,-0.003025,0.0145));
#4124=CARTESIAN_POINT('',(0.01205,-0.009525,0.0145));
#4125=CARTESIAN_POINT('',(0.01205,-0.003025,0.0145));
#4126=CARTESIAN_POINT('',(0.01205,-0.016025,0.0145));
#4127=CARTESIAN_POINT('',(0.01255,-0.016025,0.0145));
#4128=CARTESIAN_POINT('',(0.01255,-0.016525,0.0145));
#4129=CARTESIAN_POINT('',(0.01905,-0.016525,0.0145));
#4130=CARTESIAN_POINT('',(0.02555,-0.016525,0.0145));
#4131=CARTESIAN_POINT('',(0.02555,-0.016025,0.0145));
#4132=CARTESIAN_POINT('',(0.02605,-0.016025,0.0145));
#4133=CARTESIAN_POINT('',(0.02605,-0.009525,0.0145));
#4134=CARTESIAN_POINT('',(0.02605,-0.003025,0.0145));
#4135=CARTESIAN_POINT('',(0.02555,-0.003025,0.0145));
#4136=CARTESIAN_POINT('',(0.02555,-0.002525,0.0145));
#4137=CARTESIAN_POINT('',(0.01905,-0.002525,0.0145));
#4138=CARTESIAN_POINT('',(0.01255,-0.002525,0.0145));
#4139=CARTESIAN_POINT('',(0.01255,-0.003025,0.0145));
#4140=CARTESIAN_POINT('',(0.0331168864023139,0.0241897818626596,0.0145));
#4141=CARTESIAN_POINT('',(-0.0331168864023139,-0.0241897818626596,0.0145));
#4142=CARTESIAN_POINT('',(0.0331168864023139,-0.0241897818626596,0.0145));
#4143=CARTESIAN_POINT('',(-0.0331168864023139,0.0241897818626596,0.0145));
#4144=CARTESIAN_POINT('',(0.,0.,0.));
#4145=CARTESIAN_POINT('',(0.0287,-0.01915,0.004));
#4146=CARTESIAN_POINT('',(0.0287,-0.01915,0.004));
#4147=CARTESIAN_POINT('',(0.0287,-0.01915,0.004));
#4148=CARTESIAN_POINT('',(0.0287,-0.01915,0.00551));
#4149=CARTESIAN_POINT('',(0.0287,-0.01915,0.00551));
#4150=CARTESIAN_POINT('',(-0.0286,-0.01915,0.00551));
#4151=CARTESIAN_POINT('',(-0.0286,-0.01915,0.004));
#4152=CARTESIAN_POINT('',(-0.0286,-0.01915,0.004));
#4153=CARTESIAN_POINT('',(-0.119,-0.01915,0.004));
#4154=CARTESIAN_POINT('',(0.0287,0.0191,0.004));
#4155=CARTESIAN_POINT('',(0.0287,0.0191,0.004));
#4156=CARTESIAN_POINT('',(0.0287,0.0191,0.004));
#4157=CARTESIAN_POINT('',(0.0287,0.0191,0.00551));
#4158=CARTESIAN_POINT('',(0.0287,0.0191,0.00551));
#4159=CARTESIAN_POINT('',(0.0287,0.1095,0.004));
#4160=CARTESIAN_POINT('',(-0.0286,-0.01915,0.004));
#4161=CARTESIAN_POINT('',(-0.0286,-0.01915,0.00551));
#4162=CARTESIAN_POINT('',(-0.0286,0.0191,0.00551));
#4163=CARTESIAN_POINT('',(-0.0286,0.0191,0.004));
#4164=CARTESIAN_POINT('',(-0.0286,0.0191,0.004));
#4165=CARTESIAN_POINT('',(-0.0286,0.1095,0.004));
#4166=CARTESIAN_POINT('',(-0.119,0.1095,0.004));
#4167=CARTESIAN_POINT('',(-0.119,0.0191,0.004));
#4168=CARTESIAN_POINT('',(-0.02408,-0.00955,0.004));
#4169=CARTESIAN_POINT('',(-0.02493,-0.00955,0.004));
#4170=CARTESIAN_POINT('',(-0.019,-0.00955,0.004));
#4171=CARTESIAN_POINT('',(-0.021,-0.00955,0.004));
#4172=CARTESIAN_POINT('',(-0.01392,-0.00955,0.004));
#4173=CARTESIAN_POINT('',(-0.01477,-0.00955,0.004));
#4174=CARTESIAN_POINT('',(-0.02281,-0.00701,0.004));
#4175=CARTESIAN_POINT('',(-0.02356,-0.00701,0.004));
#4176=CARTESIAN_POINT('',(-0.00503,-0.00955,0.004));
#4177=CARTESIAN_POINT('',(-0.00588,-0.00955,0.004));
#4178=CARTESIAN_POINT('',(4.99999999999945E-5,-0.00955,0.004));
#4179=CARTESIAN_POINT('',(-0.00195000000000001,-0.00955,0.004));
#4180=CARTESIAN_POINT('',(-0.00376,-0.00701,0.004));
#4181=CARTESIAN_POINT('',(-0.00451,-0.00701,0.004));
#4182=CARTESIAN_POINT('',(-0.01646,-0.00447,0.004));
#4183=CARTESIAN_POINT('',(-0.01721,-0.00447,0.004));
#4184=CARTESIAN_POINT('',(-0.0076,0.00076,0.004));
#4185=CARTESIAN_POINT('',(-0.0081,0.00076,0.004));
#4186=CARTESIAN_POINT('',(0.00513,-0.00955,0.004));
#4187=CARTESIAN_POINT('',(0.00428,-0.00955,0.004));
#4188=CARTESIAN_POINT('',(0.01402,-0.00955,0.004));
#4189=CARTESIAN_POINT('',(0.01317,-0.00955,0.004));
#4190=CARTESIAN_POINT('',(0.0191,-0.00955,0.004));
#4191=CARTESIAN_POINT('',(0.0171,-0.00955,0.004));
#4192=CARTESIAN_POINT('',(0.02418,-0.00955,0.004));
#4193=CARTESIAN_POINT('',(0.02333,-0.00955,0.004));
#4194=CARTESIAN_POINT('',(0.01529,-0.00701,0.004));
#4195=CARTESIAN_POINT('',(0.01454,-0.00701,0.004));
#4196=CARTESIAN_POINT('',(0.00259,-0.00447,0.004));
#4197=CARTESIAN_POINT('',(0.00184,-0.00447,0.004));
#4198=CARTESIAN_POINT('',(0.00765,0.00076,0.004));
#4199=CARTESIAN_POINT('',(0.00715,0.00076,0.004));
#4200=CARTESIAN_POINT('',(0.02164,-0.00447,0.004));
#4201=CARTESIAN_POINT('',(0.02089,-0.00447,0.004));
#4202=CARTESIAN_POINT('',(-0.0076,0.0033,0.004));
#4203=CARTESIAN_POINT('',(-0.0081,0.0033,0.004));
#4204=CARTESIAN_POINT('',(-0.0076,0.00584,0.004));
#4205=CARTESIAN_POINT('',(-0.0081,0.00584,0.004));
#4206=CARTESIAN_POINT('',(-0.0076,0.00838,0.004));
#4207=CARTESIAN_POINT('',(-0.0081,0.00838,0.004));
#4208=CARTESIAN_POINT('',(-0.02408,0.0095,0.004));
#4209=CARTESIAN_POINT('',(-0.02493,0.0095,0.004));
#4210=CARTESIAN_POINT('',(-0.019,0.0095,0.004));
#4211=CARTESIAN_POINT('',(-0.021,0.0095,0.004));
#4212=CARTESIAN_POINT('',(-0.02281,0.01204,0.004));
#4213=CARTESIAN_POINT('',(-0.02356,0.01204,0.004));
#4214=CARTESIAN_POINT('',(-0.01392,0.0095,0.004));
#4215=CARTESIAN_POINT('',(-0.01477,0.0095,0.004));
#4216=CARTESIAN_POINT('',(-0.01646,0.01458,0.004));
#4217=CARTESIAN_POINT('',(-0.01721,0.01458,0.004));
#4218=CARTESIAN_POINT('',(-0.0076,0.01092,0.004));
#4219=CARTESIAN_POINT('',(-0.0081,0.01092,0.004));
#4220=CARTESIAN_POINT('',(-0.00503,0.0095,0.004));
#4221=CARTESIAN_POINT('',(-0.00588,0.0095,0.004));
#4222=CARTESIAN_POINT('',(4.99999999999945E-5,0.0095,0.004));
#4223=CARTESIAN_POINT('',(-0.00195000000000001,0.0095,0.004));
#4224=CARTESIAN_POINT('',(-0.00376,0.01204,0.004));
#4225=CARTESIAN_POINT('',(-0.00451,0.01204,0.004));
#4226=CARTESIAN_POINT('',(-0.0076,0.01346,0.004));
#4227=CARTESIAN_POINT('',(-0.0081,0.01346,0.004));
#4228=CARTESIAN_POINT('',(-0.0076,0.016,0.004));
#4229=CARTESIAN_POINT('',(-0.0081,0.016,0.004));
#4230=CARTESIAN_POINT('',(0.00765,0.0033,0.004));
#4231=CARTESIAN_POINT('',(0.00715,0.0033,0.004));
#4232=CARTESIAN_POINT('',(0.00765,0.00584,0.004));
#4233=CARTESIAN_POINT('',(0.00715,0.00584,0.004));
#4234=CARTESIAN_POINT('',(0.00765,0.00838,0.004));
#4235=CARTESIAN_POINT('',(0.00715,0.00838,0.004));
#4236=CARTESIAN_POINT('',(0.0125,0.007,0.004));
#4237=CARTESIAN_POINT('',(0.012,0.007,0.004));
#4238=CARTESIAN_POINT('',(0.02065,0.00465,0.004));
#4239=CARTESIAN_POINT('',(0.01935,0.00465,0.004));
#4240=CARTESIAN_POINT('',(0.02065,0.00465,0.004));
#4241=CARTESIAN_POINT('',(0.01935,0.0039,0.004));
#4242=CARTESIAN_POINT('',(0.01935,0.00315,0.004));
#4243=CARTESIAN_POINT('',(0.01935,0.00315,0.004));
#4244=CARTESIAN_POINT('',(0.02065,0.00315,0.004));
#4245=CARTESIAN_POINT('',(0.02065,0.0039,0.004));
#4246=CARTESIAN_POINT('',(0.027,0.007,0.004));
#4247=CARTESIAN_POINT('',(0.0265,0.007,0.004));
#4248=CARTESIAN_POINT('',(0.00513,0.0095,0.004));
#4249=CARTESIAN_POINT('',(0.00428,0.0095,0.004));
#4250=CARTESIAN_POINT('',(0.00765,0.01092,0.004));
#4251=CARTESIAN_POINT('',(0.00715,0.01092,0.004));
#4252=CARTESIAN_POINT('',(0.0125,0.0095,0.004));
#4253=CARTESIAN_POINT('',(0.012,0.0095,0.004));
#4254=CARTESIAN_POINT('',(0.0125,0.012,0.004));
#4255=CARTESIAN_POINT('',(0.012,0.012,0.004));
#4256=CARTESIAN_POINT('',(0.00259,0.01458,0.004));
#4257=CARTESIAN_POINT('',(0.00184,0.01458,0.004));
#4258=CARTESIAN_POINT('',(0.00765,0.01346,0.004));
#4259=CARTESIAN_POINT('',(0.00715,0.01346,0.004));
#4260=CARTESIAN_POINT('',(0.00765,0.016,0.004));
#4261=CARTESIAN_POINT('',(0.00715,0.016,0.004));
#4262=CARTESIAN_POINT('',(0.027,0.012,0.004));
#4263=CARTESIAN_POINT('',(0.0265,0.012,0.004));
#4264=CARTESIAN_POINT('',(0.02065,0.01585,0.004));
#4265=CARTESIAN_POINT('',(0.01935,0.01585,0.004));
#4266=CARTESIAN_POINT('',(0.02065,0.01585,0.004));
#4267=CARTESIAN_POINT('',(0.01935,0.0151,0.004));
#4268=CARTESIAN_POINT('',(0.01935,0.01435,0.004));
#4269=CARTESIAN_POINT('',(0.01935,0.01435,0.004));
#4270=CARTESIAN_POINT('',(0.02065,0.01435,0.004));
#4271=CARTESIAN_POINT('',(0.02065,0.0151,0.004));
#4272=CARTESIAN_POINT('',(-0.119,0.1095,0.00551));
#4273=CARTESIAN_POINT('',(-0.0286,0.0191,0.00551));
#4274=CARTESIAN_POINT('',(-0.02408,-0.00955,0.00551));
#4275=CARTESIAN_POINT('',(-0.02493,-0.00955,0.00551));
#4276=CARTESIAN_POINT('',(-0.019,-0.00955,0.00551));
#4277=CARTESIAN_POINT('',(-0.021,-0.00955,0.00551));
#4278=CARTESIAN_POINT('',(-0.01392,-0.00955,0.00551));
#4279=CARTESIAN_POINT('',(-0.01477,-0.00955,0.00551));
#4280=CARTESIAN_POINT('',(-0.02281,-0.00701,0.00551));
#4281=CARTESIAN_POINT('',(-0.02356,-0.00701,0.00551));
#4282=CARTESIAN_POINT('',(-0.00503,-0.00955,0.00551));
#4283=CARTESIAN_POINT('',(-0.00588,-0.00955,0.00551));
#4284=CARTESIAN_POINT('',(4.99999999999945E-5,-0.00955,0.00551));
#4285=CARTESIAN_POINT('',(-0.00195000000000001,-0.00955,0.00551));
#4286=CARTESIAN_POINT('',(-0.00376,-0.00701,0.00551));
#4287=CARTESIAN_POINT('',(-0.00451,-0.00701,0.00551));
#4288=CARTESIAN_POINT('',(-0.01646,-0.00447,0.00551));
#4289=CARTESIAN_POINT('',(-0.01721,-0.00447,0.00551));
#4290=CARTESIAN_POINT('',(-0.0076,0.00076,0.00551));
#4291=CARTESIAN_POINT('',(-0.0081,0.00076,0.00551));
#4292=CARTESIAN_POINT('',(0.00513,-0.00955,0.00551));
#4293=CARTESIAN_POINT('',(0.00428,-0.00955,0.00551));
#4294=CARTESIAN_POINT('',(0.01402,-0.00955,0.00551));
#4295=CARTESIAN_POINT('',(0.01317,-0.00955,0.00551));
#4296=CARTESIAN_POINT('',(0.0191,-0.00955,0.00551));
#4297=CARTESIAN_POINT('',(0.0171,-0.00955,0.00551));
#4298=CARTESIAN_POINT('',(0.02418,-0.00955,0.00551));
#4299=CARTESIAN_POINT('',(0.02333,-0.00955,0.00551));
#4300=CARTESIAN_POINT('',(0.01529,-0.00701,0.00551));
#4301=CARTESIAN_POINT('',(0.01454,-0.00701,0.00551));
#4302=CARTESIAN_POINT('',(0.00259,-0.00447,0.00551));
#4303=CARTESIAN_POINT('',(0.00184,-0.00447,0.00551));
#4304=CARTESIAN_POINT('',(0.00765,0.00076,0.00551));
#4305=CARTESIAN_POINT('',(0.00715,0.00076,0.00551));
#4306=CARTESIAN_POINT('',(0.02164,-0.00447,0.00551));
#4307=CARTESIAN_POINT('',(0.02089,-0.00447,0.00551));
#4308=CARTESIAN_POINT('',(-0.0076,0.0033,0.00551));
#4309=CARTESIAN_POINT('',(-0.0081,0.0033,0.00551));
#4310=CARTESIAN_POINT('',(-0.0076,0.00584,0.00551));
#4311=CARTESIAN_POINT('',(-0.0081,0.00584,0.00551));
#4312=CARTESIAN_POINT('',(-0.0076,0.00838,0.00551));
#4313=CARTESIAN_POINT('',(-0.0081,0.00838,0.00551));
#4314=CARTESIAN_POINT('',(-0.02408,0.0095,0.00551));
#4315=CARTESIAN_POINT('',(-0.02493,0.0095,0.00551));
#4316=CARTESIAN_POINT('',(-0.019,0.0095,0.00551));
#4317=CARTESIAN_POINT('',(-0.021,0.0095,0.00551));
#4318=CARTESIAN_POINT('',(-0.02281,0.01204,0.00551));
#4319=CARTESIAN_POINT('',(-0.02356,0.01204,0.00551));
#4320=CARTESIAN_POINT('',(-0.01392,0.0095,0.00551));
#4321=CARTESIAN_POINT('',(-0.01477,0.0095,0.00551));
#4322=CARTESIAN_POINT('',(-0.01646,0.01458,0.00551));
#4323=CARTESIAN_POINT('',(-0.01721,0.01458,0.00551));
#4324=CARTESIAN_POINT('',(-0.0076,0.01092,0.00551));
#4325=CARTESIAN_POINT('',(-0.0081,0.01092,0.00551));
#4326=CARTESIAN_POINT('',(-0.00503,0.0095,0.00551));
#4327=CARTESIAN_POINT('',(-0.00588,0.0095,0.00551));
#4328=CARTESIAN_POINT('',(4.99999999999945E-5,0.0095,0.00551));
#4329=CARTESIAN_POINT('',(-0.00195000000000001,0.0095,0.00551));
#4330=CARTESIAN_POINT('',(-0.00376,0.01204,0.00551));
#4331=CARTESIAN_POINT('',(-0.00451,0.01204,0.00551));
#4332=CARTESIAN_POINT('',(-0.0076,0.01346,0.00551));
#4333=CARTESIAN_POINT('',(-0.0081,0.01346,0.00551));
#4334=CARTESIAN_POINT('',(-0.0076,0.016,0.00551));
#4335=CARTESIAN_POINT('',(-0.0081,0.016,0.00551));
#4336=CARTESIAN_POINT('',(0.00765,0.0033,0.00551));
#4337=CARTESIAN_POINT('',(0.00715,0.0033,0.00551));
#4338=CARTESIAN_POINT('',(0.00765,0.00584,0.00551));
#4339=CARTESIAN_POINT('',(0.00715,0.00584,0.00551));
#4340=CARTESIAN_POINT('',(0.00765,0.00838,0.00551));
#4341=CARTESIAN_POINT('',(0.00715,0.00838,0.00551));
#4342=CARTESIAN_POINT('',(0.0125,0.007,0.00551));
#4343=CARTESIAN_POINT('',(0.012,0.007,0.00551));
#4344=CARTESIAN_POINT('',(0.02065,0.0039,0.00551));
#4345=CARTESIAN_POINT('',(0.02065,0.00465,0.00551));
#4346=CARTESIAN_POINT('',(0.02065,0.00315,0.00551));
#4347=CARTESIAN_POINT('',(-0.119,0.00315,0.00551));
#4348=CARTESIAN_POINT('',(0.01935,0.00315,0.00551));
#4349=CARTESIAN_POINT('',(0.01935,0.0039,0.00551));
#4350=CARTESIAN_POINT('',(0.01935,0.00465,0.00551));
#4351=CARTESIAN_POINT('',(-0.119,0.00465,0.00551));
#4352=CARTESIAN_POINT('',(0.027,0.007,0.00551));
#4353=CARTESIAN_POINT('',(0.0265,0.007,0.00551));
#4354=CARTESIAN_POINT('',(0.00513,0.0095,0.00551));
#4355=CARTESIAN_POINT('',(0.00428,0.0095,0.00551));
#4356=CARTESIAN_POINT('',(0.00765,0.01092,0.00551));
#4357=CARTESIAN_POINT('',(0.00715,0.01092,0.00551));
#4358=CARTESIAN_POINT('',(0.0125,0.0095,0.00551));
#4359=CARTESIAN_POINT('',(0.012,0.0095,0.00551));
#4360=CARTESIAN_POINT('',(0.0125,0.012,0.00551));
#4361=CARTESIAN_POINT('',(0.012,0.012,0.00551));
#4362=CARTESIAN_POINT('',(0.00259,0.01458,0.00551));
#4363=CARTESIAN_POINT('',(0.00184,0.01458,0.00551));
#4364=CARTESIAN_POINT('',(0.00765,0.01346,0.00551));
#4365=CARTESIAN_POINT('',(0.00715,0.01346,0.00551));
#4366=CARTESIAN_POINT('',(0.00765,0.016,0.00551));
#4367=CARTESIAN_POINT('',(0.00715,0.016,0.00551));
#4368=CARTESIAN_POINT('',(0.027,0.012,0.00551));
#4369=CARTESIAN_POINT('',(0.0265,0.012,0.00551));
#4370=CARTESIAN_POINT('',(0.02065,0.0151,0.00551));
#4371=CARTESIAN_POINT('',(0.02065,0.01585,0.00551));
#4372=CARTESIAN_POINT('',(0.02065,0.01435,0.00551));
#4373=CARTESIAN_POINT('',(-0.119,0.01435,0.00551));
#4374=CARTESIAN_POINT('',(0.01935,0.01435,0.00551));
#4375=CARTESIAN_POINT('',(0.01935,0.0151,0.00551));
#4376=CARTESIAN_POINT('',(0.01935,0.01585,0.00551));
#4377=CARTESIAN_POINT('',(-0.119,0.01585,0.00551));
#4378=CARTESIAN_POINT('',(-0.0286,0.0191,0.004));
#4379=CARTESIAN_POINT('',(-0.02408,-0.00955,0.003954));
#4380=CARTESIAN_POINT('',(-0.019,-0.00955,0.003954));
#4381=CARTESIAN_POINT('',(-0.01392,-0.00955,0.003954));
#4382=CARTESIAN_POINT('',(-0.02281,-0.00701,0.003954));
#4383=CARTESIAN_POINT('',(-0.00503,-0.00955,0.003954));
#4384=CARTESIAN_POINT('',(4.99999999999945E-5,-0.00955,0.003954));
#4385=CARTESIAN_POINT('',(-0.00376,-0.00701,0.003954));
#4386=CARTESIAN_POINT('',(-0.01646,-0.00447,0.003954));
#4387=CARTESIAN_POINT('',(-0.0076,0.00076,0.003954));
#4388=CARTESIAN_POINT('',(0.00513,-0.00955,0.003954));
#4389=CARTESIAN_POINT('',(0.01402,-0.00955,0.003954));
#4390=CARTESIAN_POINT('',(0.0191,-0.00955,0.003954));
#4391=CARTESIAN_POINT('',(0.02418,-0.00955,0.003954));
#4392=CARTESIAN_POINT('',(0.01529,-0.00701,0.003954));
#4393=CARTESIAN_POINT('',(0.00259,-0.00447,0.003954));
#4394=CARTESIAN_POINT('',(0.00765,0.00076,0.003954));
#4395=CARTESIAN_POINT('',(0.02164,-0.00447,0.003954));
#4396=CARTESIAN_POINT('',(-0.0076,0.0033,0.003954));
#4397=CARTESIAN_POINT('',(-0.0076,0.00584,0.003954));
#4398=CARTESIAN_POINT('',(-0.0076,0.00838,0.003954));
#4399=CARTESIAN_POINT('',(-0.02408,0.0095,0.003954));
#4400=CARTESIAN_POINT('',(-0.019,0.0095,0.003954));
#4401=CARTESIAN_POINT('',(-0.02281,0.01204,0.003954));
#4402=CARTESIAN_POINT('',(-0.01392,0.0095,0.003954));
#4403=CARTESIAN_POINT('',(-0.01646,0.01458,0.003954));
#4404=CARTESIAN_POINT('',(-0.0076,0.01092,0.003954));
#4405=CARTESIAN_POINT('',(-0.00503,0.0095,0.003954));
#4406=CARTESIAN_POINT('',(4.99999999999945E-5,0.0095,0.003954));
#4407=CARTESIAN_POINT('',(-0.00376,0.01204,0.003954));
#4408=CARTESIAN_POINT('',(-0.0076,0.01346,0.003954));
#4409=CARTESIAN_POINT('',(-0.0076,0.016,0.003954));
#4410=CARTESIAN_POINT('',(0.00765,0.0033,0.003954));
#4411=CARTESIAN_POINT('',(0.00765,0.00584,0.003954));
#4412=CARTESIAN_POINT('',(0.00765,0.00838,0.003954));
#4413=CARTESIAN_POINT('',(0.0125,0.007,0.003954));
#4414=CARTESIAN_POINT('',(0.02065,0.0039,0.003954));
#4415=CARTESIAN_POINT('',(0.02065,0.00315,0.003954));
#4416=CARTESIAN_POINT('',(0.02065,0.00465,0.003954));
#4417=CARTESIAN_POINT('',(0.02065,0.00465,0.003954));
#4418=CARTESIAN_POINT('',(0.01935,0.00465,0.003954));
#4419=CARTESIAN_POINT('',(0.01935,0.0039,0.003954));
#4420=CARTESIAN_POINT('',(0.01935,0.00315,0.003954));
#4421=CARTESIAN_POINT('',(0.01935,0.00315,0.003954));
#4422=CARTESIAN_POINT('',(0.027,0.007,0.003954));
#4423=CARTESIAN_POINT('',(0.00513,0.0095,0.003954));
#4424=CARTESIAN_POINT('',(0.00765,0.01092,0.003954));
#4425=CARTESIAN_POINT('',(0.0125,0.0095,0.003954));
#4426=CARTESIAN_POINT('',(0.0125,0.012,0.003954));
#4427=CARTESIAN_POINT('',(0.00259,0.01458,0.003954));
#4428=CARTESIAN_POINT('',(0.00765,0.01346,0.003954));
#4429=CARTESIAN_POINT('',(0.00765,0.016,0.003954));
#4430=CARTESIAN_POINT('',(0.027,0.012,0.003954));
#4431=CARTESIAN_POINT('',(0.02065,0.0151,0.003954));
#4432=CARTESIAN_POINT('',(0.02065,0.01435,0.003954));
#4433=CARTESIAN_POINT('',(0.02065,0.01585,0.003954));
#4434=CARTESIAN_POINT('',(0.02065,0.01585,0.003954));
#4435=CARTESIAN_POINT('',(0.01935,0.01585,0.003954));
#4436=CARTESIAN_POINT('',(0.01935,0.0151,0.003954));
#4437=CARTESIAN_POINT('',(0.01935,0.01435,0.003954));
#4438=CARTESIAN_POINT('',(0.01935,0.01435,0.003954));
#4439=CARTESIAN_POINT('',(0.,0.,0.));
#4440=CARTESIAN_POINT('',(0.,0.0195,0.));
#4441=CARTESIAN_POINT('',(0.,0.0195,0.003));
#4442=CARTESIAN_POINT('',(0.029,0.0195,0.003));
#4443=CARTESIAN_POINT('',(0.00831567775458098,0.0195,0.003));
#4444=CARTESIAN_POINT('',(0.029,0.0195,0.));
#4445=CARTESIAN_POINT('',(0.029,0.0195,0.013));
#4446=CARTESIAN_POINT('',(0.,0.0195,0.013));
#4447=CARTESIAN_POINT('',(0.00831567775458098,0.0195,0.013));
#4448=CARTESIAN_POINT('',(0.00831567775458098,0.0195,0.013));
#4449=CARTESIAN_POINT('',(-0.029,3.46944695195361E-18,0.));
#4450=CARTESIAN_POINT('',(-0.029,-0.0195,0.));
#4451=CARTESIAN_POINT('',(-0.029,-0.0195,0.013));
#4452=CARTESIAN_POINT('',(-0.029,-0.0195,0.003));
#4453=CARTESIAN_POINT('',(-0.029,3.46944695195361E-18,0.003));
#4454=CARTESIAN_POINT('',(-0.029,0.0195,0.003));
#4455=CARTESIAN_POINT('',(-0.029,0.0195,0.));
#4456=CARTESIAN_POINT('',(-0.029,0.0195,0.013));
#4457=CARTESIAN_POINT('',(-0.029,0.,0.013));
#4458=CARTESIAN_POINT('',(0.,-0.0195,0.));
#4459=CARTESIAN_POINT('',(0.029,-0.0195,0.));
#4460=CARTESIAN_POINT('',(0.029,-0.0195,0.013));
#4461=CARTESIAN_POINT('',(0.029,-0.0195,0.003));
#4462=CARTESIAN_POINT('',(0.,-0.0195,0.003));
#4463=CARTESIAN_POINT('',(0.,-0.0195,0.013));
#4464=CARTESIAN_POINT('',(0.,0.0195,0.));
#4465=CARTESIAN_POINT('',(0.,0.0195,0.003));
#4466=CARTESIAN_POINT('',(-0.00831567775458098,0.0195,0.003));
#4467=CARTESIAN_POINT('',(-0.00831567775458098,0.0195,0.013));
#4468=CARTESIAN_POINT('',(-0.00831567775458098,0.0195,0.013));
#4469=CARTESIAN_POINT('',(0.,0.0195,0.013));
#4470=CARTESIAN_POINT('',(-0.039,0.,0.));
#4471=CARTESIAN_POINT('',(-0.039,-0.0295,0.));
#4472=CARTESIAN_POINT('',(-0.039,-0.0295,0.013));
#4473=CARTESIAN_POINT('',(-0.039,-0.0295,0.));
#4474=CARTESIAN_POINT('',(-0.039,0.,0.013));
#4475=CARTESIAN_POINT('',(-0.039,0.0295,0.013));
#4476=CARTESIAN_POINT('',(-0.039,0.0295,0.));
#4477=CARTESIAN_POINT('',(-0.039,0.0295,0.));
#4478=CARTESIAN_POINT('',(-0.039,0.,0.));
#4479=CARTESIAN_POINT('',(0.,0.0295,0.));
#4480=CARTESIAN_POINT('',(-0.00831567775458098,0.0295,0.013));
#4481=CARTESIAN_POINT('',(-0.00831567775458098,0.0295,0.003));
#4482=CARTESIAN_POINT('',(-0.00831567775458098,0.0295,0.013));
#4483=CARTESIAN_POINT('',(0.,0.0295,0.003));
#4484=CARTESIAN_POINT('',(0.00831567775458098,0.0295,0.003));
#4485=CARTESIAN_POINT('',(0.00831567775458098,0.0295,0.013));
#4486=CARTESIAN_POINT('',(0.00831567775458098,0.0295,0.013));
#4487=CARTESIAN_POINT('',(0.,0.0295,0.013));
#4488=CARTESIAN_POINT('',(0.039,0.0295,0.013));
#4489=CARTESIAN_POINT('',(0.039,0.0295,0.));
#4490=CARTESIAN_POINT('',(0.039,0.0295,0.));
#4491=CARTESIAN_POINT('',(0.,0.0295,0.));
#4492=CARTESIAN_POINT('',(0.,0.0295,0.013));
#4493=CARTESIAN_POINT('',(0.039,0.,0.));
#4494=CARTESIAN_POINT('',(0.039,0.,0.013));
#4495=CARTESIAN_POINT('',(0.039,-0.0295,0.013));
#4496=CARTESIAN_POINT('',(0.039,-0.0295,0.));
#4497=CARTESIAN_POINT('',(0.039,-0.0295,0.));
#4498=CARTESIAN_POINT('',(0.039,0.,0.));
#4499=CARTESIAN_POINT('',(0.,-0.0295,0.));
#4500=CARTESIAN_POINT('',(0.,-0.0295,0.013));
#4501=CARTESIAN_POINT('',(0.,-0.0295,0.));
#4502=CARTESIAN_POINT('',(0.029,3.46944695195361E-18,0.));
#4503=CARTESIAN_POINT('',(0.029,3.46944695195361E-18,0.003));
#4504=CARTESIAN_POINT('',(0.029,0.,0.013));
#4505=CARTESIAN_POINT('',(0.,0.,0.));
#4506=CARTESIAN_POINT('',(-0.0331168864023139,0.0241897818626596,0.));
#4507=CARTESIAN_POINT('',(-0.0354668864023139,0.0241897818626596,0.));
#4508=CARTESIAN_POINT('',(0.0331168864023139,-0.0241897818626596,0.));
#4509=CARTESIAN_POINT('',(0.0307668864023139,-0.0241897818626596,0.));
#4510=CARTESIAN_POINT('',(-0.0331168864023139,-0.0241897818626596,0.));
#4511=CARTESIAN_POINT('',(-0.0354668864023139,-0.0241897818626596,0.));
#4512=CARTESIAN_POINT('',(0.0331168864023139,0.0241897818626596,0.));
#4513=CARTESIAN_POINT('',(0.0307668864023139,0.0241897818626596,0.));
#4514=CARTESIAN_POINT('',(0.,0.,0.013));
#4515=CARTESIAN_POINT('',(-0.0331168864023139,0.0241897818626596,0.013));
#4516=CARTESIAN_POINT('',(-0.0354668864023139,0.0241897818626596,0.013));
#4517=CARTESIAN_POINT('',(0.0331168864023139,-0.0241897818626596,0.013));
#4518=CARTESIAN_POINT('',(0.0307668864023139,-0.0241897818626596,0.013));
#4519=CARTESIAN_POINT('',(-0.0331168864023139,-0.0241897818626596,0.013));
#4520=CARTESIAN_POINT('',(-0.0354668864023139,-0.0241897818626596,0.013));
#4521=CARTESIAN_POINT('',(0.0331168864023139,0.0241897818626596,0.013));
#4522=CARTESIAN_POINT('',(0.0307668864023139,0.0241897818626596,0.013));
#4523=CARTESIAN_POINT('',(0.00831567775458098,0.0222716275602579,0.013));
#4524=CARTESIAN_POINT('',(-0.00831567775458098,0.0222716275602579,0.013));
#4525=CARTESIAN_POINT('',(-0.00831567775458098,0.0222716275602579,0.013));
#4526=CARTESIAN_POINT('',(-0.00831567775458098,0.00213573881983757,0.003));
#4527=CARTESIAN_POINT('',(0.00831567775458098,0.0222716275602579,0.013));
#4528=CARTESIAN_POINT('',(0.00831567775458098,0.00213573881983757,0.003));
#4529=CARTESIAN_POINT('',(0.,0.00213573881983757,0.003));
#4530=CARTESIAN_POINT('',(0.0331168864023139,0.0241897818626596,0.0145));
#4531=CARTESIAN_POINT('',(-0.0331168864023139,-0.0241897818626596,0.0145));
#4532=CARTESIAN_POINT('',(0.0331168864023139,-0.0241897818626596,0.0145));
#4533=CARTESIAN_POINT('',(-0.0331168864023139,0.0241897818626596,0.0145));
#4534=MECHANICAL_DESIGN_GEOMETRIC_PRESENTATION_REPRESENTATION('',(#2697),
#4537);
#4535=MECHANICAL_DESIGN_GEOMETRIC_PRESENTATION_REPRESENTATION('',(#2698),
#4538);
#4536=MECHANICAL_DESIGN_GEOMETRIC_PRESENTATION_REPRESENTATION('',(#2699),
#4539);
#4537=(
GEOMETRIC_REPRESENTATION_CONTEXT(3)
GLOBAL_UNCERTAINTY_ASSIGNED_CONTEXT((#4540))
GLOBAL_UNIT_ASSIGNED_CONTEXT((#4549,#4546,#4543))
REPRESENTATION_CONTEXT('Lid','TOP_LEVEL_ASSEMBLY_PART')
);
#4538=(
GEOMETRIC_REPRESENTATION_CONTEXT(3)
GLOBAL_UNCERTAINTY_ASSIGNED_CONTEXT((#4541))
GLOBAL_UNIT_ASSIGNED_CONTEXT((#4550,#4547,#4544))
REPRESENTATION_CONTEXT('PCB','TOP_LEVEL_ASSEMBLY_PART')
);
#4539=(
GEOMETRIC_REPRESENTATION_CONTEXT(3)
GLOBAL_UNCERTAINTY_ASSIGNED_CONTEXT((#4542))
GLOBAL_UNIT_ASSIGNED_CONTEXT((#4551,#4548,#4545))
REPRESENTATION_CONTEXT('Base','TOP_LEVEL_ASSEMBLY_PART')
);
#4540=UNCERTAINTY_MEASURE_WITH_UNIT(LENGTH_MEASURE(1.E-8),#4549,
'DISTANCE_ACCURACY_VALUE','Maximum Tolerance applied to model');
#4541=UNCERTAINTY_MEASURE_WITH_UNIT(LENGTH_MEASURE(1.E-8),#4550,
'DISTANCE_ACCURACY_VALUE','Maximum Tolerance applied to model');
#4542=UNCERTAINTY_MEASURE_WITH_UNIT(LENGTH_MEASURE(1.E-8),#4551,
'DISTANCE_ACCURACY_VALUE','Maximum Tolerance applied to model');
#4543=(
NAMED_UNIT(*)
SI_UNIT($,.STERADIAN.)
SOLID_ANGLE_UNIT()
);
#4544=(
NAMED_UNIT(*)
SI_UNIT($,.STERADIAN.)
SOLID_ANGLE_UNIT()
);
#4545=(
NAMED_UNIT(*)
SI_UNIT($,.STERADIAN.)
SOLID_ANGLE_UNIT()
);
#4546=(
NAMED_UNIT(*)
PLANE_ANGLE_UNIT()
SI_UNIT($,.RADIAN.)
);
#4547=(
NAMED_UNIT(*)
PLANE_ANGLE_UNIT()
SI_UNIT($,.RADIAN.)
);
#4548=(
NAMED_UNIT(*)
PLANE_ANGLE_UNIT()
SI_UNIT($,.RADIAN.)
);
#4549=(
LENGTH_UNIT()
NAMED_UNIT(*)
SI_UNIT($,.METRE.)
);
#4550=(
LENGTH_UNIT()
NAMED_UNIT(*)
SI_UNIT($,.METRE.)
);
#4551=(
LENGTH_UNIT()
NAMED_UNIT(*)
SI_UNIT($,.METRE.)
);
#4552=PRODUCT_DEFINITION_SHAPE('','',#4555);
#4553=PRODUCT_DEFINITION_SHAPE('','',#4556);
#4554=PRODUCT_DEFINITION_SHAPE('','',#4557);
#4555=PRODUCT_DEFINITION('','',#4561,#4558);
#4556=PRODUCT_DEFINITION('','',#4562,#4559);
#4557=PRODUCT_DEFINITION('','',#4563,#4560);
#4558=PRODUCT_DEFINITION_CONTEXT('',#4579,'design');
#4559=PRODUCT_DEFINITION_CONTEXT('',#4580,'design');
#4560=PRODUCT_DEFINITION_CONTEXT('',#4581,'design');
#4561=PRODUCT_DEFINITION_FORMATION_WITH_SPECIFIED_SOURCE('','',#4567,
 .NOT_KNOWN.);
#4562=PRODUCT_DEFINITION_FORMATION_WITH_SPECIFIED_SOURCE('','',#4568,
 .NOT_KNOWN.);
#4563=PRODUCT_DEFINITION_FORMATION_WITH_SPECIFIED_SOURCE('','',#4569,
 .NOT_KNOWN.);
#4564=PRODUCT_RELATED_PRODUCT_CATEGORY('','',(#4567));
#4565=PRODUCT_RELATED_PRODUCT_CATEGORY('','',(#4568));
#4566=PRODUCT_RELATED_PRODUCT_CATEGORY('','',(#4569));
#4567=PRODUCT('Lid','Lid','Lid',(#4573));
#4568=PRODUCT('PCB','PCB','PCB',(#4574));
#4569=PRODUCT('Base','Base','Base',(#4575));
#4570=PRODUCT_CATEGORY('','');
#4571=PRODUCT_CATEGORY('','');
#4572=PRODUCT_CATEGORY('','');
#4573=PRODUCT_CONTEXT('',#4579,'mechanical');
#4574=PRODUCT_CONTEXT('',#4580,'mechanical');
#4575=PRODUCT_CONTEXT('',#4581,'mechanical');
#4576=APPLICATION_PROTOCOL_DEFINITION('international standard',
'ap242_managed_model_based_3d_engineering',2020,#4579);
#4577=APPLICATION_PROTOCOL_DEFINITION('international standard',
'ap242_managed_model_based_3d_engineering',2020,#4580);
#4578=APPLICATION_PROTOCOL_DEFINITION('international standard',
'ap242_managed_model_based_3d_engineering',2020,#4581);
#4579=APPLICATION_CONTEXT('managed model based 3d engineering');
#4580=APPLICATION_CONTEXT('managed model based 3d engineering');
#4581=APPLICATION_CONTEXT('managed model based 3d engineering');
ENDSEC;
END-ISO-10303-21;
